crop,district,date,price,demand_index,source
Wheat,Nashik,2026-03-09,2576.42,0.89,mandi_simulated
Wheat,Pune,2026-03-09,2602.71,0.89,mandi_simulated
Wheat,Karnal,2026-03-09,2550.13,0.89,mandi_simulated
Wheat,Ludhiana,2026-03-09,2576.42,0.89,mandi_simulated
Wheat,Nagpur,2026-03-09,2681.58,0.89,mandi_simulated
Wheat,Ahmedabad,2026-03-09,2550.13,0.89,mandi_simulated
Wheat,Indore,2026-03-09,2550.13,0.89,mandi_simulated
Wheat,Jaipur,2026-03-09,2550.13,0.89,mandi_simulated
Wheat,Hyderabad,2026-03-09,2576.42,0.89,mandi_simulated
Wheat,Bengaluru,2026-03-09,2707.87,0.89,mandi_simulated
Wheat,Nashik,2026-03-10,2464.86,0.9,mandi_simulated
Wheat,Pune,2026-03-10,2490.01,0.9,mandi_simulated
Wheat,Karnal,2026-03-10,2439.71,0.9,mandi_simulated
Wheat,Ludhiana,2026-03-10,2464.86,0.9,mandi_simulated
Wheat,Nagpur,2026-03-10,2565.46,0.9,mandi_simulated
Wheat,Ahmedabad,2026-03-10,2439.71,0.9,mandi_simulated
Wheat,Indore,2026-03-10,2439.71,0.9,mandi_simulated
Wheat,Jaipur,2026-03-10,2439.71,0.9,mandi_simulated
Wheat,Hyderabad,2026-03-10,2464.86,0.9,mandi_simulated
Wheat,Bengaluru,2026-03-10,2590.62,0.9,mandi_simulated
Wheat,Nashik,2026-03-11,2530.0,0.91,mandi_simulated
Wheat,Pune,2026-03-11,2555.82,0.91,mandi_simulated
Wheat,Karnal,2026-03-11,2504.18,0.91,mandi_simulated
Wheat,Ludhiana,2026-03-11,2530.0,0.91,mandi_simulated
Wheat,Nagpur,2026-03-11,2633.27,0.91,mandi_simulated
Wheat,Ahmedabad,2026-03-11,2504.18,0.91,mandi_simulated
Wheat,Indore,2026-03-11,2504.18,0.91,mandi_simulated
Wheat,Jaipur,2026-03-11,2504.18,0.91,mandi_simulated
Wheat,Hyderabad,2026-03-11,2530.0,0.91,mandi_simulated
Wheat,Bengaluru,2026-03-11,2659.08,0.91,mandi_simulated
Wheat,Nashik,2026-03-12,2533.02,0.92,mandi_simulated
Wheat,Pune,2026-03-12,2558.87,0.92,mandi_simulated
Wheat,Karnal,2026-03-12,2507.17,0.92,mandi_simulated
Wheat,Ludhiana,2026-03-12,2533.02,0.92,mandi_simulated
Wheat,Nagpur,2026-03-12,2636.41,0.92,mandi_simulated
Wheat,Ahmedabad,2026-03-12,2507.17,0.92,mandi_simulated
Wheat,Indore,2026-03-12,2507.17,0.92,mandi_simulated
Wheat,Jaipur,2026-03-12,2507.17,0.92,mandi_simulated
Wheat,Hyderabad,2026-03-12,2533.02,0.92,mandi_simulated
Wheat,Bengaluru,2026-03-12,2662.26,0.92,mandi_simulated
Wheat,Nashik,2026-03-13,2653.45,0.93,mandi_simulated
Wheat,Pune,2026-03-13,2680.53,0.93,mandi_simulated
Wheat,Karnal,2026-03-13,2626.38,0.93,mandi_simulated
Wheat,Ludhiana,2026-03-13,2653.45,0.93,mandi_simulated
Wheat,Nagpur,2026-03-13,2761.76,0.93,mandi_simulated
Wheat,Ahmedabad,2026-03-13,2626.38,0.93,mandi_simulated
Wheat,Indore,2026-03-13,2626.38,0.93,mandi_simulated
Wheat,Jaipur,2026-03-13,2626.38,0.93,mandi_simulated
Wheat,Hyderabad,2026-03-13,2653.45,0.93,mandi_simulated
Wheat,Bengaluru,2026-03-13,2788.83,0.93,mandi_simulated
Wheat,Nashik,2026-03-14,2654.72,0.94,mandi_simulated
Wheat,Pune,2026-03-14,2681.81,0.94,mandi_simulated
Wheat,Karnal,2026-03-14,2627.63,0.94,mandi_simulated
Wheat,Ludhiana,2026-03-14,2654.72,0.94,mandi_simulated
Wheat,Nagpur,2026-03-14,2763.08,0.94,mandi_simulated
Wheat,Ahmedabad,2026-03-14,2627.63,0.94,mandi_simulated
Wheat,Indore,2026-03-14,2627.63,0.94,mandi_simulated
Wheat,Jaipur,2026-03-14,2627.63,0.94,mandi_simulated
Wheat,Hyderabad,2026-03-14,2654.72,0.94,mandi_simulated
Wheat,Bengaluru,2026-03-14,2790.17,0.94,mandi_simulated
Wheat,Nashik,2026-03-15,2713.45,0.95,mandi_simulated
Wheat,Pune,2026-03-15,2741.14,0.95,mandi_simulated
Wheat,Karnal,2026-03-15,2685.76,0.95,mandi_simulated
Wheat,Ludhiana,2026-03-15,2713.45,0.95,mandi_simulated
Wheat,Nagpur,2026-03-15,2824.21,0.95,mandi_simulated
Wheat,Ahmedabad,2026-03-15,2685.76,0.95,mandi_simulated
Wheat,Indore,2026-03-15,2685.76,0.95,mandi_simulated
Wheat,Jaipur,2026-03-15,2685.76,0.95,mandi_simulated
Wheat,Hyderabad,2026-03-15,2713.45,0.95,mandi_simulated
Wheat,Bengaluru,2026-03-15,2851.89,0.95,mandi_simulated
Wheat,Nashik,2026-03-16,2556.34,0.95,mandi_simulated
Wheat,Pune,2026-03-16,2582.42,0.95,mandi_simulated
Wheat,Karnal,2026-03-16,2530.25,0.95,mandi_simulated
Wheat,Ludhiana,2026-03-16,2556.34,0.95,mandi_simulated
Wheat,Nagpur,2026-03-16,2660.68,0.95,mandi_simulated
Wheat,Ahmedabad,2026-03-16,2530.25,0.95,mandi_simulated
Wheat,Indore,2026-03-16,2530.25,0.95,mandi_simulated
Wheat,Jaipur,2026-03-16,2530.25,0.95,mandi_simulated
Wheat,Hyderabad,2026-03-16,2556.34,0.95,mandi_simulated
Wheat,Bengaluru,2026-03-16,2686.76,0.95,mandi_simulated
Wheat,Nashik,2026-03-17,2639.43,0.95,mandi_simulated
Wheat,Pune,2026-03-17,2666.36,0.95,mandi_simulated
Wheat,Karnal,2026-03-17,2612.5,0.95,mandi_simulated
Wheat,Ludhiana,2026-03-17,2639.43,0.95,mandi_simulated
Wheat,Nagpur,2026-03-17,2747.16,0.95,mandi_simulated
Wheat,Ahmedabad,2026-03-17,2612.5,0.95,mandi_simulated
Wheat,Indore,2026-03-17,2612.5,0.95,mandi_simulated
Wheat,Jaipur,2026-03-17,2612.5,0.95,mandi_simulated
Wheat,Hyderabad,2026-03-17,2639.43,0.95,mandi_simulated
Wheat,Bengaluru,2026-03-17,2774.09,0.95,mandi_simulated
Wheat,Nashik,2026-03-18,2567.46,0.95,mandi_simulated
Wheat,Pune,2026-03-18,2593.66,0.95,mandi_simulated
Wheat,Karnal,2026-03-18,2541.26,0.95,mandi_simulated
Wheat,Ludhiana,2026-03-18,2567.46,0.95,mandi_simulated
Wheat,Nagpur,2026-03-18,2672.26,0.95,mandi_simulated
Wheat,Ahmedabad,2026-03-18,2541.26,0.95,mandi_simulated
Wheat,Indore,2026-03-18,2541.26,0.95,mandi_simulated
Wheat,Jaipur,2026-03-18,2541.26,0.95,mandi_simulated
Wheat,Hyderabad,2026-03-18,2567.46,0.95,mandi_simulated
Wheat,Bengaluru,2026-03-18,2698.45,0.95,mandi_simulated
Wheat,Nashik,2026-03-19,2618.72,0.95,mandi_simulated
Wheat,Pune,2026-03-19,2645.45,0.95,mandi_simulated
Wheat,Karnal,2026-03-19,2592.0,0.95,mandi_simulated
Wheat,Ludhiana,2026-03-19,2618.72,0.95,mandi_simulated
Wheat,Nagpur,2026-03-19,2725.61,0.95,mandi_simulated
Wheat,Ahmedabad,2026-03-19,2592.0,0.95,mandi_simulated
Wheat,Indore,2026-03-19,2592.0,0.95,mandi_simulated
Wheat,Jaipur,2026-03-19,2592.0,0.95,mandi_simulated
Wheat,Hyderabad,2026-03-19,2618.72,0.95,mandi_simulated
Wheat,Bengaluru,2026-03-19,2752.33,0.95,mandi_simulated
Wheat,Nashik,2026-03-20,2690.75,0.94,mandi_simulated
Wheat,Pune,2026-03-20,2718.21,0.94,mandi_simulated
Wheat,Karnal,2026-03-20,2663.29,0.94,mandi_simulated
Wheat,Ludhiana,2026-03-20,2690.75,0.94,mandi_simulated
Wheat,Nagpur,2026-03-20,2800.58,0.94,mandi_simulated
Wheat,Ahmedabad,2026-03-20,2663.29,0.94,mandi_simulated
Wheat,Indore,2026-03-20,2663.29,0.94,mandi_simulated
Wheat,Jaipur,2026-03-20,2663.29,0.94,mandi_simulated
Wheat,Hyderabad,2026-03-20,2690.75,0.94,mandi_simulated
Wheat,Bengaluru,2026-03-20,2828.03,0.94,mandi_simulated
Wheat,Nashik,2026-03-21,2597.23,0.93,mandi_simulated
Wheat,Pune,2026-03-21,2623.74,0.93,mandi_simulated
Wheat,Karnal,2026-03-21,2570.73,0.93,mandi_simulated
Wheat,Ludhiana,2026-03-21,2597.23,0.93,mandi_simulated
Wheat,Nagpur,2026-03-21,2703.24,0.93,mandi_simulated
Wheat,Ahmedabad,2026-03-21,2570.73,0.93,mandi_simulated
Wheat,Indore,2026-03-21,2570.73,0.93,mandi_simulated
Wheat,Jaipur,2026-03-21,2570.73,0.93,mandi_simulated
Wheat,Hyderabad,2026-03-21,2597.23,0.93,mandi_simulated
Wheat,Bengaluru,2026-03-21,2729.75,0.93,mandi_simulated
Wheat,Nashik,2026-03-22,2643.37,0.92,mandi_simulated
Wheat,Pune,2026-03-22,2670.34,0.92,mandi_simulated
Wheat,Karnal,2026-03-22,2616.4,0.92,mandi_simulated
Wheat,Ludhiana,2026-03-22,2643.37,0.92,mandi_simulated
Wheat,Nagpur,2026-03-22,2751.26,0.92,mandi_simulated
Wheat,Ahmedabad,2026-03-22,2616.4,0.92,mandi_simulated
Wheat,Indore,2026-03-22,2616.4,0.92,mandi_simulated
Wheat,Jaipur,2026-03-22,2616.4,0.92,mandi_simulated
Wheat,Hyderabad,2026-03-22,2643.37,0.92,mandi_simulated
Wheat,Bengaluru,2026-03-22,2778.23,0.92,mandi_simulated
Wheat,Nashik,2026-03-23,2749.57,0.91,mandi_simulated
Wheat,Pune,2026-03-23,2777.63,0.91,mandi_simulated
Wheat,Karnal,2026-03-23,2721.51,0.91,mandi_simulated
Wheat,Ludhiana,2026-03-23,2749.57,0.91,mandi_simulated
Wheat,Nagpur,2026-03-23,2861.8,0.91,mandi_simulated
Wheat,Ahmedabad,2026-03-23,2721.51,0.91,mandi_simulated
Wheat,Indore,2026-03-23,2721.51,0.91,mandi_simulated
Wheat,Jaipur,2026-03-23,2721.51,0.91,mandi_simulated
Wheat,Hyderabad,2026-03-23,2749.57,0.91,mandi_simulated
Wheat,Bengaluru,2026-03-23,2889.85,0.91,mandi_simulated
Wheat,Nashik,2026-03-24,2734.33,0.9,mandi_simulated
Wheat,Pune,2026-03-24,2762.23,0.9,mandi_simulated
Wheat,Karnal,2026-03-24,2706.42,0.9,mandi_simulated
Wheat,Ludhiana,2026-03-24,2734.33,0.9,mandi_simulated
Wheat,Nagpur,2026-03-24,2845.93,0.9,mandi_simulated
Wheat,Ahmedabad,2026-03-24,2706.42,0.9,mandi_simulated
Wheat,Indore,2026-03-24,2706.42,0.9,mandi_simulated
Wheat,Jaipur,2026-03-24,2706.42,0.9,mandi_simulated
Wheat,Hyderabad,2026-03-24,2734.33,0.9,mandi_simulated
Wheat,Bengaluru,2026-03-24,2873.83,0.9,mandi_simulated
Wheat,Nashik,2026-03-25,2670.13,0.89,mandi_simulated
Wheat,Pune,2026-03-25,2697.37,0.89,mandi_simulated
Wheat,Karnal,2026-03-25,2642.88,0.89,mandi_simulated
Wheat,Ludhiana,2026-03-25,2670.13,0.89,mandi_simulated
Wheat,Nagpur,2026-03-25,2779.11,0.89,mandi_simulated
Wheat,Ahmedabad,2026-03-25,2642.88,0.89,mandi_simulated
Wheat,Indore,2026-03-25,2642.88,0.89,mandi_simulated
Wheat,Jaipur,2026-03-25,2642.88,0.89,mandi_simulated
Wheat,Hyderabad,2026-03-25,2670.13,0.89,mandi_simulated
Wheat,Bengaluru,2026-03-25,2806.36,0.89,mandi_simulated
Wheat,Nashik,2026-03-26,2756.54,0.87,mandi_simulated
Wheat,Pune,2026-03-26,2784.67,0.87,mandi_simulated
Wheat,Karnal,2026-03-26,2728.41,0.87,mandi_simulated
Wheat,Ludhiana,2026-03-26,2756.54,0.87,mandi_simulated
Wheat,Nagpur,2026-03-26,2869.05,0.87,mandi_simulated
Wheat,Ahmedabad,2026-03-26,2728.41,0.87,mandi_simulated
Wheat,Indore,2026-03-26,2728.41,0.87,mandi_simulated
Wheat,Jaipur,2026-03-26,2728.41,0.87,mandi_simulated
Wheat,Hyderabad,2026-03-26,2756.54,0.87,mandi_simulated
Wheat,Bengaluru,2026-03-26,2897.18,0.87,mandi_simulated
Wheat,Nashik,2026-03-27,2809.74,0.85,mandi_simulated
Wheat,Pune,2026-03-27,2838.41,0.85,mandi_simulated
Wheat,Karnal,2026-03-27,2781.07,0.85,mandi_simulated
Wheat,Ludhiana,2026-03-27,2809.74,0.85,mandi_simulated
Wheat,Nagpur,2026-03-27,2924.42,0.85,mandi_simulated
Wheat,Ahmedabad,2026-03-27,2781.07,0.85,mandi_simulated
Wheat,Indore,2026-03-27,2781.07,0.85,mandi_simulated
Wheat,Jaipur,2026-03-27,2781.07,0.85,mandi_simulated
Wheat,Hyderabad,2026-03-27,2809.74,0.85,mandi_simulated
Wheat,Bengaluru,2026-03-27,2953.09,0.85,mandi_simulated
Wheat,Nashik,2026-03-28,2637.38,0.83,mandi_simulated
Wheat,Pune,2026-03-28,2664.29,0.83,mandi_simulated
Wheat,Karnal,2026-03-28,2610.47,0.83,mandi_simulated
Wheat,Ludhiana,2026-03-28,2637.38,0.83,mandi_simulated
Wheat,Nagpur,2026-03-28,2745.03,0.83,mandi_simulated
Wheat,Ahmedabad,2026-03-28,2610.47,0.83,mandi_simulated
Wheat,Indore,2026-03-28,2610.47,0.83,mandi_simulated
Wheat,Jaipur,2026-03-28,2610.47,0.83,mandi_simulated
Wheat,Hyderabad,2026-03-28,2637.38,0.83,mandi_simulated
Wheat,Bengaluru,2026-03-28,2771.94,0.83,mandi_simulated
Wheat,Nashik,2026-03-29,2815.99,0.81,mandi_simulated
Wheat,Pune,2026-03-29,2844.73,0.81,mandi_simulated
Wheat,Karnal,2026-03-29,2787.26,0.81,mandi_simulated
Wheat,Ludhiana,2026-03-29,2815.99,0.81,mandi_simulated
Wheat,Nagpur,2026-03-29,2930.93,0.81,mandi_simulated
Wheat,Ahmedabad,2026-03-29,2787.26,0.81,mandi_simulated
Wheat,Indore,2026-03-29,2787.26,0.81,mandi_simulated
Wheat,Jaipur,2026-03-29,2787.26,0.81,mandi_simulated
Wheat,Hyderabad,2026-03-29,2815.99,0.81,mandi_simulated
Wheat,Bengaluru,2026-03-29,2959.67,0.81,mandi_simulated
Wheat,Nashik,2026-03-30,2794.33,0.79,mandi_simulated
Wheat,Pune,2026-03-30,2822.84,0.79,mandi_simulated
Wheat,Karnal,2026-03-30,2765.81,0.79,mandi_simulated
Wheat,Ludhiana,2026-03-30,2794.33,0.79,mandi_simulated
Wheat,Nagpur,2026-03-30,2908.38,0.79,mandi_simulated
Wheat,Ahmedabad,2026-03-30,2765.81,0.79,mandi_simulated
Wheat,Indore,2026-03-30,2765.81,0.79,mandi_simulated
Wheat,Jaipur,2026-03-30,2765.81,0.79,mandi_simulated
Wheat,Hyderabad,2026-03-30,2794.33,0.79,mandi_simulated
Wheat,Bengaluru,2026-03-30,2936.89,0.79,mandi_simulated
Wheat,Nashik,2026-03-31,2716.55,0.77,mandi_simulated
Wheat,Pune,2026-03-31,2744.27,0.77,mandi_simulated
Wheat,Karnal,2026-03-31,2688.83,0.77,mandi_simulated
Wheat,Ludhiana,2026-03-31,2716.55,0.77,mandi_simulated
Wheat,Nagpur,2026-03-31,2827.43,0.77,mandi_simulated
Wheat,Ahmedabad,2026-03-31,2688.83,0.77,mandi_simulated
Wheat,Indore,2026-03-31,2688.83,0.77,mandi_simulated
Wheat,Jaipur,2026-03-31,2688.83,0.77,mandi_simulated
Wheat,Hyderabad,2026-03-31,2716.55,0.77,mandi_simulated
Wheat,Bengaluru,2026-03-31,2855.15,0.77,mandi_simulated
Wheat,Nashik,2026-04-01,2675.87,0.74,mandi_simulated
Wheat,Pune,2026-04-01,2703.18,0.74,mandi_simulated
Wheat,Karnal,2026-04-01,2648.57,0.74,mandi_simulated
Wheat,Ludhiana,2026-04-01,2675.87,0.74,mandi_simulated
Wheat,Nagpur,2026-04-01,2785.09,0.74,mandi_simulated
Wheat,Ahmedabad,2026-04-01,2648.57,0.74,mandi_simulated
Wheat,Indore,2026-04-01,2648.57,0.74,mandi_simulated
Wheat,Jaipur,2026-04-01,2648.57,0.74,mandi_simulated
Wheat,Hyderabad,2026-04-01,2675.87,0.74,mandi_simulated
Wheat,Bengaluru,2026-04-01,2812.4,0.74,mandi_simulated
Wheat,Nashik,2026-04-02,2851.34,0.72,mandi_simulated
Wheat,Pune,2026-04-02,2880.43,0.72,mandi_simulated
Wheat,Karnal,2026-04-02,2822.24,0.72,mandi_simulated
Wheat,Ludhiana,2026-04-02,2851.34,0.72,mandi_simulated
Wheat,Nagpur,2026-04-02,2967.72,0.72,mandi_simulated
Wheat,Ahmedabad,2026-04-02,2822.24,0.72,mandi_simulated
Wheat,Indore,2026-04-02,2822.24,0.72,mandi_simulated
Wheat,Jaipur,2026-04-02,2822.24,0.72,mandi_simulated
Wheat,Hyderabad,2026-04-02,2851.34,0.72,mandi_simulated
Wheat,Bengaluru,2026-04-02,2996.81,0.72,mandi_simulated
Wheat,Nashik,2026-04-03,2712.81,0.69,mandi_simulated
Wheat,Pune,2026-04-03,2740.49,0.69,mandi_simulated
Wheat,Karnal,2026-04-03,2685.13,0.69,mandi_simulated
Wheat,Ludhiana,2026-04-03,2712.81,0.69,mandi_simulated
Wheat,Nagpur,2026-04-03,2823.54,0.69,mandi_simulated
Wheat,Ahmedabad,2026-04-03,2685.13,0.69,mandi_simulated
Wheat,Indore,2026-04-03,2685.13,0.69,mandi_simulated
Wheat,Jaipur,2026-04-03,2685.13,0.69,mandi_simulated
Wheat,Hyderabad,2026-04-03,2712.81,0.69,mandi_simulated
Wheat,Bengaluru,2026-04-03,2851.22,0.69,mandi_simulated
Wheat,Nashik,2026-04-04,2656.33,0.66,mandi_simulated
Wheat,Pune,2026-04-04,2683.43,0.66,mandi_simulated
Wheat,Karnal,2026-04-04,2629.22,0.66,mandi_simulated
Wheat,Ludhiana,2026-04-04,2656.33,0.66,mandi_simulated
Wheat,Nagpur,2026-04-04,2764.75,0.66,mandi_simulated
Wheat,Ahmedabad,2026-04-04,2629.22,0.66,mandi_simulated
Wheat,Indore,2026-04-04,2629.22,0.66,mandi_simulated
Wheat,Jaipur,2026-04-04,2629.22,0.66,mandi_simulated
Wheat,Hyderabad,2026-04-04,2656.33,0.66,mandi_simulated
Wheat,Bengaluru,2026-04-04,2791.85,0.66,mandi_simulated
Wheat,Nashik,2026-04-05,2653.4,0.63,mandi_simulated
Wheat,Pune,2026-04-05,2680.48,0.63,mandi_simulated
Wheat,Karnal,2026-04-05,2626.33,0.63,mandi_simulated
Wheat,Ludhiana,2026-04-05,2653.4,0.63,mandi_simulated
Wheat,Nagpur,2026-04-05,2761.71,0.63,mandi_simulated
Wheat,Ahmedabad,2026-04-05,2626.33,0.63,mandi_simulated
Wheat,Indore,2026-04-05,2626.33,0.63,mandi_simulated
Wheat,Jaipur,2026-04-05,2626.33,0.63,mandi_simulated
Wheat,Hyderabad,2026-04-05,2653.4,0.63,mandi_simulated
Wheat,Bengaluru,2026-04-05,2788.78,0.63,mandi_simulated
Wheat,Nashik,2026-04-06,2813.08,0.61,mandi_simulated
Wheat,Pune,2026-04-06,2841.79,0.61,mandi_simulated
Wheat,Karnal,2026-04-06,2784.38,0.61,mandi_simulated
Wheat,Ludhiana,2026-04-06,2813.08,0.61,mandi_simulated
Wheat,Nagpur,2026-04-06,2927.9,0.61,mandi_simulated
Wheat,Ahmedabad,2026-04-06,2784.38,0.61,mandi_simulated
Wheat,Indore,2026-04-06,2784.38,0.61,mandi_simulated
Wheat,Jaipur,2026-04-06,2784.38,0.61,mandi_simulated
Wheat,Hyderabad,2026-04-06,2813.08,0.61,mandi_simulated
Wheat,Bengaluru,2026-04-06,2956.61,0.61,mandi_simulated
Wheat,Nashik,2026-04-07,2753.87,0.58,mandi_simulated
Wheat,Pune,2026-04-07,2781.97,0.58,mandi_simulated
Wheat,Karnal,2026-04-07,2725.77,0.58,mandi_simulated
Wheat,Ludhiana,2026-04-07,2753.87,0.58,mandi_simulated
Wheat,Nagpur,2026-04-07,2866.28,0.58,mandi_simulated
Wheat,Ahmedabad,2026-04-07,2725.77,0.58,mandi_simulated
Wheat,Indore,2026-04-07,2725.77,0.58,mandi_simulated
Wheat,Jaipur,2026-04-07,2725.77,0.58,mandi_simulated
Wheat,Hyderabad,2026-04-07,2753.87,0.58,mandi_simulated
Wheat,Bengaluru,2026-04-07,2894.38,0.58,mandi_simulated
Wheat,Nashik,2026-04-08,2791.47,0.55,mandi_simulated
Wheat,Pune,2026-04-08,2819.96,0.55,mandi_simulated
Wheat,Karnal,2026-04-08,2762.99,0.55,mandi_simulated
Wheat,Ludhiana,2026-04-08,2791.47,0.55,mandi_simulated
Wheat,Nagpur,2026-04-08,2905.41,0.55,mandi_simulated
Wheat,Ahmedabad,2026-04-08,2762.99,0.55,mandi_simulated
Wheat,Indore,2026-04-08,2762.99,0.55,mandi_simulated
Wheat,Jaipur,2026-04-08,2762.99,0.55,mandi_simulated
Wheat,Hyderabad,2026-04-08,2791.47,0.55,mandi_simulated
Wheat,Bengaluru,2026-04-08,2933.9,0.55,mandi_simulated
Wheat,Nashik,2026-04-09,2766.93,0.58,mandi_simulated
Wheat,Pune,2026-04-09,2795.16,0.58,mandi_simulated
Wheat,Karnal,2026-04-09,2738.69,0.58,mandi_simulated
Wheat,Ludhiana,2026-04-09,2766.93,0.58,mandi_simulated
Wheat,Nagpur,2026-04-09,2879.86,0.58,mandi_simulated
Wheat,Ahmedabad,2026-04-09,2738.69,0.58,mandi_simulated
Wheat,Indore,2026-04-09,2738.69,0.58,mandi_simulated
Wheat,Jaipur,2026-04-09,2738.69,0.58,mandi_simulated
Wheat,Hyderabad,2026-04-09,2766.93,0.58,mandi_simulated
Wheat,Bengaluru,2026-04-09,2908.1,0.58,mandi_simulated
Wheat,Nashik,2026-04-10,2716.48,0.61,mandi_simulated
Wheat,Pune,2026-04-10,2744.2,0.61,mandi_simulated
Wheat,Karnal,2026-04-10,2688.76,0.61,mandi_simulated
Wheat,Ludhiana,2026-04-10,2716.48,0.61,mandi_simulated
Wheat,Nagpur,2026-04-10,2827.36,0.61,mandi_simulated
Wheat,Ahmedabad,2026-04-10,2688.76,0.61,mandi_simulated
Wheat,Indore,2026-04-10,2688.76,0.61,mandi_simulated
Wheat,Jaipur,2026-04-10,2688.76,0.61,mandi_simulated
Wheat,Hyderabad,2026-04-10,2716.48,0.61,mandi_simulated
Wheat,Bengaluru,2026-04-10,2855.07,0.61,mandi_simulated
Wheat,Nashik,2026-04-11,2801.66,0.64,mandi_simulated
Wheat,Pune,2026-04-11,2830.24,0.64,mandi_simulated
Wheat,Karnal,2026-04-11,2773.07,0.64,mandi_simulated
Wheat,Ludhiana,2026-04-11,2801.66,0.64,mandi_simulated
Wheat,Nagpur,2026-04-11,2916.01,0.64,mandi_simulated
Wheat,Ahmedabad,2026-04-11,2773.07,0.64,mandi_simulated
Wheat,Indore,2026-04-11,2773.07,0.64,mandi_simulated
Wheat,Jaipur,2026-04-11,2773.07,0.64,mandi_simulated
Wheat,Hyderabad,2026-04-11,2801.66,0.64,mandi_simulated
Wheat,Bengaluru,2026-04-11,2944.6,0.64,mandi_simulated
Wheat,Nashik,2026-04-12,2663.46,0.66,mandi_simulated
Wheat,Pune,2026-04-12,2690.64,0.66,mandi_simulated
Wheat,Karnal,2026-04-12,2636.29,0.66,mandi_simulated
Wheat,Ludhiana,2026-04-12,2663.46,0.66,mandi_simulated
Wheat,Nagpur,2026-04-12,2772.18,0.66,mandi_simulated
Wheat,Ahmedabad,2026-04-12,2636.29,0.66,mandi_simulated
Wheat,Indore,2026-04-12,2636.29,0.66,mandi_simulated
Wheat,Jaipur,2026-04-12,2636.29,0.66,mandi_simulated
Wheat,Hyderabad,2026-04-12,2663.46,0.66,mandi_simulated
Wheat,Bengaluru,2026-04-12,2799.35,0.66,mandi_simulated
Wheat,Nashik,2026-04-13,2690.18,0.69,mandi_simulated
Wheat,Pune,2026-04-13,2717.63,0.69,mandi_simulated
Wheat,Karnal,2026-04-13,2662.73,0.69,mandi_simulated
Wheat,Ludhiana,2026-04-13,2690.18,0.69,mandi_simulated
Wheat,Nagpur,2026-04-13,2799.98,0.69,mandi_simulated
Wheat,Ahmedabad,2026-04-13,2662.73,0.69,mandi_simulated
Wheat,Indore,2026-04-13,2662.73,0.69,mandi_simulated
Wheat,Jaipur,2026-04-13,2662.73,0.69,mandi_simulated
Wheat,Hyderabad,2026-04-13,2690.18,0.69,mandi_simulated
Wheat,Bengaluru,2026-04-13,2827.43,0.69,mandi_simulated
Wheat,Nashik,2026-04-14,2738.12,0.72,mandi_simulated
Wheat,Pune,2026-04-14,2766.06,0.72,mandi_simulated
Wheat,Karnal,2026-04-14,2710.18,0.72,mandi_simulated
Wheat,Ludhiana,2026-04-14,2738.12,0.72,mandi_simulated
Wheat,Nagpur,2026-04-14,2849.88,0.72,mandi_simulated
Wheat,Ahmedabad,2026-04-14,2710.18,0.72,mandi_simulated
Wheat,Indore,2026-04-14,2710.18,0.72,mandi_simulated
Wheat,Jaipur,2026-04-14,2710.18,0.72,mandi_simulated
Wheat,Hyderabad,2026-04-14,2738.12,0.72,mandi_simulated
Wheat,Bengaluru,2026-04-14,2877.82,0.72,mandi_simulated
Wheat,Nashik,2026-04-15,2681.2,0.74,mandi_simulated
Wheat,Pune,2026-04-15,2708.56,0.74,mandi_simulated
Wheat,Karnal,2026-04-15,2653.84,0.74,mandi_simulated
Wheat,Ludhiana,2026-04-15,2681.2,0.74,mandi_simulated
Wheat,Nagpur,2026-04-15,2790.64,0.74,mandi_simulated
Wheat,Ahmedabad,2026-04-15,2653.84,0.74,mandi_simulated
Wheat,Indore,2026-04-15,2653.84,0.74,mandi_simulated
Wheat,Jaipur,2026-04-15,2653.84,0.74,mandi_simulated
Wheat,Hyderabad,2026-04-15,2681.2,0.74,mandi_simulated
Wheat,Bengaluru,2026-04-15,2818.0,0.74,mandi_simulated
Wheat,Nashik,2026-04-16,2720.2,0.77,mandi_simulated
Wheat,Pune,2026-04-16,2747.95,0.77,mandi_simulated
Wheat,Karnal,2026-04-16,2692.44,0.77,mandi_simulated
Wheat,Ludhiana,2026-04-16,2720.2,0.77,mandi_simulated
Wheat,Nagpur,2026-04-16,2831.22,0.77,mandi_simulated
Wheat,Ahmedabad,2026-04-16,2692.44,0.77,mandi_simulated
Wheat,Indore,2026-04-16,2692.44,0.77,mandi_simulated
Wheat,Jaipur,2026-04-16,2692.44,0.77,mandi_simulated
Wheat,Hyderabad,2026-04-16,2720.2,0.77,mandi_simulated
Wheat,Bengaluru,2026-04-16,2858.98,0.77,mandi_simulated
Wheat,Nashik,2026-04-17,2647.19,0.79,mandi_simulated
Wheat,Pune,2026-04-17,2674.2,0.79,mandi_simulated
Wheat,Karnal,2026-04-17,2620.18,0.79,mandi_simulated
Wheat,Ludhiana,2026-04-17,2647.19,0.79,mandi_simulated
Wheat,Nagpur,2026-04-17,2755.24,0.79,mandi_simulated
Wheat,Ahmedabad,2026-04-17,2620.18,0.79,mandi_simulated
Wheat,Indore,2026-04-17,2620.18,0.79,mandi_simulated
Wheat,Jaipur,2026-04-17,2620.18,0.79,mandi_simulated
Wheat,Hyderabad,2026-04-17,2647.19,0.79,mandi_simulated
Wheat,Bengaluru,2026-04-17,2782.25,0.79,mandi_simulated
Wheat,Nashik,2026-04-18,2660.56,0.81,mandi_simulated
Wheat,Pune,2026-04-18,2687.71,0.81,mandi_simulated
Wheat,Karnal,2026-04-18,2633.41,0.81,mandi_simulated
Wheat,Ludhiana,2026-04-18,2660.56,0.81,mandi_simulated
Wheat,Nagpur,2026-04-18,2769.15,0.81,mandi_simulated
Wheat,Ahmedabad,2026-04-18,2633.41,0.81,mandi_simulated
Wheat,Indore,2026-04-18,2633.41,0.81,mandi_simulated
Wheat,Jaipur,2026-04-18,2633.41,0.81,mandi_simulated
Wheat,Hyderabad,2026-04-18,2660.56,0.81,mandi_simulated
Wheat,Bengaluru,2026-04-18,2796.3,0.81,mandi_simulated
Wheat,Nashik,2026-04-19,2509.57,0.83,mandi_simulated
Wheat,Pune,2026-04-19,2535.17,0.83,mandi_simulated
Wheat,Karnal,2026-04-19,2483.96,0.83,mandi_simulated
Wheat,Ludhiana,2026-04-19,2509.57,0.83,mandi_simulated
Wheat,Nagpur,2026-04-19,2612.0,0.83,mandi_simulated
Wheat,Ahmedabad,2026-04-19,2483.96,0.83,mandi_simulated
Wheat,Indore,2026-04-19,2483.96,0.83,mandi_simulated
Wheat,Jaipur,2026-04-19,2483.96,0.83,mandi_simulated
Wheat,Hyderabad,2026-04-19,2509.57,0.83,mandi_simulated
Wheat,Bengaluru,2026-04-19,2637.6,0.83,mandi_simulated
Wheat,Nashik,2026-04-20,2533.99,0.85,mandi_simulated
Wheat,Pune,2026-04-20,2559.85,0.85,mandi_simulated
Wheat,Karnal,2026-04-20,2508.14,0.85,mandi_simulated
Wheat,Ludhiana,2026-04-20,2533.99,0.85,mandi_simulated
Wheat,Nagpur,2026-04-20,2637.42,0.85,mandi_simulated
Wheat,Ahmedabad,2026-04-20,2508.14,0.85,mandi_simulated
Wheat,Indore,2026-04-20,2508.14,0.85,mandi_simulated
Wheat,Jaipur,2026-04-20,2508.14,0.85,mandi_simulated
Wheat,Hyderabad,2026-04-20,2533.99,0.85,mandi_simulated
Wheat,Bengaluru,2026-04-20,2663.28,0.85,mandi_simulated
Wheat,Nashik,2026-04-21,2532.96,0.87,mandi_simulated
Wheat,Pune,2026-04-21,2558.81,0.87,mandi_simulated
Wheat,Karnal,2026-04-21,2507.11,0.87,mandi_simulated
Wheat,Ludhiana,2026-04-21,2532.96,0.87,mandi_simulated
Wheat,Nagpur,2026-04-21,2636.35,0.87,mandi_simulated
Wheat,Ahmedabad,2026-04-21,2507.11,0.87,mandi_simulated
Wheat,Indore,2026-04-21,2507.11,0.87,mandi_simulated
Wheat,Jaipur,2026-04-21,2507.11,0.87,mandi_simulated
Wheat,Hyderabad,2026-04-21,2532.96,0.87,mandi_simulated
Wheat,Bengaluru,2026-04-21,2662.19,0.87,mandi_simulated
Wheat,Nashik,2026-04-22,2476.09,0.89,mandi_simulated
Wheat,Pune,2026-04-22,2501.35,0.89,mandi_simulated
Wheat,Karnal,2026-04-22,2450.82,0.89,mandi_simulated
Wheat,Ludhiana,2026-04-22,2476.09,0.89,mandi_simulated
Wheat,Nagpur,2026-04-22,2577.15,0.89,mandi_simulated
Wheat,Ahmedabad,2026-04-22,2450.82,0.89,mandi_simulated
Wheat,Indore,2026-04-22,2450.82,0.89,mandi_simulated
Wheat,Jaipur,2026-04-22,2450.82,0.89,mandi_simulated
Wheat,Hyderabad,2026-04-22,2476.09,0.89,mandi_simulated
Wheat,Bengaluru,2026-04-22,2602.42,0.89,mandi_simulated
Wheat,Nashik,2026-04-23,2493.53,0.9,mandi_simulated
Wheat,Pune,2026-04-23,2518.98,0.9,mandi_simulated
Wheat,Karnal,2026-04-23,2468.09,0.9,mandi_simulated
Wheat,Ludhiana,2026-04-23,2493.53,0.9,mandi_simulated
Wheat,Nagpur,2026-04-23,2595.31,0.9,mandi_simulated
Wheat,Ahmedabad,2026-04-23,2468.09,0.9,mandi_simulated
Wheat,Indore,2026-04-23,2468.09,0.9,mandi_simulated
Wheat,Jaipur,2026-04-23,2468.09,0.9,mandi_simulated
Wheat,Hyderabad,2026-04-23,2493.53,0.9,mandi_simulated
Wheat,Bengaluru,2026-04-23,2620.75,0.9,mandi_simulated
Wheat,Nashik,2026-04-24,2452.9,0.91,mandi_simulated
Wheat,Pune,2026-04-24,2477.93,0.91,mandi_simulated
Wheat,Karnal,2026-04-24,2427.87,0.91,mandi_simulated
Wheat,Ludhiana,2026-04-24,2452.9,0.91,mandi_simulated
Wheat,Nagpur,2026-04-24,2553.02,0.91,mandi_simulated
Wheat,Ahmedabad,2026-04-24,2427.87,0.91,mandi_simulated
Wheat,Indore,2026-04-24,2427.87,0.91,mandi_simulated
Wheat,Jaipur,2026-04-24,2427.87,0.91,mandi_simulated
Wheat,Hyderabad,2026-04-24,2452.9,0.91,mandi_simulated
Wheat,Bengaluru,2026-04-24,2578.05,0.91,mandi_simulated
Wheat,Nashik,2026-04-25,2474.88,0.93,mandi_simulated
Wheat,Pune,2026-04-25,2500.13,0.93,mandi_simulated
Wheat,Karnal,2026-04-25,2449.62,0.93,mandi_simulated
Wheat,Ludhiana,2026-04-25,2474.88,0.93,mandi_simulated
Wheat,Nagpur,2026-04-25,2575.89,0.93,mandi_simulated
Wheat,Ahmedabad,2026-04-25,2449.62,0.93,mandi_simulated
Wheat,Indore,2026-04-25,2449.62,0.93,mandi_simulated
Wheat,Jaipur,2026-04-25,2449.62,0.93,mandi_simulated
Wheat,Hyderabad,2026-04-25,2474.88,0.93,mandi_simulated
Wheat,Bengaluru,2026-04-25,2601.15,0.93,mandi_simulated
Wheat,Nashik,2026-04-26,2532.82,0.93,mandi_simulated
Wheat,Pune,2026-04-26,2558.66,0.93,mandi_simulated
Wheat,Karnal,2026-04-26,2506.97,0.93,mandi_simulated
Wheat,Ludhiana,2026-04-26,2532.82,0.93,mandi_simulated
Wheat,Nagpur,2026-04-26,2636.2,0.93,mandi_simulated
Wheat,Ahmedabad,2026-04-26,2506.97,0.93,mandi_simulated
Wheat,Indore,2026-04-26,2506.97,0.93,mandi_simulated
Wheat,Jaipur,2026-04-26,2506.97,0.93,mandi_simulated
Wheat,Hyderabad,2026-04-26,2532.82,0.93,mandi_simulated
Wheat,Bengaluru,2026-04-26,2662.04,0.93,mandi_simulated
Wheat,Nashik,2026-04-27,2464.87,0.94,mandi_simulated
Wheat,Pune,2026-04-27,2490.02,0.94,mandi_simulated
Wheat,Karnal,2026-04-27,2439.72,0.94,mandi_simulated
Wheat,Ludhiana,2026-04-27,2464.87,0.94,mandi_simulated
Wheat,Nagpur,2026-04-27,2565.48,0.94,mandi_simulated
Wheat,Ahmedabad,2026-04-27,2439.72,0.94,mandi_simulated
Wheat,Indore,2026-04-27,2439.72,0.94,mandi_simulated
Wheat,Jaipur,2026-04-27,2439.72,0.94,mandi_simulated
Wheat,Hyderabad,2026-04-27,2464.87,0.94,mandi_simulated
Wheat,Bengaluru,2026-04-27,2590.63,0.94,mandi_simulated
Wheat,Nashik,2026-04-28,2452.54,0.95,mandi_simulated
Wheat,Pune,2026-04-28,2477.57,0.95,mandi_simulated
Wheat,Karnal,2026-04-28,2427.52,0.95,mandi_simulated
Wheat,Ludhiana,2026-04-28,2452.54,0.95,mandi_simulated
Wheat,Nagpur,2026-04-28,2552.65,0.95,mandi_simulated
Wheat,Ahmedabad,2026-04-28,2427.52,0.95,mandi_simulated
Wheat,Indore,2026-04-28,2427.52,0.95,mandi_simulated
Wheat,Jaipur,2026-04-28,2427.52,0.95,mandi_simulated
Wheat,Hyderabad,2026-04-28,2452.54,0.95,mandi_simulated
Wheat,Bengaluru,2026-04-28,2577.67,0.95,mandi_simulated
Wheat,Nashik,2026-04-29,2407.8,0.95,mandi_simulated
Wheat,Pune,2026-04-29,2432.37,0.95,mandi_simulated
Wheat,Karnal,2026-04-29,2383.23,0.95,mandi_simulated
Wheat,Ludhiana,2026-04-29,2407.8,0.95,mandi_simulated
Wheat,Nagpur,2026-04-29,2506.08,0.95,mandi_simulated
Wheat,Ahmedabad,2026-04-29,2383.23,0.95,mandi_simulated
Wheat,Indore,2026-04-29,2383.23,0.95,mandi_simulated
Wheat,Jaipur,2026-04-29,2383.23,0.95,mandi_simulated
Wheat,Hyderabad,2026-04-29,2407.8,0.95,mandi_simulated
Wheat,Bengaluru,2026-04-29,2530.65,0.95,mandi_simulated
Wheat,Nashik,2026-04-30,2406.59,0.95,mandi_simulated
Wheat,Pune,2026-04-30,2431.14,0.95,mandi_simulated
Wheat,Karnal,2026-04-30,2382.03,0.95,mandi_simulated
Wheat,Ludhiana,2026-04-30,2406.59,0.95,mandi_simulated
Wheat,Nagpur,2026-04-30,2504.82,0.95,mandi_simulated
Wheat,Ahmedabad,2026-04-30,2382.03,0.95,mandi_simulated
Wheat,Indore,2026-04-30,2382.03,0.95,mandi_simulated
Wheat,Jaipur,2026-04-30,2382.03,0.95,mandi_simulated
Wheat,Hyderabad,2026-04-30,2406.59,0.95,mandi_simulated
Wheat,Bengaluru,2026-04-30,2529.37,0.95,mandi_simulated
Wheat,Nashik,2026-05-01,2525.22,0.95,mandi_simulated
Wheat,Pune,2026-05-01,2550.98,0.95,mandi_simulated
Wheat,Karnal,2026-05-01,2499.45,0.95,mandi_simulated
Wheat,Ludhiana,2026-05-01,2525.22,0.95,mandi_simulated
Wheat,Nagpur,2026-05-01,2628.29,0.95,mandi_simulated
Wheat,Ahmedabad,2026-05-01,2499.45,0.95,mandi_simulated
Wheat,Indore,2026-05-01,2499.45,0.95,mandi_simulated
Wheat,Jaipur,2026-05-01,2499.45,0.95,mandi_simulated
Wheat,Hyderabad,2026-05-01,2525.22,0.95,mandi_simulated
Wheat,Bengaluru,2026-05-01,2654.05,0.95,mandi_simulated
Wheat,Nashik,2026-05-02,2456.94,0.95,mandi_simulated
Wheat,Pune,2026-05-02,2482.01,0.95,mandi_simulated
Wheat,Karnal,2026-05-02,2431.87,0.95,mandi_simulated
Wheat,Ludhiana,2026-05-02,2456.94,0.95,mandi_simulated
Wheat,Nagpur,2026-05-02,2557.23,0.95,mandi_simulated
Wheat,Ahmedabad,2026-05-02,2431.87,0.95,mandi_simulated
Wheat,Indore,2026-05-02,2431.87,0.95,mandi_simulated
Wheat,Jaipur,2026-05-02,2431.87,0.95,mandi_simulated
Wheat,Hyderabad,2026-05-02,2456.94,0.95,mandi_simulated
Wheat,Bengaluru,2026-05-02,2582.3,0.95,mandi_simulated
Wheat,Nashik,2026-05-03,2438.08,0.94,mandi_simulated
Wheat,Pune,2026-05-03,2462.95,0.94,mandi_simulated
Wheat,Karnal,2026-05-03,2413.2,0.94,mandi_simulated
Wheat,Ludhiana,2026-05-03,2438.08,0.94,mandi_simulated
Wheat,Nagpur,2026-05-03,2537.59,0.94,mandi_simulated
Wheat,Ahmedabad,2026-05-03,2413.2,0.94,mandi_simulated
Wheat,Indore,2026-05-03,2413.2,0.94,mandi_simulated
Wheat,Jaipur,2026-05-03,2413.2,0.94,mandi_simulated
Wheat,Hyderabad,2026-05-03,2438.08,0.94,mandi_simulated
Wheat,Bengaluru,2026-05-03,2562.47,0.94,mandi_simulated
Wheat,Nashik,2026-05-04,2343.09,0.93,mandi_simulated
Wheat,Pune,2026-05-04,2367.0,0.93,mandi_simulated
Wheat,Karnal,2026-05-04,2319.18,0.93,mandi_simulated
Wheat,Ludhiana,2026-05-04,2343.09,0.93,mandi_simulated
Wheat,Nagpur,2026-05-04,2438.73,0.93,mandi_simulated
Wheat,Ahmedabad,2026-05-04,2319.18,0.93,mandi_simulated
Wheat,Indore,2026-05-04,2319.18,0.93,mandi_simulated
Wheat,Jaipur,2026-05-04,2319.18,0.93,mandi_simulated
Wheat,Hyderabad,2026-05-04,2343.09,0.93,mandi_simulated
Wheat,Bengaluru,2026-05-04,2462.64,0.93,mandi_simulated
Wheat,Nashik,2026-05-05,2440.45,0.92,mandi_simulated
Wheat,Pune,2026-05-05,2465.35,0.92,mandi_simulated
Wheat,Karnal,2026-05-05,2415.54,0.92,mandi_simulated
Wheat,Ludhiana,2026-05-05,2440.45,0.92,mandi_simulated
Wheat,Nagpur,2026-05-05,2540.06,0.92,mandi_simulated
Wheat,Ahmedabad,2026-05-05,2415.54,0.92,mandi_simulated
Wheat,Indore,2026-05-05,2415.54,0.92,mandi_simulated
Wheat,Jaipur,2026-05-05,2415.54,0.92,mandi_simulated
Wheat,Hyderabad,2026-05-05,2440.45,0.92,mandi_simulated
Wheat,Bengaluru,2026-05-05,2564.96,0.92,mandi_simulated
Wheat,Nashik,2026-05-06,2323.09,0.91,mandi_simulated
Wheat,Pune,2026-05-06,2346.79,0.91,mandi_simulated
Wheat,Karnal,2026-05-06,2299.38,0.91,mandi_simulated
Wheat,Ludhiana,2026-05-06,2323.09,0.91,mandi_simulated
Wheat,Nagpur,2026-05-06,2417.91,0.91,mandi_simulated
Wheat,Ahmedabad,2026-05-06,2299.38,0.91,mandi_simulated
Wheat,Indore,2026-05-06,2299.38,0.91,mandi_simulated
Wheat,Jaipur,2026-05-06,2299.38,0.91,mandi_simulated
Wheat,Hyderabad,2026-05-06,2323.09,0.91,mandi_simulated
Wheat,Bengaluru,2026-05-06,2441.61,0.91,mandi_simulated
Wheat,Nashik,2026-05-07,2356.07,0.9,mandi_simulated
Wheat,Pune,2026-05-07,2380.11,0.9,mandi_simulated
Wheat,Karnal,2026-05-07,2332.03,0.9,mandi_simulated
Wheat,Ludhiana,2026-05-07,2356.07,0.9,mandi_simulated
Wheat,Nagpur,2026-05-07,2452.23,0.9,mandi_simulated
Wheat,Ahmedabad,2026-05-07,2332.03,0.9,mandi_simulated
Wheat,Indore,2026-05-07,2332.03,0.9,mandi_simulated
Wheat,Jaipur,2026-05-07,2332.03,0.9,mandi_simulated
Wheat,Hyderabad,2026-05-07,2356.07,0.9,mandi_simulated
Wheat,Bengaluru,2026-05-07,2476.27,0.9,mandi_simulated
Wheat,Nashik,2026-05-08,2464.34,0.89,mandi_simulated
Wheat,Pune,2026-05-08,2489.49,0.89,mandi_simulated
Wheat,Karnal,2026-05-08,2439.19,0.89,mandi_simulated
Wheat,Ludhiana,2026-05-08,2464.34,0.89,mandi_simulated
Wheat,Nagpur,2026-05-08,2564.93,0.89,mandi_simulated
Wheat,Ahmedabad,2026-05-08,2439.19,0.89,mandi_simulated
Wheat,Indore,2026-05-08,2439.19,0.89,mandi_simulated
Wheat,Jaipur,2026-05-08,2439.19,0.89,mandi_simulated
Wheat,Hyderabad,2026-05-08,2464.34,0.89,mandi_simulated
Wheat,Bengaluru,2026-05-08,2590.07,0.89,mandi_simulated
Wheat,Nashik,2026-05-09,2391.28,0.87,mandi_simulated
Wheat,Pune,2026-05-09,2415.68,0.87,mandi_simulated
Wheat,Karnal,2026-05-09,2366.87,0.87,mandi_simulated
Wheat,Ludhiana,2026-05-09,2391.28,0.87,mandi_simulated
Wheat,Nagpur,2026-05-09,2488.88,0.87,mandi_simulated
Wheat,Ahmedabad,2026-05-09,2366.87,0.87,mandi_simulated
Wheat,Indore,2026-05-09,2366.87,0.87,mandi_simulated
Wheat,Jaipur,2026-05-09,2366.87,0.87,mandi_simulated
Wheat,Hyderabad,2026-05-09,2391.28,0.87,mandi_simulated
Wheat,Bengaluru,2026-05-09,2513.28,0.87,mandi_simulated
Wheat,Nashik,2026-05-10,2369.75,0.85,mandi_simulated
Wheat,Pune,2026-05-10,2393.93,0.85,mandi_simulated
Wheat,Karnal,2026-05-10,2345.57,0.85,mandi_simulated
Wheat,Ludhiana,2026-05-10,2369.75,0.85,mandi_simulated
Wheat,Nagpur,2026-05-10,2466.47,0.85,mandi_simulated
Wheat,Ahmedabad,2026-05-10,2345.57,0.85,mandi_simulated
Wheat,Indore,2026-05-10,2345.57,0.85,mandi_simulated
Wheat,Jaipur,2026-05-10,2345.57,0.85,mandi_simulated
Wheat,Hyderabad,2026-05-10,2369.75,0.85,mandi_simulated
Wheat,Bengaluru,2026-05-10,2490.66,0.85,mandi_simulated
Wheat,Nashik,2026-05-11,2388.91,0.83,mandi_simulated
Wheat,Pune,2026-05-11,2413.28,0.83,mandi_simulated
Wheat,Karnal,2026-05-11,2364.53,0.83,mandi_simulated
Wheat,Ludhiana,2026-05-11,2388.91,0.83,mandi_simulated
Wheat,Nagpur,2026-05-11,2486.41,0.83,mandi_simulated
Wheat,Ahmedabad,2026-05-11,2364.53,0.83,mandi_simulated
Wheat,Indore,2026-05-11,2364.53,0.83,mandi_simulated
Wheat,Jaipur,2026-05-11,2364.53,0.83,mandi_simulated
Wheat,Hyderabad,2026-05-11,2388.91,0.83,mandi_simulated
Wheat,Bengaluru,2026-05-11,2510.79,0.83,mandi_simulated
Wheat,Nashik,2026-05-12,2414.68,0.81,mandi_simulated
Wheat,Pune,2026-05-12,2439.32,0.81,mandi_simulated
Wheat,Karnal,2026-05-12,2390.04,0.81,mandi_simulated
Wheat,Ludhiana,2026-05-12,2414.68,0.81,mandi_simulated
Wheat,Nagpur,2026-05-12,2513.24,0.81,mandi_simulated
Wheat,Ahmedabad,2026-05-12,2390.04,0.81,mandi_simulated
Wheat,Indore,2026-05-12,2390.04,0.81,mandi_simulated
Wheat,Jaipur,2026-05-12,2390.04,0.81,mandi_simulated
Wheat,Hyderabad,2026-05-12,2414.68,0.81,mandi_simulated
Wheat,Bengaluru,2026-05-12,2537.87,0.81,mandi_simulated
Wheat,Nashik,2026-05-13,2399.08,0.79,mandi_simulated
Wheat,Pune,2026-05-13,2423.56,0.79,mandi_simulated
Wheat,Karnal,2026-05-13,2374.6,0.79,mandi_simulated
Wheat,Ludhiana,2026-05-13,2399.08,0.79,mandi_simulated
Wheat,Nagpur,2026-05-13,2497.01,0.79,mandi_simulated
Wheat,Ahmedabad,2026-05-13,2374.6,0.79,mandi_simulated
Wheat,Indore,2026-05-13,2374.6,0.79,mandi_simulated
Wheat,Jaipur,2026-05-13,2374.6,0.79,mandi_simulated
Wheat,Hyderabad,2026-05-13,2399.08,0.79,mandi_simulated
Wheat,Bengaluru,2026-05-13,2521.49,0.79,mandi_simulated
Wheat,Nashik,2026-05-14,2294.44,0.77,mandi_simulated
Wheat,Pune,2026-05-14,2317.85,0.77,mandi_simulated
Wheat,Karnal,2026-05-14,2271.03,0.77,mandi_simulated
Wheat,Ludhiana,2026-05-14,2294.44,0.77,mandi_simulated
Wheat,Nagpur,2026-05-14,2388.09,0.77,mandi_simulated
Wheat,Ahmedabad,2026-05-14,2271.03,0.77,mandi_simulated
Wheat,Indore,2026-05-14,2271.03,0.77,mandi_simulated
Wheat,Jaipur,2026-05-14,2271.03,0.77,mandi_simulated
Wheat,Hyderabad,2026-05-14,2294.44,0.77,mandi_simulated
Wheat,Bengaluru,2026-05-14,2411.5,0.77,mandi_simulated
Wheat,Nashik,2026-05-15,2256.53,0.74,mandi_simulated
Wheat,Pune,2026-05-15,2279.56,0.74,mandi_simulated
Wheat,Karnal,2026-05-15,2233.51,0.74,mandi_simulated
Wheat,Ludhiana,2026-05-15,2256.53,0.74,mandi_simulated
Wheat,Nagpur,2026-05-15,2348.64,0.74,mandi_simulated
Wheat,Ahmedabad,2026-05-15,2233.51,0.74,mandi_simulated
Wheat,Indore,2026-05-15,2233.51,0.74,mandi_simulated
Wheat,Jaipur,2026-05-15,2233.51,0.74,mandi_simulated
Wheat,Hyderabad,2026-05-15,2256.53,0.74,mandi_simulated
Wheat,Bengaluru,2026-05-15,2371.66,0.74,mandi_simulated
Wheat,Nashik,2026-05-16,2309.67,0.72,mandi_simulated
Wheat,Pune,2026-05-16,2333.24,0.72,mandi_simulated
Wheat,Karnal,2026-05-16,2286.11,0.72,mandi_simulated
Wheat,Ludhiana,2026-05-16,2309.67,0.72,mandi_simulated
Wheat,Nagpur,2026-05-16,2403.95,0.72,mandi_simulated
Wheat,Ahmedabad,2026-05-16,2286.11,0.72,mandi_simulated
Wheat,Indore,2026-05-16,2286.11,0.72,mandi_simulated
Wheat,Jaipur,2026-05-16,2286.11,0.72,mandi_simulated
Wheat,Hyderabad,2026-05-16,2309.67,0.72,mandi_simulated
Wheat,Bengaluru,2026-05-16,2427.51,0.72,mandi_simulated
Wheat,Nashik,2026-05-17,2301.7,0.69,mandi_simulated
Wheat,Pune,2026-05-17,2325.19,0.69,mandi_simulated
Wheat,Karnal,2026-05-17,2278.21,0.69,mandi_simulated
Wheat,Ludhiana,2026-05-17,2301.7,0.69,mandi_simulated
Wheat,Nagpur,2026-05-17,2395.65,0.69,mandi_simulated
Wheat,Ahmedabad,2026-05-17,2278.21,0.69,mandi_simulated
Wheat,Indore,2026-05-17,2278.21,0.69,mandi_simulated
Wheat,Jaipur,2026-05-17,2278.21,0.69,mandi_simulated
Wheat,Hyderabad,2026-05-17,2301.7,0.69,mandi_simulated
Wheat,Bengaluru,2026-05-17,2419.13,0.69,mandi_simulated
Wheat,Nashik,2026-05-18,2292.98,0.66,mandi_simulated
Wheat,Pune,2026-05-18,2316.38,0.66,mandi_simulated
Wheat,Karnal,2026-05-18,2269.59,0.66,mandi_simulated
Wheat,Ludhiana,2026-05-18,2292.98,0.66,mandi_simulated
Wheat,Nagpur,2026-05-18,2386.58,0.66,mandi_simulated
Wheat,Ahmedabad,2026-05-18,2269.59,0.66,mandi_simulated
Wheat,Indore,2026-05-18,2269.59,0.66,mandi_simulated
Wheat,Jaipur,2026-05-18,2269.59,0.66,mandi_simulated
Wheat,Hyderabad,2026-05-18,2292.98,0.66,mandi_simulated
Wheat,Bengaluru,2026-05-18,2409.97,0.66,mandi_simulated
Wheat,Nashik,2026-05-19,2433.49,0.63,mandi_simulated
Wheat,Pune,2026-05-19,2458.32,0.63,mandi_simulated
Wheat,Karnal,2026-05-19,2408.66,0.63,mandi_simulated
Wheat,Ludhiana,2026-05-19,2433.49,0.63,mandi_simulated
Wheat,Nagpur,2026-05-19,2532.82,0.63,mandi_simulated
Wheat,Ahmedabad,2026-05-19,2408.66,0.63,mandi_simulated
Wheat,Indore,2026-05-19,2408.66,0.63,mandi_simulated
Wheat,Jaipur,2026-05-19,2408.66,0.63,mandi_simulated
Wheat,Hyderabad,2026-05-19,2433.49,0.63,mandi_simulated
Wheat,Bengaluru,2026-05-19,2557.65,0.63,mandi_simulated
Wheat,Nashik,2026-05-20,2425.02,0.61,mandi_simulated
Wheat,Pune,2026-05-20,2449.76,0.61,mandi_simulated
Wheat,Karnal,2026-05-20,2400.27,0.61,mandi_simulated
Wheat,Ludhiana,2026-05-20,2425.02,0.61,mandi_simulated
Wheat,Nagpur,2026-05-20,2524.0,0.61,mandi_simulated
Wheat,Ahmedabad,2026-05-20,2400.27,0.61,mandi_simulated
Wheat,Indore,2026-05-20,2400.27,0.61,mandi_simulated
Wheat,Jaipur,2026-05-20,2400.27,0.61,mandi_simulated
Wheat,Hyderabad,2026-05-20,2425.02,0.61,mandi_simulated
Wheat,Bengaluru,2026-05-20,2548.74,0.61,mandi_simulated
Wheat,Nashik,2026-05-21,2324.03,0.58,mandi_simulated
Wheat,Pune,2026-05-21,2347.74,0.58,mandi_simulated
Wheat,Karnal,2026-05-21,2300.31,0.58,mandi_simulated
Wheat,Ludhiana,2026-05-21,2324.03,0.58,mandi_simulated
Wheat,Nagpur,2026-05-21,2418.89,0.58,mandi_simulated
Wheat,Ahmedabad,2026-05-21,2300.31,0.58,mandi_simulated
Wheat,Indore,2026-05-21,2300.31,0.58,mandi_simulated
Wheat,Jaipur,2026-05-21,2300.31,0.58,mandi_simulated
Wheat,Hyderabad,2026-05-21,2324.03,0.58,mandi_simulated
Wheat,Bengaluru,2026-05-21,2442.6,0.58,mandi_simulated
Wheat,Nashik,2026-05-22,2394.2,0.55,mandi_simulated
Wheat,Pune,2026-05-22,2418.63,0.55,mandi_simulated
Wheat,Karnal,2026-05-22,2369.77,0.55,mandi_simulated
Wheat,Ludhiana,2026-05-22,2394.2,0.55,mandi_simulated
Wheat,Nagpur,2026-05-22,2491.92,0.55,mandi_simulated
Wheat,Ahmedabad,2026-05-22,2369.77,0.55,mandi_simulated
Wheat,Indore,2026-05-22,2369.77,0.55,mandi_simulated
Wheat,Jaipur,2026-05-22,2369.77,0.55,mandi_simulated
Wheat,Hyderabad,2026-05-22,2394.2,0.55,mandi_simulated
Wheat,Bengaluru,2026-05-22,2516.35,0.55,mandi_simulated
Wheat,Nashik,2026-05-23,2351.67,0.58,mandi_simulated
Wheat,Pune,2026-05-23,2375.67,0.58,mandi_simulated
Wheat,Karnal,2026-05-23,2327.67,0.58,mandi_simulated
Wheat,Ludhiana,2026-05-23,2351.67,0.58,mandi_simulated
Wheat,Nagpur,2026-05-23,2447.66,0.58,mandi_simulated
Wheat,Ahmedabad,2026-05-23,2327.67,0.58,mandi_simulated
Wheat,Indore,2026-05-23,2327.67,0.58,mandi_simulated
Wheat,Jaipur,2026-05-23,2327.67,0.58,mandi_simulated
Wheat,Hyderabad,2026-05-23,2351.67,0.58,mandi_simulated
Wheat,Bengaluru,2026-05-23,2471.65,0.58,mandi_simulated
Wheat,Nashik,2026-05-24,2457.91,0.61,mandi_simulated
Wheat,Pune,2026-05-24,2482.99,0.61,mandi_simulated
Wheat,Karnal,2026-05-24,2432.83,0.61,mandi_simulated
Wheat,Ludhiana,2026-05-24,2457.91,0.61,mandi_simulated
Wheat,Nagpur,2026-05-24,2558.23,0.61,mandi_simulated
Wheat,Ahmedabad,2026-05-24,2432.83,0.61,mandi_simulated
Wheat,Indore,2026-05-24,2432.83,0.61,mandi_simulated
Wheat,Jaipur,2026-05-24,2432.83,0.61,mandi_simulated
Wheat,Hyderabad,2026-05-24,2457.91,0.61,mandi_simulated
Wheat,Bengaluru,2026-05-24,2583.31,0.61,mandi_simulated
Wheat,Nashik,2026-05-25,2379.51,0.64,mandi_simulated
Wheat,Pune,2026-05-25,2403.79,0.64,mandi_simulated
Wheat,Karnal,2026-05-25,2355.23,0.64,mandi_simulated
Wheat,Ludhiana,2026-05-25,2379.51,0.64,mandi_simulated
Wheat,Nagpur,2026-05-25,2476.64,0.64,mandi_simulated
Wheat,Ahmedabad,2026-05-25,2355.23,0.64,mandi_simulated
Wheat,Indore,2026-05-25,2355.23,0.64,mandi_simulated
Wheat,Jaipur,2026-05-25,2355.23,0.64,mandi_simulated
Wheat,Hyderabad,2026-05-25,2379.51,0.64,mandi_simulated
Wheat,Bengaluru,2026-05-25,2500.92,0.64,mandi_simulated
Wheat,Nashik,2026-05-26,2351.44,0.66,mandi_simulated
Wheat,Pune,2026-05-26,2375.43,0.66,mandi_simulated
Wheat,Karnal,2026-05-26,2327.45,0.66,mandi_simulated
Wheat,Ludhiana,2026-05-26,2351.44,0.66,mandi_simulated
Wheat,Nagpur,2026-05-26,2447.42,0.66,mandi_simulated
Wheat,Ahmedabad,2026-05-26,2327.45,0.66,mandi_simulated
Wheat,Indore,2026-05-26,2327.45,0.66,mandi_simulated
Wheat,Jaipur,2026-05-26,2327.45,0.66,mandi_simulated
Wheat,Hyderabad,2026-05-26,2351.44,0.66,mandi_simulated
Wheat,Bengaluru,2026-05-26,2471.41,0.66,mandi_simulated
Wheat,Nashik,2026-05-27,2357.62,0.69,mandi_simulated
Wheat,Pune,2026-05-27,2381.68,0.69,mandi_simulated
Wheat,Karnal,2026-05-27,2333.57,0.69,mandi_simulated
Wheat,Ludhiana,2026-05-27,2357.62,0.69,mandi_simulated
Wheat,Nagpur,2026-05-27,2453.85,0.69,mandi_simulated
Wheat,Ahmedabad,2026-05-27,2333.57,0.69,mandi_simulated
Wheat,Indore,2026-05-27,2333.57,0.69,mandi_simulated
Wheat,Jaipur,2026-05-27,2333.57,0.69,mandi_simulated
Wheat,Hyderabad,2026-05-27,2357.62,0.69,mandi_simulated
Wheat,Bengaluru,2026-05-27,2477.91,0.69,mandi_simulated
Wheat,Nashik,2026-05-28,2428.84,0.72,mandi_simulated
Wheat,Pune,2026-05-28,2453.62,0.72,mandi_simulated
Wheat,Karnal,2026-05-28,2404.06,0.72,mandi_simulated
Wheat,Ludhiana,2026-05-28,2428.84,0.72,mandi_simulated
Wheat,Nagpur,2026-05-28,2527.98,0.72,mandi_simulated
Wheat,Ahmedabad,2026-05-28,2404.06,0.72,mandi_simulated
Wheat,Indore,2026-05-28,2404.06,0.72,mandi_simulated
Wheat,Jaipur,2026-05-28,2404.06,0.72,mandi_simulated
Wheat,Hyderabad,2026-05-28,2428.84,0.72,mandi_simulated
Wheat,Bengaluru,2026-05-28,2552.76,0.72,mandi_simulated
Wheat,Nashik,2026-05-29,2382.1,0.74,mandi_simulated
Wheat,Pune,2026-05-29,2406.4,0.74,mandi_simulated
Wheat,Karnal,2026-05-29,2357.79,0.74,mandi_simulated
Wheat,Ludhiana,2026-05-29,2382.1,0.74,mandi_simulated
Wheat,Nagpur,2026-05-29,2479.33,0.74,mandi_simulated
Wheat,Ahmedabad,2026-05-29,2357.79,0.74,mandi_simulated
Wheat,Indore,2026-05-29,2357.79,0.74,mandi_simulated
Wheat,Jaipur,2026-05-29,2357.79,0.74,mandi_simulated
Wheat,Hyderabad,2026-05-29,2382.1,0.74,mandi_simulated
Wheat,Bengaluru,2026-05-29,2503.63,0.74,mandi_simulated
Wheat,Nashik,2026-05-30,2456.49,0.77,mandi_simulated
Wheat,Pune,2026-05-30,2481.56,0.77,mandi_simulated
Wheat,Karnal,2026-05-30,2431.43,0.77,mandi_simulated
Wheat,Ludhiana,2026-05-30,2456.49,0.77,mandi_simulated
Wheat,Nagpur,2026-05-30,2556.76,0.77,mandi_simulated
Wheat,Ahmedabad,2026-05-30,2431.43,0.77,mandi_simulated
Wheat,Indore,2026-05-30,2431.43,0.77,mandi_simulated
Wheat,Jaipur,2026-05-30,2431.43,0.77,mandi_simulated
Wheat,Hyderabad,2026-05-30,2456.49,0.77,mandi_simulated
Wheat,Bengaluru,2026-05-30,2581.82,0.77,mandi_simulated
Wheat,Nashik,2026-05-31,2530.35,0.79,mandi_simulated
Wheat,Pune,2026-05-31,2556.17,0.79,mandi_simulated
Wheat,Karnal,2026-05-31,2504.53,0.79,mandi_simulated
Wheat,Ludhiana,2026-05-31,2530.35,0.79,mandi_simulated
Wheat,Nagpur,2026-05-31,2633.63,0.79,mandi_simulated
Wheat,Ahmedabad,2026-05-31,2504.53,0.79,mandi_simulated
Wheat,Indore,2026-05-31,2504.53,0.79,mandi_simulated
Wheat,Jaipur,2026-05-31,2504.53,0.79,mandi_simulated
Wheat,Hyderabad,2026-05-31,2530.35,0.79,mandi_simulated
Wheat,Bengaluru,2026-05-31,2659.45,0.79,mandi_simulated
Wheat,Nashik,2026-06-01,2445.25,0.81,mandi_simulated
Wheat,Pune,2026-06-01,2470.2,0.81,mandi_simulated
Wheat,Karnal,2026-06-01,2420.3,0.81,mandi_simulated
Wheat,Ludhiana,2026-06-01,2445.25,0.81,mandi_simulated
Wheat,Nagpur,2026-06-01,2545.06,0.81,mandi_simulated
Wheat,Ahmedabad,2026-06-01,2420.3,0.81,mandi_simulated
Wheat,Indore,2026-06-01,2420.3,0.81,mandi_simulated
Wheat,Jaipur,2026-06-01,2420.3,0.81,mandi_simulated
Wheat,Hyderabad,2026-06-01,2445.25,0.81,mandi_simulated
Wheat,Bengaluru,2026-06-01,2570.01,0.81,mandi_simulated
Wheat,Nashik,2026-06-02,2422.63,0.83,mandi_simulated
Wheat,Pune,2026-06-02,2447.36,0.83,mandi_simulated
Wheat,Karnal,2026-06-02,2397.91,0.83,mandi_simulated
Wheat,Ludhiana,2026-06-02,2422.63,0.83,mandi_simulated
Wheat,Nagpur,2026-06-02,2521.52,0.83,mandi_simulated
Wheat,Ahmedabad,2026-06-02,2397.91,0.83,mandi_simulated
Wheat,Indore,2026-06-02,2397.91,0.83,mandi_simulated
Wheat,Jaipur,2026-06-02,2397.91,0.83,mandi_simulated
Wheat,Hyderabad,2026-06-02,2422.63,0.83,mandi_simulated
Wheat,Bengaluru,2026-06-02,2546.24,0.83,mandi_simulated
Wheat,Nashik,2026-06-03,2591.0,0.85,mandi_simulated
Wheat,Pune,2026-06-03,2617.43,0.85,mandi_simulated
Wheat,Karnal,2026-06-03,2564.56,0.85,mandi_simulated
Wheat,Ludhiana,2026-06-03,2591.0,0.85,mandi_simulated
Wheat,Nagpur,2026-06-03,2696.75,0.85,mandi_simulated
Wheat,Ahmedabad,2026-06-03,2564.56,0.85,mandi_simulated
Wheat,Indore,2026-06-03,2564.56,0.85,mandi_simulated
Wheat,Jaipur,2026-06-03,2564.56,0.85,mandi_simulated
Wheat,Hyderabad,2026-06-03,2591.0,0.85,mandi_simulated
Wheat,Bengaluru,2026-06-03,2723.19,0.85,mandi_simulated
Wheat,Nashik,2026-06-04,2507.53,0.87,mandi_simulated
Wheat,Pune,2026-06-04,2533.12,0.87,mandi_simulated
Wheat,Karnal,2026-06-04,2481.94,0.87,mandi_simulated
Wheat,Ludhiana,2026-06-04,2507.53,0.87,mandi_simulated
Wheat,Nagpur,2026-06-04,2609.88,0.87,mandi_simulated
Wheat,Ahmedabad,2026-06-04,2481.94,0.87,mandi_simulated
Wheat,Indore,2026-06-04,2481.94,0.87,mandi_simulated
Wheat,Jaipur,2026-06-04,2481.94,0.87,mandi_simulated
Wheat,Hyderabad,2026-06-04,2507.53,0.87,mandi_simulated
Wheat,Bengaluru,2026-06-04,2635.46,0.87,mandi_simulated
Wheat,Nashik,2026-06-05,2437.17,0.89,mandi_simulated
Wheat,Pune,2026-06-05,2462.04,0.89,mandi_simulated
Wheat,Karnal,2026-06-05,2412.3,0.89,mandi_simulated
Wheat,Ludhiana,2026-06-05,2437.17,0.89,mandi_simulated
Wheat,Nagpur,2026-06-05,2536.65,0.89,mandi_simulated
Wheat,Ahmedabad,2026-06-05,2412.3,0.89,mandi_simulated
Wheat,Indore,2026-06-05,2412.3,0.89,mandi_simulated
Wheat,Jaipur,2026-06-05,2412.3,0.89,mandi_simulated
Wheat,Hyderabad,2026-06-05,2437.17,0.89,mandi_simulated
Wheat,Bengaluru,2026-06-05,2561.52,0.89,mandi_simulated
Wheat,Nashik,2026-06-06,2441.98,0.9,mandi_simulated
Wheat,Pune,2026-06-06,2466.9,0.9,mandi_simulated
Wheat,Karnal,2026-06-06,2417.06,0.9,mandi_simulated
Wheat,Ludhiana,2026-06-06,2441.98,0.9,mandi_simulated
Wheat,Nagpur,2026-06-06,2541.65,0.9,mandi_simulated
Wheat,Ahmedabad,2026-06-06,2417.06,0.9,mandi_simulated
Wheat,Indore,2026-06-06,2417.06,0.9,mandi_simulated
Wheat,Jaipur,2026-06-06,2417.06,0.9,mandi_simulated
Wheat,Hyderabad,2026-06-06,2441.98,0.9,mandi_simulated
Wheat,Bengaluru,2026-06-06,2566.57,0.9,mandi_simulated
Wheat,Nashik,2026-06-07,2468.43,0.91,mandi_simulated
Wheat,Pune,2026-06-07,2493.62,0.91,mandi_simulated
Wheat,Karnal,2026-06-07,2443.24,0.91,mandi_simulated
Wheat,Ludhiana,2026-06-07,2468.43,0.91,mandi_simulated
Wheat,Nagpur,2026-06-07,2569.18,0.91,mandi_simulated
Wheat,Ahmedabad,2026-06-07,2443.24,0.91,mandi_simulated
Wheat,Indore,2026-06-07,2443.24,0.91,mandi_simulated
Wheat,Jaipur,2026-06-07,2443.24,0.91,mandi_simulated
Wheat,Hyderabad,2026-06-07,2468.43,0.91,mandi_simulated
Wheat,Bengaluru,2026-06-07,2594.37,0.91,mandi_simulated
Wheat,Nashik,2026-06-08,2588.34,0.93,mandi_simulated
Wheat,Pune,2026-06-08,2614.75,0.93,mandi_simulated
Wheat,Karnal,2026-06-08,2561.93,0.93,mandi_simulated
Wheat,Ludhiana,2026-06-08,2588.34,0.93,mandi_simulated
Wheat,Nagpur,2026-06-08,2693.99,0.93,mandi_simulated
Wheat,Ahmedabad,2026-06-08,2561.93,0.93,mandi_simulated
Wheat,Indore,2026-06-08,2561.93,0.93,mandi_simulated
Wheat,Jaipur,2026-06-08,2561.93,0.93,mandi_simulated
Wheat,Hyderabad,2026-06-08,2588.34,0.93,mandi_simulated
Wheat,Bengaluru,2026-06-08,2720.4,0.93,mandi_simulated
Wheat,Nashik,2026-06-09,2636.57,0.93,mandi_simulated
Wheat,Pune,2026-06-09,2663.47,0.93,mandi_simulated
Wheat,Karnal,2026-06-09,2609.67,0.93,mandi_simulated
Wheat,Ludhiana,2026-06-09,2636.57,0.93,mandi_simulated
Wheat,Nagpur,2026-06-09,2744.18,0.93,mandi_simulated
Wheat,Ahmedabad,2026-06-09,2609.67,0.93,mandi_simulated
Wheat,Indore,2026-06-09,2609.67,0.93,mandi_simulated
Wheat,Jaipur,2026-06-09,2609.67,0.93,mandi_simulated
Wheat,Hyderabad,2026-06-09,2636.57,0.93,mandi_simulated
Wheat,Bengaluru,2026-06-09,2771.09,0.93,mandi_simulated
Wheat,Nashik,2026-06-10,2574.25,0.94,mandi_simulated
Wheat,Pune,2026-06-10,2600.52,0.94,mandi_simulated
Wheat,Karnal,2026-06-10,2547.98,0.94,mandi_simulated
Wheat,Ludhiana,2026-06-10,2574.25,0.94,mandi_simulated
Wheat,Nagpur,2026-06-10,2679.32,0.94,mandi_simulated
Wheat,Ahmedabad,2026-06-10,2547.98,0.94,mandi_simulated
Wheat,Indore,2026-06-10,2547.98,0.94,mandi_simulated
Wheat,Jaipur,2026-06-10,2547.98,0.94,mandi_simulated
Wheat,Hyderabad,2026-06-10,2574.25,0.94,mandi_simulated
Wheat,Bengaluru,2026-06-10,2705.59,0.94,mandi_simulated
Wheat,Nashik,2026-06-11,2513.25,0.95,mandi_simulated
Wheat,Pune,2026-06-11,2538.9,0.95,mandi_simulated
Wheat,Karnal,2026-06-11,2487.61,0.95,mandi_simulated
Wheat,Ludhiana,2026-06-11,2513.25,0.95,mandi_simulated
Wheat,Nagpur,2026-06-11,2615.84,0.95,mandi_simulated
Wheat,Ahmedabad,2026-06-11,2487.61,0.95,mandi_simulated
Wheat,Indore,2026-06-11,2487.61,0.95,mandi_simulated
Wheat,Jaipur,2026-06-11,2487.61,0.95,mandi_simulated
Wheat,Hyderabad,2026-06-11,2513.25,0.95,mandi_simulated
Wheat,Bengaluru,2026-06-11,2641.48,0.95,mandi_simulated
Wheat,Nashik,2026-06-12,2592.93,0.95,mandi_simulated
Wheat,Pune,2026-06-12,2619.38,0.95,mandi_simulated
Wheat,Karnal,2026-06-12,2566.47,0.95,mandi_simulated
Wheat,Ludhiana,2026-06-12,2592.93,0.95,mandi_simulated
Wheat,Nagpur,2026-06-12,2698.76,0.95,mandi_simulated
Wheat,Ahmedabad,2026-06-12,2566.47,0.95,mandi_simulated
Wheat,Indore,2026-06-12,2566.47,0.95,mandi_simulated
Wheat,Jaipur,2026-06-12,2566.47,0.95,mandi_simulated
Wheat,Hyderabad,2026-06-12,2592.93,0.95,mandi_simulated
Wheat,Bengaluru,2026-06-12,2725.22,0.95,mandi_simulated
Wheat,Nashik,2026-06-13,2735.33,0.95,mandi_simulated
Wheat,Pune,2026-06-13,2763.24,0.95,mandi_simulated
Wheat,Karnal,2026-06-13,2707.42,0.95,mandi_simulated
Wheat,Ludhiana,2026-06-13,2735.33,0.95,mandi_simulated
Wheat,Nagpur,2026-06-13,2846.98,0.95,mandi_simulated
Wheat,Ahmedabad,2026-06-13,2707.42,0.95,mandi_simulated
Wheat,Indore,2026-06-13,2707.42,0.95,mandi_simulated
Wheat,Jaipur,2026-06-13,2707.42,0.95,mandi_simulated
Wheat,Hyderabad,2026-06-13,2735.33,0.95,mandi_simulated
Wheat,Bengaluru,2026-06-13,2874.89,0.95,mandi_simulated
Wheat,Nashik,2026-06-14,2649.85,0.95,mandi_simulated
Wheat,Pune,2026-06-14,2676.89,0.95,mandi_simulated
Wheat,Karnal,2026-06-14,2622.82,0.95,mandi_simulated
Wheat,Ludhiana,2026-06-14,2649.85,0.95,mandi_simulated
Wheat,Nagpur,2026-06-14,2758.01,0.95,mandi_simulated
Wheat,Ahmedabad,2026-06-14,2622.82,0.95,mandi_simulated
Wheat,Indore,2026-06-14,2622.82,0.95,mandi_simulated
Wheat,Jaipur,2026-06-14,2622.82,0.95,mandi_simulated
Wheat,Hyderabad,2026-06-14,2649.85,0.95,mandi_simulated
Wheat,Bengaluru,2026-06-14,2785.05,0.95,mandi_simulated
Wheat,Nashik,2026-06-15,2756.11,0.95,mandi_simulated
Wheat,Pune,2026-06-15,2784.24,0.95,mandi_simulated
Wheat,Karnal,2026-06-15,2727.99,0.95,mandi_simulated
Wheat,Ludhiana,2026-06-15,2756.11,0.95,mandi_simulated
Wheat,Nagpur,2026-06-15,2868.61,0.95,mandi_simulated
Wheat,Ahmedabad,2026-06-15,2727.99,0.95,mandi_simulated
Wheat,Indore,2026-06-15,2727.99,0.95,mandi_simulated
Wheat,Jaipur,2026-06-15,2727.99,0.95,mandi_simulated
Wheat,Hyderabad,2026-06-15,2756.11,0.95,mandi_simulated
Wheat,Bengaluru,2026-06-15,2896.73,0.95,mandi_simulated
Wheat,Nashik,2026-06-16,2744.81,0.94,mandi_simulated
Wheat,Pune,2026-06-16,2772.82,0.94,mandi_simulated
Wheat,Karnal,2026-06-16,2716.81,0.94,mandi_simulated
Wheat,Ludhiana,2026-06-16,2744.81,0.94,mandi_simulated
Wheat,Nagpur,2026-06-16,2856.85,0.94,mandi_simulated
Wheat,Ahmedabad,2026-06-16,2716.81,0.94,mandi_simulated
Wheat,Indore,2026-06-16,2716.81,0.94,mandi_simulated
Wheat,Jaipur,2026-06-16,2716.81,0.94,mandi_simulated
Wheat,Hyderabad,2026-06-16,2744.81,0.94,mandi_simulated
Wheat,Bengaluru,2026-06-16,2884.86,0.94,mandi_simulated
Wheat,Nashik,2026-06-17,2574.33,0.93,mandi_simulated
Wheat,Pune,2026-06-17,2600.59,0.93,mandi_simulated
Wheat,Karnal,2026-06-17,2548.06,0.93,mandi_simulated
Wheat,Ludhiana,2026-06-17,2574.33,0.93,mandi_simulated
Wheat,Nagpur,2026-06-17,2679.4,0.93,mandi_simulated
Wheat,Ahmedabad,2026-06-17,2548.06,0.93,mandi_simulated
Wheat,Indore,2026-06-17,2548.06,0.93,mandi_simulated
Wheat,Jaipur,2026-06-17,2548.06,0.93,mandi_simulated
Wheat,Hyderabad,2026-06-17,2574.33,0.93,mandi_simulated
Wheat,Bengaluru,2026-06-17,2705.67,0.93,mandi_simulated
Wheat,Nashik,2026-06-18,2737.09,0.92,mandi_simulated
Wheat,Pune,2026-06-18,2765.02,0.92,mandi_simulated
Wheat,Karnal,2026-06-18,2709.16,0.92,mandi_simulated
Wheat,Ludhiana,2026-06-18,2737.09,0.92,mandi_simulated
Wheat,Nagpur,2026-06-18,2848.81,0.92,mandi_simulated
Wheat,Ahmedabad,2026-06-18,2709.16,0.92,mandi_simulated
Wheat,Indore,2026-06-18,2709.16,0.92,mandi_simulated
Wheat,Jaipur,2026-06-18,2709.16,0.92,mandi_simulated
Wheat,Hyderabad,2026-06-18,2737.09,0.92,mandi_simulated
Wheat,Bengaluru,2026-06-18,2876.74,0.92,mandi_simulated
Wheat,Nashik,2026-06-19,2738.72,0.91,mandi_simulated
Wheat,Pune,2026-06-19,2766.67,0.91,mandi_simulated
Wheat,Karnal,2026-06-19,2710.78,0.91,mandi_simulated
Wheat,Ludhiana,2026-06-19,2738.72,0.91,mandi_simulated
Wheat,Nagpur,2026-06-19,2850.51,0.91,mandi_simulated
Wheat,Ahmedabad,2026-06-19,2710.78,0.91,mandi_simulated
Wheat,Indore,2026-06-19,2710.78,0.91,mandi_simulated
Wheat,Jaipur,2026-06-19,2710.78,0.91,mandi_simulated
Wheat,Hyderabad,2026-06-19,2738.72,0.91,mandi_simulated
Wheat,Bengaluru,2026-06-19,2878.46,0.91,mandi_simulated
Wheat,Nashik,2026-06-20,2716.64,0.9,mandi_simulated
Wheat,Pune,2026-06-20,2744.36,0.9,mandi_simulated
Wheat,Karnal,2026-06-20,2688.92,0.9,mandi_simulated
Wheat,Ludhiana,2026-06-20,2716.64,0.9,mandi_simulated
Wheat,Nagpur,2026-06-20,2827.52,0.9,mandi_simulated
Wheat,Ahmedabad,2026-06-20,2688.92,0.9,mandi_simulated
Wheat,Indore,2026-06-20,2688.92,0.9,mandi_simulated
Wheat,Jaipur,2026-06-20,2688.92,0.9,mandi_simulated
Wheat,Hyderabad,2026-06-20,2716.64,0.9,mandi_simulated
Wheat,Bengaluru,2026-06-20,2855.24,0.9,mandi_simulated
Wheat,Nashik,2026-06-21,2666.31,0.89,mandi_simulated
Wheat,Pune,2026-06-21,2693.52,0.89,mandi_simulated
Wheat,Karnal,2026-06-21,2639.1,0.89,mandi_simulated
Wheat,Ludhiana,2026-06-21,2666.31,0.89,mandi_simulated
Wheat,Nagpur,2026-06-21,2775.14,0.89,mandi_simulated
Wheat,Ahmedabad,2026-06-21,2639.1,0.89,mandi_simulated
Wheat,Indore,2026-06-21,2639.1,0.89,mandi_simulated
Wheat,Jaipur,2026-06-21,2639.1,0.89,mandi_simulated
Wheat,Hyderabad,2026-06-21,2666.31,0.89,mandi_simulated
Wheat,Bengaluru,2026-06-21,2802.34,0.89,mandi_simulated
Wheat,Nashik,2026-06-22,2755.25,0.87,mandi_simulated
Wheat,Pune,2026-06-22,2783.37,0.87,mandi_simulated
Wheat,Karnal,2026-06-22,2727.14,0.87,mandi_simulated
Wheat,Ludhiana,2026-06-22,2755.25,0.87,mandi_simulated
Wheat,Nagpur,2026-06-22,2867.71,0.87,mandi_simulated
Wheat,Ahmedabad,2026-06-22,2727.14,0.87,mandi_simulated
Wheat,Indore,2026-06-22,2727.14,0.87,mandi_simulated
Wheat,Jaipur,2026-06-22,2727.14,0.87,mandi_simulated
Wheat,Hyderabad,2026-06-22,2755.25,0.87,mandi_simulated
Wheat,Bengaluru,2026-06-22,2895.83,0.87,mandi_simulated
Wheat,Nashik,2026-06-23,2646.34,0.85,mandi_simulated
Wheat,Pune,2026-06-23,2673.34,0.85,mandi_simulated
Wheat,Karnal,2026-06-23,2619.33,0.85,mandi_simulated
Wheat,Ludhiana,2026-06-23,2646.34,0.85,mandi_simulated
Wheat,Nagpur,2026-06-23,2754.35,0.85,mandi_simulated
Wheat,Ahmedabad,2026-06-23,2619.33,0.85,mandi_simulated
Wheat,Indore,2026-06-23,2619.33,0.85,mandi_simulated
Wheat,Jaipur,2026-06-23,2619.33,0.85,mandi_simulated
Wheat,Hyderabad,2026-06-23,2646.34,0.85,mandi_simulated
Wheat,Bengaluru,2026-06-23,2781.35,0.85,mandi_simulated
Wheat,Nashik,2026-06-24,2722.71,0.83,mandi_simulated
Wheat,Pune,2026-06-24,2750.5,0.83,mandi_simulated
Wheat,Karnal,2026-06-24,2694.93,0.83,mandi_simulated
Wheat,Ludhiana,2026-06-24,2722.71,0.83,mandi_simulated
Wheat,Nagpur,2026-06-24,2833.84,0.83,mandi_simulated
Wheat,Ahmedabad,2026-06-24,2694.93,0.83,mandi_simulated
Wheat,Indore,2026-06-24,2694.93,0.83,mandi_simulated
Wheat,Jaipur,2026-06-24,2694.93,0.83,mandi_simulated
Wheat,Hyderabad,2026-06-24,2722.71,0.83,mandi_simulated
Wheat,Bengaluru,2026-06-24,2861.63,0.83,mandi_simulated
Wheat,Nashik,2026-06-25,2731.71,0.81,mandi_simulated
Wheat,Pune,2026-06-25,2759.59,0.81,mandi_simulated
Wheat,Karnal,2026-06-25,2703.84,0.81,mandi_simulated
Wheat,Ludhiana,2026-06-25,2731.71,0.81,mandi_simulated
Wheat,Nagpur,2026-06-25,2843.21,0.81,mandi_simulated
Wheat,Ahmedabad,2026-06-25,2703.84,0.81,mandi_simulated
Wheat,Indore,2026-06-25,2703.84,0.81,mandi_simulated
Wheat,Jaipur,2026-06-25,2703.84,0.81,mandi_simulated
Wheat,Hyderabad,2026-06-25,2731.71,0.81,mandi_simulated
Wheat,Bengaluru,2026-06-25,2871.09,0.81,mandi_simulated
Wheat,Nashik,2026-06-26,2845.47,0.79,mandi_simulated
Wheat,Pune,2026-06-26,2874.51,0.79,mandi_simulated
Wheat,Karnal,2026-06-26,2816.44,0.79,mandi_simulated
Wheat,Ludhiana,2026-06-26,2845.47,0.79,mandi_simulated
Wheat,Nagpur,2026-06-26,2961.61,0.79,mandi_simulated
Wheat,Ahmedabad,2026-06-26,2816.44,0.79,mandi_simulated
Wheat,Indore,2026-06-26,2816.44,0.79,mandi_simulated
Wheat,Jaipur,2026-06-26,2816.44,0.79,mandi_simulated
Wheat,Hyderabad,2026-06-26,2845.47,0.79,mandi_simulated
Wheat,Bengaluru,2026-06-26,2990.65,0.79,mandi_simulated
Wheat,Nashik,2026-06-27,2831.39,0.77,mandi_simulated
Wheat,Pune,2026-06-27,2860.28,0.77,mandi_simulated
Wheat,Karnal,2026-06-27,2802.5,0.77,mandi_simulated
Wheat,Ludhiana,2026-06-27,2831.39,0.77,mandi_simulated
Wheat,Nagpur,2026-06-27,2946.96,0.77,mandi_simulated
Wheat,Ahmedabad,2026-06-27,2802.5,0.77,mandi_simulated
Wheat,Indore,2026-06-27,2802.5,0.77,mandi_simulated
Wheat,Jaipur,2026-06-27,2802.5,0.77,mandi_simulated
Wheat,Hyderabad,2026-06-27,2831.39,0.77,mandi_simulated
Wheat,Bengaluru,2026-06-27,2975.85,0.77,mandi_simulated
Wheat,Nashik,2026-06-28,2698.66,0.74,mandi_simulated
Wheat,Pune,2026-06-28,2726.19,0.74,mandi_simulated
Wheat,Karnal,2026-06-28,2671.12,0.74,mandi_simulated
Wheat,Ludhiana,2026-06-28,2698.66,0.74,mandi_simulated
Wheat,Nagpur,2026-06-28,2808.8,0.74,mandi_simulated
Wheat,Ahmedabad,2026-06-28,2671.12,0.74,mandi_simulated
Wheat,Indore,2026-06-28,2671.12,0.74,mandi_simulated
Wheat,Jaipur,2026-06-28,2671.12,0.74,mandi_simulated
Wheat,Hyderabad,2026-06-28,2698.66,0.74,mandi_simulated
Wheat,Bengaluru,2026-06-28,2836.34,0.74,mandi_simulated
Wheat,Nashik,2026-06-29,2751.84,0.71,mandi_simulated
Wheat,Pune,2026-06-29,2779.92,0.71,mandi_simulated
Wheat,Karnal,2026-06-29,2723.76,0.71,mandi_simulated
Wheat,Ludhiana,2026-06-29,2751.84,0.71,mandi_simulated
Wheat,Nagpur,2026-06-29,2864.17,0.71,mandi_simulated
Wheat,Ahmedabad,2026-06-29,2723.76,0.71,mandi_simulated
Wheat,Indore,2026-06-29,2723.76,0.71,mandi_simulated
Wheat,Jaipur,2026-06-29,2723.76,0.71,mandi_simulated
Wheat,Hyderabad,2026-06-29,2751.84,0.71,mandi_simulated
Wheat,Bengaluru,2026-06-29,2892.25,0.71,mandi_simulated
Wheat,Nashik,2026-06-30,2680.98,0.69,mandi_simulated
Wheat,Pune,2026-06-30,2708.33,0.69,mandi_simulated
Wheat,Karnal,2026-06-30,2653.62,0.69,mandi_simulated
Wheat,Ludhiana,2026-06-30,2680.98,0.69,mandi_simulated
Wheat,Nagpur,2026-06-30,2790.4,0.69,mandi_simulated
Wheat,Ahmedabad,2026-06-30,2653.62,0.69,mandi_simulated
Wheat,Indore,2026-06-30,2653.62,0.69,mandi_simulated
Wheat,Jaipur,2026-06-30,2653.62,0.69,mandi_simulated
Wheat,Hyderabad,2026-06-30,2680.98,0.69,mandi_simulated
Wheat,Bengaluru,2026-06-30,2817.76,0.69,mandi_simulated
Wheat,Nashik,2026-07-01,2841.53,0.66,mandi_simulated
Wheat,Pune,2026-07-01,2870.52,0.66,mandi_simulated
Wheat,Karnal,2026-07-01,2812.53,0.66,mandi_simulated
Wheat,Ludhiana,2026-07-01,2841.53,0.66,mandi_simulated
Wheat,Nagpur,2026-07-01,2957.51,0.66,mandi_simulated
Wheat,Ahmedabad,2026-07-01,2812.53,0.66,mandi_simulated
Wheat,Indore,2026-07-01,2812.53,0.66,mandi_simulated
Wheat,Jaipur,2026-07-01,2812.53,0.66,mandi_simulated
Wheat,Hyderabad,2026-07-01,2841.53,0.66,mandi_simulated
Wheat,Bengaluru,2026-07-01,2986.5,0.66,mandi_simulated
Wheat,Nashik,2026-07-02,2830.22,0.63,mandi_simulated
Wheat,Pune,2026-07-02,2859.1,0.63,mandi_simulated
Wheat,Karnal,2026-07-02,2801.34,0.63,mandi_simulated
Wheat,Ludhiana,2026-07-02,2830.22,0.63,mandi_simulated
Wheat,Nagpur,2026-07-02,2945.74,0.63,mandi_simulated
Wheat,Ahmedabad,2026-07-02,2801.34,0.63,mandi_simulated
Wheat,Indore,2026-07-02,2801.34,0.63,mandi_simulated
Wheat,Jaipur,2026-07-02,2801.34,0.63,mandi_simulated
Wheat,Hyderabad,2026-07-02,2830.22,0.63,mandi_simulated
Wheat,Bengaluru,2026-07-02,2974.62,0.63,mandi_simulated
Wheat,Nashik,2026-07-03,2701.51,0.61,mandi_simulated
Wheat,Pune,2026-07-03,2729.08,0.61,mandi_simulated
Wheat,Karnal,2026-07-03,2673.94,0.61,mandi_simulated
Wheat,Ludhiana,2026-07-03,2701.51,0.61,mandi_simulated
Wheat,Nagpur,2026-07-03,2811.78,0.61,mandi_simulated
Wheat,Ahmedabad,2026-07-03,2673.94,0.61,mandi_simulated
Wheat,Indore,2026-07-03,2673.94,0.61,mandi_simulated
Wheat,Jaipur,2026-07-03,2673.94,0.61,mandi_simulated
Wheat,Hyderabad,2026-07-03,2701.51,0.61,mandi_simulated
Wheat,Bengaluru,2026-07-03,2839.34,0.61,mandi_simulated
Wheat,Nashik,2026-07-04,2772.34,0.58,mandi_simulated
Wheat,Pune,2026-07-04,2800.63,0.58,mandi_simulated
Wheat,Karnal,2026-07-04,2744.05,0.58,mandi_simulated
Wheat,Ludhiana,2026-07-04,2772.34,0.58,mandi_simulated
Wheat,Nagpur,2026-07-04,2885.5,0.58,mandi_simulated
Wheat,Ahmedabad,2026-07-04,2744.05,0.58,mandi_simulated
Wheat,Indore,2026-07-04,2744.05,0.58,mandi_simulated
Wheat,Jaipur,2026-07-04,2744.05,0.58,mandi_simulated
Wheat,Hyderabad,2026-07-04,2772.34,0.58,mandi_simulated
Wheat,Bengaluru,2026-07-04,2913.79,0.58,mandi_simulated
Wheat,Nashik,2026-07-05,2760.86,0.55,mandi_simulated
Wheat,Pune,2026-07-05,2789.03,0.55,mandi_simulated
Wheat,Karnal,2026-07-05,2732.69,0.55,mandi_simulated
Wheat,Ludhiana,2026-07-05,2760.86,0.55,mandi_simulated
Wheat,Nagpur,2026-07-05,2873.55,0.55,mandi_simulated
Wheat,Ahmedabad,2026-07-05,2732.69,0.55,mandi_simulated
Wheat,Indore,2026-07-05,2732.69,0.55,mandi_simulated
Wheat,Jaipur,2026-07-05,2732.69,0.55,mandi_simulated
Wheat,Hyderabad,2026-07-05,2760.86,0.55,mandi_simulated
Wheat,Bengaluru,2026-07-05,2901.72,0.55,mandi_simulated
Wheat,Nashik,2026-07-06,2655.36,0.58,mandi_simulated
Wheat,Pune,2026-07-06,2682.45,0.58,mandi_simulated
Wheat,Karnal,2026-07-06,2628.26,0.58,mandi_simulated
Wheat,Ludhiana,2026-07-06,2655.36,0.58,mandi_simulated
Wheat,Nagpur,2026-07-06,2763.74,0.58,mandi_simulated
Wheat,Ahmedabad,2026-07-06,2628.26,0.58,mandi_simulated
Wheat,Indore,2026-07-06,2628.26,0.58,mandi_simulated
Wheat,Jaipur,2026-07-06,2628.26,0.58,mandi_simulated
Wheat,Hyderabad,2026-07-06,2655.36,0.58,mandi_simulated
Wheat,Bengaluru,2026-07-06,2790.83,0.58,mandi_simulated
Wheat,Nashik,2026-07-07,2781.75,0.61,mandi_simulated
Wheat,Pune,2026-07-07,2810.13,0.61,mandi_simulated
Wheat,Karnal,2026-07-07,2753.36,0.61,mandi_simulated
Wheat,Ludhiana,2026-07-07,2781.75,0.61,mandi_simulated
Wheat,Nagpur,2026-07-07,2895.29,0.61,mandi_simulated
Wheat,Ahmedabad,2026-07-07,2753.36,0.61,mandi_simulated
Wheat,Indore,2026-07-07,2753.36,0.61,mandi_simulated
Wheat,Jaipur,2026-07-07,2753.36,0.61,mandi_simulated
Wheat,Hyderabad,2026-07-07,2781.75,0.61,mandi_simulated
Wheat,Bengaluru,2026-07-07,2923.67,0.61,mandi_simulated
Wheat,Nashik,2026-07-08,2725.55,0.64,mandi_simulated
Wheat,Pune,2026-07-08,2753.36,0.64,mandi_simulated
Wheat,Karnal,2026-07-08,2697.74,0.64,mandi_simulated
Wheat,Ludhiana,2026-07-08,2725.55,0.64,mandi_simulated
Wheat,Nagpur,2026-07-08,2836.8,0.64,mandi_simulated
Wheat,Ahmedabad,2026-07-08,2697.74,0.64,mandi_simulated
Wheat,Indore,2026-07-08,2697.74,0.64,mandi_simulated
Wheat,Jaipur,2026-07-08,2697.74,0.64,mandi_simulated
Wheat,Hyderabad,2026-07-08,2725.55,0.64,mandi_simulated
Wheat,Bengaluru,2026-07-08,2864.61,0.64,mandi_simulated
Wheat,Nashik,2026-07-09,2769.0,0.66,mandi_simulated
Wheat,Pune,2026-07-09,2797.26,0.66,mandi_simulated
Wheat,Karnal,2026-07-09,2740.75,0.66,mandi_simulated
Wheat,Ludhiana,2026-07-09,2769.0,0.66,mandi_simulated
Wheat,Nagpur,2026-07-09,2882.02,0.66,mandi_simulated
Wheat,Ahmedabad,2026-07-09,2740.75,0.66,mandi_simulated
Wheat,Indore,2026-07-09,2740.75,0.66,mandi_simulated
Wheat,Jaipur,2026-07-09,2740.75,0.66,mandi_simulated
Wheat,Hyderabad,2026-07-09,2769.0,0.66,mandi_simulated
Wheat,Bengaluru,2026-07-09,2910.28,0.66,mandi_simulated
Wheat,Nashik,2026-07-10,2706.04,0.69,mandi_simulated
Wheat,Pune,2026-07-10,2733.65,0.69,mandi_simulated
Wheat,Karnal,2026-07-10,2678.43,0.69,mandi_simulated
Wheat,Ludhiana,2026-07-10,2706.04,0.69,mandi_simulated
Wheat,Nagpur,2026-07-10,2816.49,0.69,mandi_simulated
Wheat,Ahmedabad,2026-07-10,2678.43,0.69,mandi_simulated
Wheat,Indore,2026-07-10,2678.43,0.69,mandi_simulated
Wheat,Jaipur,2026-07-10,2678.43,0.69,mandi_simulated
Wheat,Hyderabad,2026-07-10,2706.04,0.69,mandi_simulated
Wheat,Bengaluru,2026-07-10,2844.1,0.69,mandi_simulated
Wheat,Nashik,2026-07-11,2582.14,0.72,mandi_simulated
Wheat,Pune,2026-07-11,2608.49,0.72,mandi_simulated
Wheat,Karnal,2026-07-11,2555.79,0.72,mandi_simulated
Wheat,Ludhiana,2026-07-11,2582.14,0.72,mandi_simulated
Wheat,Nagpur,2026-07-11,2687.53,0.72,mandi_simulated
Wheat,Ahmedabad,2026-07-11,2555.79,0.72,mandi_simulated
Wheat,Indore,2026-07-11,2555.79,0.72,mandi_simulated
Wheat,Jaipur,2026-07-11,2555.79,0.72,mandi_simulated
Wheat,Hyderabad,2026-07-11,2582.14,0.72,mandi_simulated
Wheat,Bengaluru,2026-07-11,2713.88,0.72,mandi_simulated
Wheat,Nashik,2026-07-12,2641.34,0.74,mandi_simulated
Wheat,Pune,2026-07-12,2668.29,0.74,mandi_simulated
Wheat,Karnal,2026-07-12,2614.39,0.74,mandi_simulated
Wheat,Ludhiana,2026-07-12,2641.34,0.74,mandi_simulated
Wheat,Nagpur,2026-07-12,2749.15,0.74,mandi_simulated
Wheat,Ahmedabad,2026-07-12,2614.39,0.74,mandi_simulated
Wheat,Indore,2026-07-12,2614.39,0.74,mandi_simulated
Wheat,Jaipur,2026-07-12,2614.39,0.74,mandi_simulated
Wheat,Hyderabad,2026-07-12,2641.34,0.74,mandi_simulated
Wheat,Bengaluru,2026-07-12,2776.1,0.74,mandi_simulated
Wheat,Nashik,2026-07-13,2565.26,0.77,mandi_simulated
Wheat,Pune,2026-07-13,2591.43,0.77,mandi_simulated
Wheat,Karnal,2026-07-13,2539.08,0.77,mandi_simulated
Wheat,Ludhiana,2026-07-13,2565.26,0.77,mandi_simulated
Wheat,Nagpur,2026-07-13,2669.96,0.77,mandi_simulated
Wheat,Ahmedabad,2026-07-13,2539.08,0.77,mandi_simulated
Wheat,Indore,2026-07-13,2539.08,0.77,mandi_simulated
Wheat,Jaipur,2026-07-13,2539.08,0.77,mandi_simulated
Wheat,Hyderabad,2026-07-13,2565.26,0.77,mandi_simulated
Wheat,Bengaluru,2026-07-13,2696.14,0.77,mandi_simulated
Wheat,Nashik,2026-07-14,2747.19,0.79,mandi_simulated
Wheat,Pune,2026-07-14,2775.23,0.79,mandi_simulated
Wheat,Karnal,2026-07-14,2719.16,0.79,mandi_simulated
Wheat,Ludhiana,2026-07-14,2747.19,0.79,mandi_simulated
Wheat,Nagpur,2026-07-14,2859.32,0.79,mandi_simulated
Wheat,Ahmedabad,2026-07-14,2719.16,0.79,mandi_simulated
Wheat,Indore,2026-07-14,2719.16,0.79,mandi_simulated
Wheat,Jaipur,2026-07-14,2719.16,0.79,mandi_simulated
Wheat,Hyderabad,2026-07-14,2747.19,0.79,mandi_simulated
Wheat,Bengaluru,2026-07-14,2887.36,0.79,mandi_simulated
Wheat,Nashik,2026-07-15,2723.8,0.81,mandi_simulated
Wheat,Pune,2026-07-15,2751.59,0.81,mandi_simulated
Wheat,Karnal,2026-07-15,2696.0,0.81,mandi_simulated
Wheat,Ludhiana,2026-07-15,2723.8,0.81,mandi_simulated
Wheat,Nagpur,2026-07-15,2834.97,0.81,mandi_simulated
Wheat,Ahmedabad,2026-07-15,2696.0,0.81,mandi_simulated
Wheat,Indore,2026-07-15,2696.0,0.81,mandi_simulated
Wheat,Jaipur,2026-07-15,2696.0,0.81,mandi_simulated
Wheat,Hyderabad,2026-07-15,2723.8,0.81,mandi_simulated
Wheat,Bengaluru,2026-07-15,2862.76,0.81,mandi_simulated
Wheat,Nashik,2026-07-16,2700.72,0.83,mandi_simulated
Wheat,Pune,2026-07-16,2728.27,0.83,mandi_simulated
Wheat,Karnal,2026-07-16,2673.16,0.83,mandi_simulated
Wheat,Ludhiana,2026-07-16,2700.72,0.83,mandi_simulated
Wheat,Nagpur,2026-07-16,2810.95,0.83,mandi_simulated
Wheat,Ahmedabad,2026-07-16,2673.16,0.83,mandi_simulated
Wheat,Indore,2026-07-16,2673.16,0.83,mandi_simulated
Wheat,Jaipur,2026-07-16,2673.16,0.83,mandi_simulated
Wheat,Hyderabad,2026-07-16,2700.72,0.83,mandi_simulated
Wheat,Bengaluru,2026-07-16,2838.51,0.83,mandi_simulated
Wheat,Nashik,2026-07-17,2577.41,0.85,mandi_simulated
Wheat,Pune,2026-07-17,2603.71,0.85,mandi_simulated
Wheat,Karnal,2026-07-17,2551.11,0.85,mandi_simulated
Wheat,Ludhiana,2026-07-17,2577.41,0.85,mandi_simulated
Wheat,Nagpur,2026-07-17,2682.61,0.85,mandi_simulated
Wheat,Ahmedabad,2026-07-17,2551.11,0.85,mandi_simulated
Wheat,Indore,2026-07-17,2551.11,0.85,mandi_simulated
Wheat,Jaipur,2026-07-17,2551.11,0.85,mandi_simulated
Wheat,Hyderabad,2026-07-17,2577.41,0.85,mandi_simulated
Wheat,Bengaluru,2026-07-17,2708.91,0.85,mandi_simulated
Wheat,Nashik,2026-07-18,2512.09,0.87,mandi_simulated
Wheat,Pune,2026-07-18,2537.72,0.87,mandi_simulated
Wheat,Karnal,2026-07-18,2486.45,0.87,mandi_simulated
Wheat,Ludhiana,2026-07-18,2512.09,0.87,mandi_simulated
Wheat,Nagpur,2026-07-18,2614.62,0.87,mandi_simulated
Wheat,Ahmedabad,2026-07-18,2486.45,0.87,mandi_simulated
Wheat,Indore,2026-07-18,2486.45,0.87,mandi_simulated
Wheat,Jaipur,2026-07-18,2486.45,0.87,mandi_simulated
Wheat,Hyderabad,2026-07-18,2512.09,0.87,mandi_simulated
Wheat,Bengaluru,2026-07-18,2640.25,0.87,mandi_simulated
Wheat,Nashik,2026-07-19,2668.72,0.89,mandi_simulated
Wheat,Pune,2026-07-19,2695.95,0.89,mandi_simulated
Wheat,Karnal,2026-07-19,2641.48,0.89,mandi_simulated
Wheat,Ludhiana,2026-07-19,2668.72,0.89,mandi_simulated
Wheat,Nagpur,2026-07-19,2777.64,0.89,mandi_simulated
Wheat,Ahmedabad,2026-07-19,2641.48,0.89,mandi_simulated
Wheat,Indore,2026-07-19,2641.48,0.89,mandi_simulated
Wheat,Jaipur,2026-07-19,2641.48,0.89,mandi_simulated
Wheat,Hyderabad,2026-07-19,2668.72,0.89,mandi_simulated
Wheat,Bengaluru,2026-07-19,2804.87,0.89,mandi_simulated
Wheat,Nashik,2026-07-20,2668.49,0.9,mandi_simulated
Wheat,Pune,2026-07-20,2695.72,0.9,mandi_simulated
Wheat,Karnal,2026-07-20,2641.26,0.9,mandi_simulated
Wheat,Ludhiana,2026-07-20,2668.49,0.9,mandi_simulated
Wheat,Nagpur,2026-07-20,2777.41,0.9,mandi_simulated
Wheat,Ahmedabad,2026-07-20,2641.26,0.9,mandi_simulated
Wheat,Indore,2026-07-20,2641.26,0.9,mandi_simulated
Wheat,Jaipur,2026-07-20,2641.26,0.9,mandi_simulated
Wheat,Hyderabad,2026-07-20,2668.49,0.9,mandi_simulated
Wheat,Bengaluru,2026-07-20,2804.64,0.9,mandi_simulated
Wheat,Nashik,2026-07-21,2477.29,0.91,mandi_simulated
Wheat,Pune,2026-07-21,2502.57,0.91,mandi_simulated
Wheat,Karnal,2026-07-21,2452.01,0.91,mandi_simulated
Wheat,Ludhiana,2026-07-21,2477.29,0.91,mandi_simulated
Wheat,Nagpur,2026-07-21,2578.4,0.91,mandi_simulated
Wheat,Ahmedabad,2026-07-21,2452.01,0.91,mandi_simulated
Wheat,Indore,2026-07-21,2452.01,0.91,mandi_simulated
Wheat,Jaipur,2026-07-21,2452.01,0.91,mandi_simulated
Wheat,Hyderabad,2026-07-21,2477.29,0.91,mandi_simulated
Wheat,Bengaluru,2026-07-21,2603.68,0.91,mandi_simulated
Wheat,Nashik,2026-07-22,2545.14,0.93,mandi_simulated
Wheat,Pune,2026-07-22,2571.12,0.93,mandi_simulated
Wheat,Karnal,2026-07-22,2519.17,0.93,mandi_simulated
Wheat,Ludhiana,2026-07-22,2545.14,0.93,mandi_simulated
Wheat,Nagpur,2026-07-22,2649.03,0.93,mandi_simulated
Wheat,Ahmedabad,2026-07-22,2519.17,0.93,mandi_simulated
Wheat,Indore,2026-07-22,2519.17,0.93,mandi_simulated
Wheat,Jaipur,2026-07-22,2519.17,0.93,mandi_simulated
Wheat,Hyderabad,2026-07-22,2545.14,0.93,mandi_simulated
Wheat,Bengaluru,2026-07-22,2675.0,0.93,mandi_simulated
Wheat,Nashik,2026-07-23,2446.46,0.93,mandi_simulated
Wheat,Pune,2026-07-23,2471.42,0.93,mandi_simulated
Wheat,Karnal,2026-07-23,2421.5,0.93,mandi_simulated
Wheat,Ludhiana,2026-07-23,2446.46,0.93,mandi_simulated
Wheat,Nagpur,2026-07-23,2546.31,0.93,mandi_simulated
Wheat,Ahmedabad,2026-07-23,2421.5,0.93,mandi_simulated
Wheat,Indore,2026-07-23,2421.5,0.93,mandi_simulated
Wheat,Jaipur,2026-07-23,2421.5,0.93,mandi_simulated
Wheat,Hyderabad,2026-07-23,2446.46,0.93,mandi_simulated
Wheat,Bengaluru,2026-07-23,2571.28,0.93,mandi_simulated
Wheat,Nashik,2026-07-24,2572.16,0.94,mandi_simulated
Wheat,Pune,2026-07-24,2598.41,0.94,mandi_simulated
Wheat,Karnal,2026-07-24,2545.91,0.94,mandi_simulated
Wheat,Ludhiana,2026-07-24,2572.16,0.94,mandi_simulated
Wheat,Nagpur,2026-07-24,2677.15,0.94,mandi_simulated
Wheat,Ahmedabad,2026-07-24,2545.91,0.94,mandi_simulated
Wheat,Indore,2026-07-24,2545.91,0.94,mandi_simulated
Wheat,Jaipur,2026-07-24,2545.91,0.94,mandi_simulated
Wheat,Hyderabad,2026-07-24,2572.16,0.94,mandi_simulated
Wheat,Bengaluru,2026-07-24,2703.39,0.94,mandi_simulated
Wheat,Nashik,2026-07-25,2558.91,0.95,mandi_simulated
Wheat,Pune,2026-07-25,2585.02,0.95,mandi_simulated
Wheat,Karnal,2026-07-25,2532.79,0.95,mandi_simulated
Wheat,Ludhiana,2026-07-25,2558.91,0.95,mandi_simulated
Wheat,Nagpur,2026-07-25,2663.35,0.95,mandi_simulated
Wheat,Ahmedabad,2026-07-25,2532.79,0.95,mandi_simulated
Wheat,Indore,2026-07-25,2532.79,0.95,mandi_simulated
Wheat,Jaipur,2026-07-25,2532.79,0.95,mandi_simulated
Wheat,Hyderabad,2026-07-25,2558.91,0.95,mandi_simulated
Wheat,Bengaluru,2026-07-25,2689.46,0.95,mandi_simulated
Wheat,Nashik,2026-07-26,2417.74,0.95,mandi_simulated
Wheat,Pune,2026-07-26,2442.41,0.95,mandi_simulated
Wheat,Karnal,2026-07-26,2393.06,0.95,mandi_simulated
Wheat,Ludhiana,2026-07-26,2417.74,0.95,mandi_simulated
Wheat,Nagpur,2026-07-26,2516.42,0.95,mandi_simulated
Wheat,Ahmedabad,2026-07-26,2393.06,0.95,mandi_simulated
Wheat,Indore,2026-07-26,2393.06,0.95,mandi_simulated
Wheat,Jaipur,2026-07-26,2393.06,0.95,mandi_simulated
Wheat,Hyderabad,2026-07-26,2417.74,0.95,mandi_simulated
Wheat,Bengaluru,2026-07-26,2541.09,0.95,mandi_simulated
Wheat,Nashik,2026-07-27,2473.38,0.95,mandi_simulated
Wheat,Pune,2026-07-27,2498.62,0.95,mandi_simulated
Wheat,Karnal,2026-07-27,2448.14,0.95,mandi_simulated
Wheat,Ludhiana,2026-07-27,2473.38,0.95,mandi_simulated
Wheat,Nagpur,2026-07-27,2574.34,0.95,mandi_simulated
Wheat,Ahmedabad,2026-07-27,2448.14,0.95,mandi_simulated
Wheat,Indore,2026-07-27,2448.14,0.95,mandi_simulated
Wheat,Jaipur,2026-07-27,2448.14,0.95,mandi_simulated
Wheat,Hyderabad,2026-07-27,2473.38,0.95,mandi_simulated
Wheat,Bengaluru,2026-07-27,2599.57,0.95,mandi_simulated
Wheat,Nashik,2026-07-28,2474.91,0.95,mandi_simulated
Wheat,Pune,2026-07-28,2500.17,0.95,mandi_simulated
Wheat,Karnal,2026-07-28,2449.66,0.95,mandi_simulated
Wheat,Ludhiana,2026-07-28,2474.91,0.95,mandi_simulated
Wheat,Nagpur,2026-07-28,2575.93,0.95,mandi_simulated
Wheat,Ahmedabad,2026-07-28,2449.66,0.95,mandi_simulated
Wheat,Indore,2026-07-28,2449.66,0.95,mandi_simulated
Wheat,Jaipur,2026-07-28,2449.66,0.95,mandi_simulated
Wheat,Hyderabad,2026-07-28,2474.91,0.95,mandi_simulated
Wheat,Bengaluru,2026-07-28,2601.18,0.95,mandi_simulated
Wheat,Nashik,2026-07-29,2406.21,0.95,mandi_simulated
Wheat,Pune,2026-07-29,2430.76,0.95,mandi_simulated
Wheat,Karnal,2026-07-29,2381.66,0.95,mandi_simulated
Wheat,Ludhiana,2026-07-29,2406.21,0.95,mandi_simulated
Wheat,Nagpur,2026-07-29,2504.42,0.95,mandi_simulated
Wheat,Ahmedabad,2026-07-29,2381.66,0.95,mandi_simulated
Wheat,Indore,2026-07-29,2381.66,0.95,mandi_simulated
Wheat,Jaipur,2026-07-29,2381.66,0.95,mandi_simulated
Wheat,Hyderabad,2026-07-29,2406.21,0.95,mandi_simulated
Wheat,Bengaluru,2026-07-29,2528.98,0.95,mandi_simulated
Wheat,Nashik,2026-07-30,2512.68,0.94,mandi_simulated
Wheat,Pune,2026-07-30,2538.32,0.94,mandi_simulated
Wheat,Karnal,2026-07-30,2487.04,0.94,mandi_simulated
Wheat,Ludhiana,2026-07-30,2512.68,0.94,mandi_simulated
Wheat,Nagpur,2026-07-30,2615.24,0.94,mandi_simulated
Wheat,Ahmedabad,2026-07-30,2487.04,0.94,mandi_simulated
Wheat,Indore,2026-07-30,2487.04,0.94,mandi_simulated
Wheat,Jaipur,2026-07-30,2487.04,0.94,mandi_simulated
Wheat,Hyderabad,2026-07-30,2512.68,0.94,mandi_simulated
Wheat,Bengaluru,2026-07-30,2640.88,0.94,mandi_simulated
Wheat,Nashik,2026-07-31,2413.26,0.93,mandi_simulated
Wheat,Pune,2026-07-31,2437.88,0.93,mandi_simulated
Wheat,Karnal,2026-07-31,2388.63,0.93,mandi_simulated
Wheat,Ludhiana,2026-07-31,2413.26,0.93,mandi_simulated
Wheat,Nagpur,2026-07-31,2511.76,0.93,mandi_simulated
Wheat,Ahmedabad,2026-07-31,2388.63,0.93,mandi_simulated
Wheat,Indore,2026-07-31,2388.63,0.93,mandi_simulated
Wheat,Jaipur,2026-07-31,2388.63,0.93,mandi_simulated
Wheat,Hyderabad,2026-07-31,2413.26,0.93,mandi_simulated
Wheat,Bengaluru,2026-07-31,2536.38,0.93,mandi_simulated
Wheat,Nashik,2026-08-01,2361.25,0.92,mandi_simulated
Wheat,Pune,2026-08-01,2385.34,0.92,mandi_simulated
Wheat,Karnal,2026-08-01,2337.15,0.92,mandi_simulated
Wheat,Ludhiana,2026-08-01,2361.25,0.92,mandi_simulated
Wheat,Nagpur,2026-08-01,2457.63,0.92,mandi_simulated
Wheat,Ahmedabad,2026-08-01,2337.15,0.92,mandi_simulated
Wheat,Indore,2026-08-01,2337.15,0.92,mandi_simulated
Wheat,Jaipur,2026-08-01,2337.15,0.92,mandi_simulated
Wheat,Hyderabad,2026-08-01,2361.25,0.92,mandi_simulated
Wheat,Bengaluru,2026-08-01,2481.72,0.92,mandi_simulated
Wheat,Nashik,2026-08-02,2413.97,0.91,mandi_simulated
Wheat,Pune,2026-08-02,2438.6,0.91,mandi_simulated
Wheat,Karnal,2026-08-02,2389.33,0.91,mandi_simulated
Wheat,Ludhiana,2026-08-02,2413.97,0.91,mandi_simulated
Wheat,Nagpur,2026-08-02,2512.5,0.91,mandi_simulated
Wheat,Ahmedabad,2026-08-02,2389.33,0.91,mandi_simulated
Wheat,Indore,2026-08-02,2389.33,0.91,mandi_simulated
Wheat,Jaipur,2026-08-02,2389.33,0.91,mandi_simulated
Wheat,Hyderabad,2026-08-02,2413.97,0.91,mandi_simulated
Wheat,Bengaluru,2026-08-02,2537.13,0.91,mandi_simulated
Wheat,Nashik,2026-08-03,2440.6,0.9,mandi_simulated
Wheat,Pune,2026-08-03,2465.5,0.9,mandi_simulated
Wheat,Karnal,2026-08-03,2415.7,0.9,mandi_simulated
Wheat,Ludhiana,2026-08-03,2440.6,0.9,mandi_simulated
Wheat,Nagpur,2026-08-03,2540.22,0.9,mandi_simulated
Wheat,Ahmedabad,2026-08-03,2415.7,0.9,mandi_simulated
Wheat,Indore,2026-08-03,2415.7,0.9,mandi_simulated
Wheat,Jaipur,2026-08-03,2415.7,0.9,mandi_simulated
Wheat,Hyderabad,2026-08-03,2440.6,0.9,mandi_simulated
Wheat,Bengaluru,2026-08-03,2565.12,0.9,mandi_simulated
Wheat,Nashik,2026-08-04,2330.29,0.89,mandi_simulated
Wheat,Pune,2026-08-04,2354.07,0.89,mandi_simulated
Wheat,Karnal,2026-08-04,2306.52,0.89,mandi_simulated
Wheat,Ludhiana,2026-08-04,2330.29,0.89,mandi_simulated
Wheat,Nagpur,2026-08-04,2425.41,0.89,mandi_simulated
Wheat,Ahmedabad,2026-08-04,2306.52,0.89,mandi_simulated
Wheat,Indore,2026-08-04,2306.52,0.89,mandi_simulated
Wheat,Jaipur,2026-08-04,2306.52,0.89,mandi_simulated
Wheat,Hyderabad,2026-08-04,2330.29,0.89,mandi_simulated
Wheat,Bengaluru,2026-08-04,2449.19,0.89,mandi_simulated
Wheat,Nashik,2026-08-05,2343.17,0.87,mandi_simulated
Wheat,Pune,2026-08-05,2367.08,0.87,mandi_simulated
Wheat,Karnal,2026-08-05,2319.26,0.87,mandi_simulated
Wheat,Ludhiana,2026-08-05,2343.17,0.87,mandi_simulated
Wheat,Nagpur,2026-08-05,2438.81,0.87,mandi_simulated
Wheat,Ahmedabad,2026-08-05,2319.26,0.87,mandi_simulated
Wheat,Indore,2026-08-05,2319.26,0.87,mandi_simulated
Wheat,Jaipur,2026-08-05,2319.26,0.87,mandi_simulated
Wheat,Hyderabad,2026-08-05,2343.17,0.87,mandi_simulated
Wheat,Bengaluru,2026-08-05,2462.72,0.87,mandi_simulated
Wheat,Nashik,2026-08-06,2465.41,0.85,mandi_simulated
Wheat,Pune,2026-08-06,2490.57,0.85,mandi_simulated
Wheat,Karnal,2026-08-06,2440.25,0.85,mandi_simulated
Wheat,Ludhiana,2026-08-06,2465.41,0.85,mandi_simulated
Wheat,Nagpur,2026-08-06,2566.04,0.85,mandi_simulated
Wheat,Ahmedabad,2026-08-06,2440.25,0.85,mandi_simulated
Wheat,Indore,2026-08-06,2440.25,0.85,mandi_simulated
Wheat,Jaipur,2026-08-06,2440.25,0.85,mandi_simulated
Wheat,Hyderabad,2026-08-06,2465.41,0.85,mandi_simulated
Wheat,Bengaluru,2026-08-06,2591.19,0.85,mandi_simulated
Wheat,Nashik,2026-08-07,2393.14,0.83,mandi_simulated
Wheat,Pune,2026-08-07,2417.56,0.83,mandi_simulated
Wheat,Karnal,2026-08-07,2368.72,0.83,mandi_simulated
Wheat,Ludhiana,2026-08-07,2393.14,0.83,mandi_simulated
Wheat,Nagpur,2026-08-07,2490.82,0.83,mandi_simulated
Wheat,Ahmedabad,2026-08-07,2368.72,0.83,mandi_simulated
Wheat,Indore,2026-08-07,2368.72,0.83,mandi_simulated
Wheat,Jaipur,2026-08-07,2368.72,0.83,mandi_simulated
Wheat,Hyderabad,2026-08-07,2393.14,0.83,mandi_simulated
Wheat,Bengaluru,2026-08-07,2515.24,0.83,mandi_simulated
Wheat,Nashik,2026-08-08,2347.32,0.81,mandi_simulated
Wheat,Pune,2026-08-08,2371.27,0.81,mandi_simulated
Wheat,Karnal,2026-08-08,2323.37,0.81,mandi_simulated
Wheat,Ludhiana,2026-08-08,2347.32,0.81,mandi_simulated
Wheat,Nagpur,2026-08-08,2443.13,0.81,mandi_simulated
Wheat,Ahmedabad,2026-08-08,2323.37,0.81,mandi_simulated
Wheat,Indore,2026-08-08,2323.37,0.81,mandi_simulated
Wheat,Jaipur,2026-08-08,2323.37,0.81,mandi_simulated
Wheat,Hyderabad,2026-08-08,2347.32,0.81,mandi_simulated
Wheat,Bengaluru,2026-08-08,2467.08,0.81,mandi_simulated
Wheat,Nashik,2026-08-09,2357.45,0.79,mandi_simulated
Wheat,Pune,2026-08-09,2381.5,0.79,mandi_simulated
Wheat,Karnal,2026-08-09,2333.39,0.79,mandi_simulated
Wheat,Ludhiana,2026-08-09,2357.45,0.79,mandi_simulated
Wheat,Nagpur,2026-08-09,2453.67,0.79,mandi_simulated
Wheat,Ahmedabad,2026-08-09,2333.39,0.79,mandi_simulated
Wheat,Indore,2026-08-09,2333.39,0.79,mandi_simulated
Wheat,Jaipur,2026-08-09,2333.39,0.79,mandi_simulated
Wheat,Hyderabad,2026-08-09,2357.45,0.79,mandi_simulated
Wheat,Bengaluru,2026-08-09,2477.72,0.79,mandi_simulated
Wheat,Nashik,2026-08-10,2278.96,0.76,mandi_simulated
Wheat,Pune,2026-08-10,2302.21,0.76,mandi_simulated
Wheat,Karnal,2026-08-10,2255.7,0.76,mandi_simulated
Wheat,Ludhiana,2026-08-10,2278.96,0.76,mandi_simulated
Wheat,Nagpur,2026-08-10,2371.98,0.76,mandi_simulated
Wheat,Ahmedabad,2026-08-10,2255.7,0.76,mandi_simulated
Wheat,Indore,2026-08-10,2255.7,0.76,mandi_simulated
Wheat,Jaipur,2026-08-10,2255.7,0.76,mandi_simulated
Wheat,Hyderabad,2026-08-10,2278.96,0.76,mandi_simulated
Wheat,Bengaluru,2026-08-10,2395.23,0.76,mandi_simulated
Wheat,Nashik,2026-08-11,2295.56,0.74,mandi_simulated
Wheat,Pune,2026-08-11,2318.98,0.74,mandi_simulated
Wheat,Karnal,2026-08-11,2272.14,0.74,mandi_simulated
Wheat,Ludhiana,2026-08-11,2295.56,0.74,mandi_simulated
Wheat,Nagpur,2026-08-11,2389.26,0.74,mandi_simulated
Wheat,Ahmedabad,2026-08-11,2272.14,0.74,mandi_simulated
Wheat,Indore,2026-08-11,2272.14,0.74,mandi_simulated
Wheat,Jaipur,2026-08-11,2272.14,0.74,mandi_simulated
Wheat,Hyderabad,2026-08-11,2295.56,0.74,mandi_simulated
Wheat,Bengaluru,2026-08-11,2412.68,0.74,mandi_simulated
Wheat,Nashik,2026-08-12,2314.9,0.71,mandi_simulated
Wheat,Pune,2026-08-12,2338.52,0.71,mandi_simulated
Wheat,Karnal,2026-08-12,2291.28,0.71,mandi_simulated
Wheat,Ludhiana,2026-08-12,2314.9,0.71,mandi_simulated
Wheat,Nagpur,2026-08-12,2409.38,0.71,mandi_simulated
Wheat,Ahmedabad,2026-08-12,2291.28,0.71,mandi_simulated
Wheat,Indore,2026-08-12,2291.28,0.71,mandi_simulated
Wheat,Jaipur,2026-08-12,2291.28,0.71,mandi_simulated
Wheat,Hyderabad,2026-08-12,2314.9,0.71,mandi_simulated
Wheat,Bengaluru,2026-08-12,2433.0,0.71,mandi_simulated
Wheat,Nashik,2026-08-13,2360.85,0.69,mandi_simulated
Wheat,Pune,2026-08-13,2384.94,0.69,mandi_simulated
Wheat,Karnal,2026-08-13,2336.76,0.69,mandi_simulated
Wheat,Ludhiana,2026-08-13,2360.85,0.69,mandi_simulated
Wheat,Nagpur,2026-08-13,2457.21,0.69,mandi_simulated
Wheat,Ahmedabad,2026-08-13,2336.76,0.69,mandi_simulated
Wheat,Indore,2026-08-13,2336.76,0.69,mandi_simulated
Wheat,Jaipur,2026-08-13,2336.76,0.69,mandi_simulated
Wheat,Hyderabad,2026-08-13,2360.85,0.69,mandi_simulated
Wheat,Bengaluru,2026-08-13,2481.3,0.69,mandi_simulated
Wheat,Nashik,2026-08-14,2293.67,0.66,mandi_simulated
Wheat,Pune,2026-08-14,2317.07,0.66,mandi_simulated
Wheat,Karnal,2026-08-14,2270.26,0.66,mandi_simulated
Wheat,Ludhiana,2026-08-14,2293.67,0.66,mandi_simulated
Wheat,Nagpur,2026-08-14,2387.29,0.66,mandi_simulated
Wheat,Ahmedabad,2026-08-14,2270.26,0.66,mandi_simulated
Wheat,Indore,2026-08-14,2270.26,0.66,mandi_simulated
Wheat,Jaipur,2026-08-14,2270.26,0.66,mandi_simulated
Wheat,Hyderabad,2026-08-14,2293.67,0.66,mandi_simulated
Wheat,Bengaluru,2026-08-14,2410.69,0.66,mandi_simulated
Wheat,Nashik,2026-08-15,2292.78,0.63,mandi_simulated
Wheat,Pune,2026-08-15,2316.18,0.63,mandi_simulated
Wheat,Karnal,2026-08-15,2269.39,0.63,mandi_simulated
Wheat,Ludhiana,2026-08-15,2292.78,0.63,mandi_simulated
Wheat,Nagpur,2026-08-15,2386.37,0.63,mandi_simulated
Wheat,Ahmedabad,2026-08-15,2269.39,0.63,mandi_simulated
Wheat,Indore,2026-08-15,2269.39,0.63,mandi_simulated
Wheat,Jaipur,2026-08-15,2269.39,0.63,mandi_simulated
Wheat,Hyderabad,2026-08-15,2292.78,0.63,mandi_simulated
Wheat,Bengaluru,2026-08-15,2409.76,0.63,mandi_simulated
Wheat,Nashik,2026-08-16,2266.7,0.6,mandi_simulated
Wheat,Pune,2026-08-16,2289.83,0.6,mandi_simulated
Wheat,Karnal,2026-08-16,2243.57,0.6,mandi_simulated
Wheat,Ludhiana,2026-08-16,2266.7,0.6,mandi_simulated
Wheat,Nagpur,2026-08-16,2359.22,0.6,mandi_simulated
Wheat,Ahmedabad,2026-08-16,2243.57,0.6,mandi_simulated
Wheat,Indore,2026-08-16,2243.57,0.6,mandi_simulated
Wheat,Jaipur,2026-08-16,2243.57,0.6,mandi_simulated
Wheat,Hyderabad,2026-08-16,2266.7,0.6,mandi_simulated
Wheat,Bengaluru,2026-08-16,2382.35,0.6,mandi_simulated
Wheat,Nashik,2026-08-17,2374.86,0.58,mandi_simulated
Wheat,Pune,2026-08-17,2399.1,0.58,mandi_simulated
Wheat,Karnal,2026-08-17,2350.63,0.58,mandi_simulated
Wheat,Ludhiana,2026-08-17,2374.86,0.58,mandi_simulated
Wheat,Nagpur,2026-08-17,2471.8,0.58,mandi_simulated
Wheat,Ahmedabad,2026-08-17,2350.63,0.58,mandi_simulated
Wheat,Indore,2026-08-17,2350.63,0.58,mandi_simulated
Wheat,Jaipur,2026-08-17,2350.63,0.58,mandi_simulated
Wheat,Hyderabad,2026-08-17,2374.86,0.58,mandi_simulated
Wheat,Bengaluru,2026-08-17,2496.03,0.58,mandi_simulated
Wheat,Nashik,2026-08-18,2303.09,0.55,mandi_simulated
Wheat,Pune,2026-08-18,2326.59,0.55,mandi_simulated
Wheat,Karnal,2026-08-18,2279.59,0.55,mandi_simulated
Wheat,Ludhiana,2026-08-18,2303.09,0.55,mandi_simulated
Wheat,Nagpur,2026-08-18,2397.09,0.55,mandi_simulated
Wheat,Ahmedabad,2026-08-18,2279.59,0.55,mandi_simulated
Wheat,Indore,2026-08-18,2279.59,0.55,mandi_simulated
Wheat,Jaipur,2026-08-18,2279.59,0.55,mandi_simulated
Wheat,Hyderabad,2026-08-18,2303.09,0.55,mandi_simulated
Wheat,Bengaluru,2026-08-18,2420.59,0.55,mandi_simulated
Wheat,Nashik,2026-08-19,2435.51,0.58,mandi_simulated
Wheat,Pune,2026-08-19,2460.37,0.58,mandi_simulated
Wheat,Karnal,2026-08-19,2410.66,0.58,mandi_simulated
Wheat,Ludhiana,2026-08-19,2435.51,0.58,mandi_simulated
Wheat,Nagpur,2026-08-19,2534.92,0.58,mandi_simulated
Wheat,Ahmedabad,2026-08-19,2410.66,0.58,mandi_simulated
Wheat,Indore,2026-08-19,2410.66,0.58,mandi_simulated
Wheat,Jaipur,2026-08-19,2410.66,0.58,mandi_simulated
Wheat,Hyderabad,2026-08-19,2435.51,0.58,mandi_simulated
Wheat,Bengaluru,2026-08-19,2559.77,0.58,mandi_simulated
Wheat,Nashik,2026-08-20,2432.83,0.61,mandi_simulated
Wheat,Pune,2026-08-20,2457.65,0.61,mandi_simulated
Wheat,Karnal,2026-08-20,2408.0,0.61,mandi_simulated
Wheat,Ludhiana,2026-08-20,2432.83,0.61,mandi_simulated
Wheat,Nagpur,2026-08-20,2532.13,0.61,mandi_simulated
Wheat,Ahmedabad,2026-08-20,2408.0,0.61,mandi_simulated
Wheat,Indore,2026-08-20,2408.0,0.61,mandi_simulated
Wheat,Jaipur,2026-08-20,2408.0,0.61,mandi_simulated
Wheat,Hyderabad,2026-08-20,2432.83,0.61,mandi_simulated
Wheat,Bengaluru,2026-08-20,2556.95,0.61,mandi_simulated
Wheat,Nashik,2026-08-21,2290.05,0.64,mandi_simulated
Wheat,Pune,2026-08-21,2313.42,0.64,mandi_simulated
Wheat,Karnal,2026-08-21,2266.69,0.64,mandi_simulated
Wheat,Ludhiana,2026-08-21,2290.05,0.64,mandi_simulated
Wheat,Nagpur,2026-08-21,2383.53,0.64,mandi_simulated
Wheat,Ahmedabad,2026-08-21,2266.69,0.64,mandi_simulated
Wheat,Indore,2026-08-21,2266.69,0.64,mandi_simulated
Wheat,Jaipur,2026-08-21,2266.69,0.64,mandi_simulated
Wheat,Hyderabad,2026-08-21,2290.05,0.64,mandi_simulated
Wheat,Bengaluru,2026-08-21,2406.89,0.64,mandi_simulated
Wheat,Nashik,2026-08-22,2329.15,0.66,mandi_simulated
Wheat,Pune,2026-08-22,2352.91,0.66,mandi_simulated
Wheat,Karnal,2026-08-22,2305.38,0.66,mandi_simulated
Wheat,Ludhiana,2026-08-22,2329.15,0.66,mandi_simulated
Wheat,Nagpur,2026-08-22,2424.21,0.66,mandi_simulated
Wheat,Ahmedabad,2026-08-22,2305.38,0.66,mandi_simulated
Wheat,Indore,2026-08-22,2305.38,0.66,mandi_simulated
Wheat,Jaipur,2026-08-22,2305.38,0.66,mandi_simulated
Wheat,Hyderabad,2026-08-22,2329.15,0.66,mandi_simulated
Wheat,Bengaluru,2026-08-22,2447.98,0.66,mandi_simulated
Wheat,Nashik,2026-08-23,2419.64,0.69,mandi_simulated
Wheat,Pune,2026-08-23,2444.34,0.69,mandi_simulated
Wheat,Karnal,2026-08-23,2394.95,0.69,mandi_simulated
Wheat,Ludhiana,2026-08-23,2419.64,0.69,mandi_simulated
Wheat,Nagpur,2026-08-23,2518.41,0.69,mandi_simulated
Wheat,Ahmedabad,2026-08-23,2394.95,0.69,mandi_simulated
Wheat,Indore,2026-08-23,2394.95,0.69,mandi_simulated
Wheat,Jaipur,2026-08-23,2394.95,0.69,mandi_simulated
Wheat,Hyderabad,2026-08-23,2419.64,0.69,mandi_simulated
Wheat,Bengaluru,2026-08-23,2543.1,0.69,mandi_simulated
Wheat,Nashik,2026-08-24,2341.73,0.72,mandi_simulated
Wheat,Pune,2026-08-24,2365.63,0.72,mandi_simulated
Wheat,Karnal,2026-08-24,2317.84,0.72,mandi_simulated
Wheat,Ludhiana,2026-08-24,2341.73,0.72,mandi_simulated
Wheat,Nagpur,2026-08-24,2437.31,0.72,mandi_simulated
Wheat,Ahmedabad,2026-08-24,2317.84,0.72,mandi_simulated
Wheat,Indore,2026-08-24,2317.84,0.72,mandi_simulated
Wheat,Jaipur,2026-08-24,2317.84,0.72,mandi_simulated
Wheat,Hyderabad,2026-08-24,2341.73,0.72,mandi_simulated
Wheat,Bengaluru,2026-08-24,2461.21,0.72,mandi_simulated
Wheat,Nashik,2026-08-25,2335.62,0.74,mandi_simulated
Wheat,Pune,2026-08-25,2359.45,0.74,mandi_simulated
Wheat,Karnal,2026-08-25,2311.78,0.74,mandi_simulated
Wheat,Ludhiana,2026-08-25,2335.62,0.74,mandi_simulated
Wheat,Nagpur,2026-08-25,2430.95,0.74,mandi_simulated
Wheat,Ahmedabad,2026-08-25,2311.78,0.74,mandi_simulated
Wheat,Indore,2026-08-25,2311.78,0.74,mandi_simulated
Wheat,Jaipur,2026-08-25,2311.78,0.74,mandi_simulated
Wheat,Hyderabad,2026-08-25,2335.62,0.74,mandi_simulated
Wheat,Bengaluru,2026-08-25,2454.78,0.74,mandi_simulated
Wheat,Nashik,2026-08-26,2501.18,0.77,mandi_simulated
Wheat,Pune,2026-08-26,2526.71,0.77,mandi_simulated
Wheat,Karnal,2026-08-26,2475.66,0.77,mandi_simulated
Wheat,Ludhiana,2026-08-26,2501.18,0.77,mandi_simulated
Wheat,Nagpur,2026-08-26,2603.27,0.77,mandi_simulated
Wheat,Ahmedabad,2026-08-26,2475.66,0.77,mandi_simulated
Wheat,Indore,2026-08-26,2475.66,0.77,mandi_simulated
Wheat,Jaipur,2026-08-26,2475.66,0.77,mandi_simulated
Wheat,Hyderabad,2026-08-26,2501.18,0.77,mandi_simulated
Wheat,Bengaluru,2026-08-26,2628.8,0.77,mandi_simulated
Wheat,Nashik,2026-08-27,2441.99,0.79,mandi_simulated
Wheat,Pune,2026-08-27,2466.9,0.79,mandi_simulated
Wheat,Karnal,2026-08-27,2417.07,0.79,mandi_simulated
Wheat,Ludhiana,2026-08-27,2441.99,0.79,mandi_simulated
Wheat,Nagpur,2026-08-27,2541.66,0.79,mandi_simulated
Wheat,Ahmedabad,2026-08-27,2417.07,0.79,mandi_simulated
Wheat,Indore,2026-08-27,2417.07,0.79,mandi_simulated
Wheat,Jaipur,2026-08-27,2417.07,0.79,mandi_simulated
Wheat,Hyderabad,2026-08-27,2441.99,0.79,mandi_simulated
Wheat,Bengaluru,2026-08-27,2566.58,0.79,mandi_simulated
Wheat,Nashik,2026-08-28,2434.65,0.81,mandi_simulated
Wheat,Pune,2026-08-28,2459.49,0.81,mandi_simulated
Wheat,Karnal,2026-08-28,2409.8,0.81,mandi_simulated
Wheat,Ludhiana,2026-08-28,2434.65,0.81,mandi_simulated
Wheat,Nagpur,2026-08-28,2534.02,0.81,mandi_simulated
Wheat,Ahmedabad,2026-08-28,2409.8,0.81,mandi_simulated
Wheat,Indore,2026-08-28,2409.8,0.81,mandi_simulated
Wheat,Jaipur,2026-08-28,2409.8,0.81,mandi_simulated
Wheat,Hyderabad,2026-08-28,2434.65,0.81,mandi_simulated
Wheat,Bengaluru,2026-08-28,2558.86,0.81,mandi_simulated
Wheat,Nashik,2026-08-29,2508.14,0.83,mandi_simulated
Wheat,Pune,2026-08-29,2533.73,0.83,mandi_simulated
Wheat,Karnal,2026-08-29,2482.55,0.83,mandi_simulated
Wheat,Ludhiana,2026-08-29,2508.14,0.83,mandi_simulated
Wheat,Nagpur,2026-08-29,2610.51,0.83,mandi_simulated
Wheat,Ahmedabad,2026-08-29,2482.55,0.83,mandi_simulated
Wheat,Indore,2026-08-29,2482.55,0.83,mandi_simulated
Wheat,Jaipur,2026-08-29,2482.55,0.83,mandi_simulated
Wheat,Hyderabad,2026-08-29,2508.14,0.83,mandi_simulated
Wheat,Bengaluru,2026-08-29,2636.11,0.83,mandi_simulated
Wheat,Nashik,2026-08-30,2525.73,0.85,mandi_simulated
Wheat,Pune,2026-08-30,2551.5,0.85,mandi_simulated
Wheat,Karnal,2026-08-30,2499.96,0.85,mandi_simulated
Wheat,Ludhiana,2026-08-30,2525.73,0.85,mandi_simulated
Wheat,Nagpur,2026-08-30,2628.82,0.85,mandi_simulated
Wheat,Ahmedabad,2026-08-30,2499.96,0.85,mandi_simulated
Wheat,Indore,2026-08-30,2499.96,0.85,mandi_simulated
Wheat,Jaipur,2026-08-30,2499.96,0.85,mandi_simulated
Wheat,Hyderabad,2026-08-30,2525.73,0.85,mandi_simulated
Wheat,Bengaluru,2026-08-30,2654.6,0.85,mandi_simulated
Wheat,Nashik,2026-08-31,2416.9,0.87,mandi_simulated
Wheat,Pune,2026-08-31,2441.56,0.87,mandi_simulated
Wheat,Karnal,2026-08-31,2392.24,0.87,mandi_simulated
Wheat,Ludhiana,2026-08-31,2416.9,0.87,mandi_simulated
Wheat,Nagpur,2026-08-31,2515.55,0.87,mandi_simulated
Wheat,Ahmedabad,2026-08-31,2392.24,0.87,mandi_simulated
Wheat,Indore,2026-08-31,2392.24,0.87,mandi_simulated
Wheat,Jaipur,2026-08-31,2392.24,0.87,mandi_simulated
Wheat,Hyderabad,2026-08-31,2416.9,0.87,mandi_simulated
Wheat,Bengaluru,2026-08-31,2540.21,0.87,mandi_simulated
Wheat,Nashik,2026-09-01,2411.46,0.89,mandi_simulated
Wheat,Pune,2026-09-01,2436.07,0.89,mandi_simulated
Wheat,Karnal,2026-09-01,2386.86,0.89,mandi_simulated
Wheat,Ludhiana,2026-09-01,2411.46,0.89,mandi_simulated
Wheat,Nagpur,2026-09-01,2509.89,0.89,mandi_simulated
Wheat,Ahmedabad,2026-09-01,2386.86,0.89,mandi_simulated
Wheat,Indore,2026-09-01,2386.86,0.89,mandi_simulated
Wheat,Jaipur,2026-09-01,2386.86,0.89,mandi_simulated
Wheat,Hyderabad,2026-09-01,2411.46,0.89,mandi_simulated
Wheat,Bengaluru,2026-09-01,2534.5,0.89,mandi_simulated
Wheat,Nashik,2026-09-02,2491.8,0.9,mandi_simulated
Wheat,Pune,2026-09-02,2517.23,0.9,mandi_simulated
Wheat,Karnal,2026-09-02,2466.37,0.9,mandi_simulated
Wheat,Ludhiana,2026-09-02,2491.8,0.9,mandi_simulated
Wheat,Nagpur,2026-09-02,2593.5,0.9,mandi_simulated
Wheat,Ahmedabad,2026-09-02,2466.37,0.9,mandi_simulated
Wheat,Indore,2026-09-02,2466.37,0.9,mandi_simulated
Wheat,Jaipur,2026-09-02,2466.37,0.9,mandi_simulated
Wheat,Hyderabad,2026-09-02,2491.8,0.9,mandi_simulated
Wheat,Bengaluru,2026-09-02,2618.93,0.9,mandi_simulated
Wheat,Nashik,2026-09-03,2504.23,0.91,mandi_simulated
Wheat,Pune,2026-09-03,2529.78,0.91,mandi_simulated
Wheat,Karnal,2026-09-03,2478.67,0.91,mandi_simulated
Wheat,Ludhiana,2026-09-03,2504.23,0.91,mandi_simulated
Wheat,Nagpur,2026-09-03,2606.44,0.91,mandi_simulated
Wheat,Ahmedabad,2026-09-03,2478.67,0.91,mandi_simulated
Wheat,Indore,2026-09-03,2478.67,0.91,mandi_simulated
Wheat,Jaipur,2026-09-03,2478.67,0.91,mandi_simulated
Wheat,Hyderabad,2026-09-03,2504.23,0.91,mandi_simulated
Wheat,Bengaluru,2026-09-03,2631.99,0.91,mandi_simulated
Wheat,Nashik,2026-09-04,2527.1,0.93,mandi_simulated
Wheat,Pune,2026-09-04,2552.88,0.93,mandi_simulated
Wheat,Karnal,2026-09-04,2501.31,0.93,mandi_simulated
Wheat,Ludhiana,2026-09-04,2527.1,0.93,mandi_simulated
Wheat,Nagpur,2026-09-04,2630.24,0.93,mandi_simulated
Wheat,Ahmedabad,2026-09-04,2501.31,0.93,mandi_simulated
Wheat,Indore,2026-09-04,2501.31,0.93,mandi_simulated
Wheat,Jaipur,2026-09-04,2501.31,0.93,mandi_simulated
Wheat,Hyderabad,2026-09-04,2527.1,0.93,mandi_simulated
Wheat,Bengaluru,2026-09-04,2656.03,0.93,mandi_simulated
Wheat,Nashik,2026-09-05,2594.69,0.93,mandi_simulated
Wheat,Pune,2026-09-05,2621.17,0.93,mandi_simulated
Wheat,Karnal,2026-09-05,2568.22,0.93,mandi_simulated
Wheat,Ludhiana,2026-09-05,2594.69,0.93,mandi_simulated
Wheat,Nagpur,2026-09-05,2700.6,0.93,mandi_simulated
Wheat,Ahmedabad,2026-09-05,2568.22,0.93,mandi_simulated
Wheat,Indore,2026-09-05,2568.22,0.93,mandi_simulated
Wheat,Jaipur,2026-09-05,2568.22,0.93,mandi_simulated
Wheat,Hyderabad,2026-09-05,2594.69,0.93,mandi_simulated
Wheat,Bengaluru,2026-09-05,2727.08,0.93,mandi_simulated
Wheat,Nashik,2026-09-06,2597.75,0.94,mandi_simulated
Wheat,Pune,2026-09-06,2624.26,0.94,mandi_simulated
Wheat,Karnal,2026-09-06,2571.25,0.94,mandi_simulated
Wheat,Ludhiana,2026-09-06,2597.75,0.94,mandi_simulated
Wheat,Nagpur,2026-09-06,2703.79,0.94,mandi_simulated
Wheat,Ahmedabad,2026-09-06,2571.25,0.94,mandi_simulated
Wheat,Indore,2026-09-06,2571.25,0.94,mandi_simulated
Wheat,Jaipur,2026-09-06,2571.25,0.94,mandi_simulated
Wheat,Hyderabad,2026-09-06,2597.75,0.94,mandi_simulated
Wheat,Bengaluru,2026-09-06,2730.29,0.94,mandi_simulated
Wheat,Nashik,2026-09-07,2676.16,0.95,mandi_simulated
Wheat,Pune,2026-09-07,2703.47,0.95,mandi_simulated
Wheat,Karnal,2026-09-07,2648.85,0.95,mandi_simulated
Wheat,Ludhiana,2026-09-07,2676.16,0.95,mandi_simulated
Wheat,Nagpur,2026-09-07,2785.39,0.95,mandi_simulated
Wheat,Ahmedabad,2026-09-07,2648.85,0.95,mandi_simulated
Wheat,Indore,2026-09-07,2648.85,0.95,mandi_simulated
Wheat,Jaipur,2026-09-07,2648.85,0.95,mandi_simulated
Wheat,Hyderabad,2026-09-07,2676.16,0.95,mandi_simulated
Wheat,Bengaluru,2026-09-07,2812.7,0.95,mandi_simulated
Wheat,Nashik,2026-09-08,2507.16,0.95,mandi_simulated
Wheat,Pune,2026-09-08,2532.74,0.95,mandi_simulated
Wheat,Karnal,2026-09-08,2481.58,0.95,mandi_simulated
Wheat,Ludhiana,2026-09-08,2507.16,0.95,mandi_simulated
Wheat,Nagpur,2026-09-08,2609.49,0.95,mandi_simulated
Wheat,Ahmedabad,2026-09-08,2481.58,0.95,mandi_simulated
Wheat,Indore,2026-09-08,2481.58,0.95,mandi_simulated
Wheat,Jaipur,2026-09-08,2481.58,0.95,mandi_simulated
Wheat,Hyderabad,2026-09-08,2507.16,0.95,mandi_simulated
Wheat,Bengaluru,2026-09-08,2635.08,0.95,mandi_simulated
Rice,Nashik,2026-03-09,3607.67,0.91,mandi_simulated
Rice,Pune,2026-03-09,3464.8,0.91,mandi_simulated
Rice,Karnal,2026-03-09,3607.67,0.91,mandi_simulated
Rice,Ludhiana,2026-03-09,3643.39,0.91,mandi_simulated
Rice,Nagpur,2026-03-09,3464.8,0.91,mandi_simulated
Rice,Ahmedabad,2026-03-09,3500.52,0.91,mandi_simulated
Rice,Indore,2026-03-09,3643.39,0.91,mandi_simulated
Rice,Jaipur,2026-03-09,3679.11,0.91,mandi_simulated
Rice,Hyderabad,2026-03-09,3536.24,0.91,mandi_simulated
Rice,Bengaluru,2026-03-09,3643.39,0.91,mandi_simulated
Rice,Nashik,2026-03-10,3609.29,0.9,mandi_simulated
Rice,Pune,2026-03-10,3466.34,0.9,mandi_simulated
Rice,Karnal,2026-03-10,3609.29,0.9,mandi_simulated
Rice,Ludhiana,2026-03-10,3645.02,0.9,mandi_simulated
Rice,Nagpur,2026-03-10,3466.34,0.9,mandi_simulated
Rice,Ahmedabad,2026-03-10,3502.08,0.9,mandi_simulated
Rice,Indore,2026-03-10,3645.02,0.9,mandi_simulated
Rice,Jaipur,2026-03-10,3680.76,0.9,mandi_simulated
Rice,Hyderabad,2026-03-10,3537.82,0.9,mandi_simulated
Rice,Bengaluru,2026-03-10,3645.02,0.9,mandi_simulated
Rice,Nashik,2026-03-11,3782.86,0.89,mandi_simulated
Rice,Pune,2026-03-11,3633.04,0.89,mandi_simulated
Rice,Karnal,2026-03-11,3782.86,0.89,mandi_simulated
Rice,Ludhiana,2026-03-11,3820.31,0.89,mandi_simulated
Rice,Nagpur,2026-03-11,3633.04,0.89,mandi_simulated
Rice,Ahmedabad,2026-03-11,3670.5,0.89,mandi_simulated
Rice,Indore,2026-03-11,3820.31,0.89,mandi_simulated
Rice,Jaipur,2026-03-11,3857.77,0.89,mandi_simulated
Rice,Hyderabad,2026-03-11,3707.95,0.89,mandi_simulated
Rice,Bengaluru,2026-03-11,3820.31,0.89,mandi_simulated
Rice,Nashik,2026-03-12,3622.15,0.87,mandi_simulated
Rice,Pune,2026-03-12,3478.7,0.87,mandi_simulated
Rice,Karnal,2026-03-12,3622.15,0.87,mandi_simulated
Rice,Ludhiana,2026-03-12,3658.01,0.87,mandi_simulated
Rice,Nagpur,2026-03-12,3478.7,0.87,mandi_simulated
Rice,Ahmedabad,2026-03-12,3514.56,0.87,mandi_simulated
Rice,Indore,2026-03-12,3658.01,0.87,mandi_simulated
Rice,Jaipur,2026-03-12,3693.88,0.87,mandi_simulated
Rice,Hyderabad,2026-03-12,3550.42,0.87,mandi_simulated
Rice,Bengaluru,2026-03-12,3658.01,0.87,mandi_simulated
Rice,Nashik,2026-03-13,3624.08,0.85,mandi_simulated
Rice,Pune,2026-03-13,3480.55,0.85,mandi_simulated
Rice,Karnal,2026-03-13,3624.08,0.85,mandi_simulated
Rice,Ludhiana,2026-03-13,3659.96,0.85,mandi_simulated
Rice,Nagpur,2026-03-13,3480.55,0.85,mandi_simulated
Rice,Ahmedabad,2026-03-13,3516.43,0.85,mandi_simulated
Rice,Indore,2026-03-13,3659.96,0.85,mandi_simulated
Rice,Jaipur,2026-03-13,3695.84,0.85,mandi_simulated
Rice,Hyderabad,2026-03-13,3552.31,0.85,mandi_simulated
Rice,Bengaluru,2026-03-13,3659.96,0.85,mandi_simulated
Rice,Nashik,2026-03-14,3720.13,0.83,mandi_simulated
Rice,Pune,2026-03-14,3572.8,0.83,mandi_simulated
Rice,Karnal,2026-03-14,3720.13,0.83,mandi_simulated
Rice,Ludhiana,2026-03-14,3756.96,0.83,mandi_simulated
Rice,Nagpur,2026-03-14,3572.8,0.83,mandi_simulated
Rice,Ahmedabad,2026-03-14,3609.63,0.83,mandi_simulated
Rice,Indore,2026-03-14,3756.96,0.83,mandi_simulated
Rice,Jaipur,2026-03-14,3793.8,0.83,mandi_simulated
Rice,Hyderabad,2026-03-14,3646.46,0.83,mandi_simulated
Rice,Bengaluru,2026-03-14,3756.96,0.83,mandi_simulated
Rice,Nashik,2026-03-15,3730.85,0.81,mandi_simulated
Rice,Pune,2026-03-15,3583.09,0.81,mandi_simulated
Rice,Karnal,2026-03-15,3730.85,0.81,mandi_simulated
Rice,Ludhiana,2026-03-15,3767.79,0.81,mandi_simulated
Rice,Nagpur,2026-03-15,3583.09,0.81,mandi_simulated
Rice,Ahmedabad,2026-03-15,3620.03,0.81,mandi_simulated
Rice,Indore,2026-03-15,3767.79,0.81,mandi_simulated
Rice,Jaipur,2026-03-15,3804.73,0.81,mandi_simulated
Rice,Hyderabad,2026-03-15,3656.97,0.81,mandi_simulated
Rice,Bengaluru,2026-03-15,3767.79,0.81,mandi_simulated
Rice,Nashik,2026-03-16,3705.72,0.79,mandi_simulated
Rice,Pune,2026-03-16,3558.96,0.79,mandi_simulated
Rice,Karnal,2026-03-16,3705.72,0.79,mandi_simulated
Rice,Ludhiana,2026-03-16,3742.41,0.79,mandi_simulated
Rice,Nagpur,2026-03-16,3558.96,0.79,mandi_simulated
Rice,Ahmedabad,2026-03-16,3595.65,0.79,mandi_simulated
Rice,Indore,2026-03-16,3742.41,0.79,mandi_simulated
Rice,Jaipur,2026-03-16,3779.1,0.79,mandi_simulated
Rice,Hyderabad,2026-03-16,3632.34,0.79,mandi_simulated
Rice,Bengaluru,2026-03-16,3742.41,0.79,mandi_simulated
Rice,Nashik,2026-03-17,3714.28,0.77,mandi_simulated
Rice,Pune,2026-03-17,3567.18,0.77,mandi_simulated
Rice,Karnal,2026-03-17,3714.28,0.77,mandi_simulated
Rice,Ludhiana,2026-03-17,3751.06,0.77,mandi_simulated
Rice,Nagpur,2026-03-17,3567.18,0.77,mandi_simulated
Rice,Ahmedabad,2026-03-17,3603.96,0.77,mandi_simulated
Rice,Indore,2026-03-17,3751.06,0.77,mandi_simulated
Rice,Jaipur,2026-03-17,3787.83,0.77,mandi_simulated
Rice,Hyderabad,2026-03-17,3640.73,0.77,mandi_simulated
Rice,Bengaluru,2026-03-17,3751.06,0.77,mandi_simulated
Rice,Nashik,2026-03-18,3935.88,0.74,mandi_simulated
Rice,Pune,2026-03-18,3780.01,0.74,mandi_simulated
Rice,Karnal,2026-03-18,3935.88,0.74,mandi_simulated
Rice,Ludhiana,2026-03-18,3974.85,0.74,mandi_simulated
Rice,Nagpur,2026-03-18,3780.01,0.74,mandi_simulated
Rice,Ahmedabad,2026-03-18,3818.98,0.74,mandi_simulated
Rice,Indore,2026-03-18,3974.85,0.74,mandi_simulated
Rice,Jaipur,2026-03-18,4013.82,0.74,mandi_simulated
Rice,Hyderabad,2026-03-18,3857.95,0.74,mandi_simulated
Rice,Bengaluru,2026-03-18,3974.85,0.74,mandi_simulated
Rice,Nashik,2026-03-19,3805.58,0.72,mandi_simulated
Rice,Pune,2026-03-19,3654.87,0.72,mandi_simulated
Rice,Karnal,2026-03-19,3805.58,0.72,mandi_simulated
Rice,Ludhiana,2026-03-19,3843.26,0.72,mandi_simulated
Rice,Nagpur,2026-03-19,3654.87,0.72,mandi_simulated
Rice,Ahmedabad,2026-03-19,3692.54,0.72,mandi_simulated
Rice,Indore,2026-03-19,3843.26,0.72,mandi_simulated
Rice,Jaipur,2026-03-19,3880.94,0.72,mandi_simulated
Rice,Hyderabad,2026-03-19,3730.22,0.72,mandi_simulated
Rice,Bengaluru,2026-03-19,3843.26,0.72,mandi_simulated
Rice,Nashik,2026-03-20,3949.01,0.69,mandi_simulated
Rice,Pune,2026-03-20,3792.62,0.69,mandi_simulated
Rice,Karnal,2026-03-20,3949.01,0.69,mandi_simulated
Rice,Ludhiana,2026-03-20,3988.11,0.69,mandi_simulated
Rice,Nagpur,2026-03-20,3792.62,0.69,mandi_simulated
Rice,Ahmedabad,2026-03-20,3831.72,0.69,mandi_simulated
Rice,Indore,2026-03-20,3988.11,0.69,mandi_simulated
Rice,Jaipur,2026-03-20,4027.21,0.69,mandi_simulated
Rice,Hyderabad,2026-03-20,3870.81,0.69,mandi_simulated
Rice,Bengaluru,2026-03-20,3988.11,0.69,mandi_simulated
Rice,Nashik,2026-03-21,3867.67,0.66,mandi_simulated
Rice,Pune,2026-03-21,3714.5,0.66,mandi_simulated
Rice,Karnal,2026-03-21,3867.67,0.66,mandi_simulated
Rice,Ludhiana,2026-03-21,3905.97,0.66,mandi_simulated
Rice,Nagpur,2026-03-21,3714.5,0.66,mandi_simulated
Rice,Ahmedabad,2026-03-21,3752.79,0.66,mandi_simulated
Rice,Indore,2026-03-21,3905.97,0.66,mandi_simulated
Rice,Jaipur,2026-03-21,3944.26,0.66,mandi_simulated
Rice,Hyderabad,2026-03-21,3791.09,0.66,mandi_simulated
Rice,Bengaluru,2026-03-21,3905.97,0.66,mandi_simulated
Rice,Nashik,2026-03-22,3726.25,0.63,mandi_simulated
Rice,Pune,2026-03-22,3578.68,0.63,mandi_simulated
Rice,Karnal,2026-03-22,3726.25,0.63,mandi_simulated
Rice,Ludhiana,2026-03-22,3763.14,0.63,mandi_simulated
Rice,Nagpur,2026-03-22,3578.68,0.63,mandi_simulated
Rice,Ahmedabad,2026-03-22,3615.57,0.63,mandi_simulated
Rice,Indore,2026-03-22,3763.14,0.63,mandi_simulated
Rice,Jaipur,2026-03-22,3800.04,0.63,mandi_simulated
Rice,Hyderabad,2026-03-22,3652.46,0.63,mandi_simulated
Rice,Bengaluru,2026-03-22,3763.14,0.63,mandi_simulated
Rice,Nashik,2026-03-23,4032.01,0.61,mandi_simulated
Rice,Pune,2026-03-23,3872.33,0.61,mandi_simulated
Rice,Karnal,2026-03-23,4032.01,0.61,mandi_simulated
Rice,Ludhiana,2026-03-23,4071.93,0.61,mandi_simulated
Rice,Nagpur,2026-03-23,3872.33,0.61,mandi_simulated
Rice,Ahmedabad,2026-03-23,3912.25,0.61,mandi_simulated
Rice,Indore,2026-03-23,4071.93,0.61,mandi_simulated
Rice,Jaipur,2026-03-23,4111.86,0.61,mandi_simulated
Rice,Hyderabad,2026-03-23,3952.17,0.61,mandi_simulated
Rice,Bengaluru,2026-03-23,4071.93,0.61,mandi_simulated
Rice,Nashik,2026-03-24,3992.43,0.58,mandi_simulated
Rice,Pune,2026-03-24,3834.31,0.58,mandi_simulated
Rice,Karnal,2026-03-24,3992.43,0.58,mandi_simulated
Rice,Ludhiana,2026-03-24,4031.95,0.58,mandi_simulated
Rice,Nagpur,2026-03-24,3834.31,0.58,mandi_simulated
Rice,Ahmedabad,2026-03-24,3873.84,0.58,mandi_simulated
Rice,Indore,2026-03-24,4031.95,0.58,mandi_simulated
Rice,Jaipur,2026-03-24,4071.48,0.58,mandi_simulated
Rice,Hyderabad,2026-03-24,3913.37,0.58,mandi_simulated
Rice,Bengaluru,2026-03-24,4031.95,0.58,mandi_simulated
Rice,Nashik,2026-03-25,4043.67,0.55,mandi_simulated
Rice,Pune,2026-03-25,3883.53,0.55,mandi_simulated
Rice,Karnal,2026-03-25,4043.67,0.55,mandi_simulated
Rice,Ludhiana,2026-03-25,4083.71,0.55,mandi_simulated
Rice,Nagpur,2026-03-25,3883.53,0.55,mandi_simulated
Rice,Ahmedabad,2026-03-25,3923.56,0.55,mandi_simulated
Rice,Indore,2026-03-25,4083.71,0.55,mandi_simulated
Rice,Jaipur,2026-03-25,4123.74,0.55,mandi_simulated
Rice,Hyderabad,2026-03-25,3963.6,0.55,mandi_simulated
Rice,Bengaluru,2026-03-25,4083.71,0.55,mandi_simulated
Rice,Nashik,2026-03-26,4038.92,0.58,mandi_simulated
Rice,Pune,2026-03-26,3878.96,0.58,mandi_simulated
Rice,Karnal,2026-03-26,4038.92,0.58,mandi_simulated
Rice,Ludhiana,2026-03-26,4078.91,0.58,mandi_simulated
Rice,Nagpur,2026-03-26,3878.96,0.58,mandi_simulated
Rice,Ahmedabad,2026-03-26,3918.95,0.58,mandi_simulated
Rice,Indore,2026-03-26,4078.91,0.58,mandi_simulated
Rice,Jaipur,2026-03-26,4118.9,0.58,mandi_simulated
Rice,Hyderabad,2026-03-26,3958.94,0.58,mandi_simulated
Rice,Bengaluru,2026-03-26,4078.91,0.58,mandi_simulated
Rice,Nashik,2026-03-27,4021.79,0.61,mandi_simulated
Rice,Pune,2026-03-27,3862.51,0.61,mandi_simulated
Rice,Karnal,2026-03-27,4021.79,0.61,mandi_simulated
Rice,Ludhiana,2026-03-27,4061.61,0.61,mandi_simulated
Rice,Nagpur,2026-03-27,3862.51,0.61,mandi_simulated
Rice,Ahmedabad,2026-03-27,3902.33,0.61,mandi_simulated
Rice,Indore,2026-03-27,4061.61,0.61,mandi_simulated
Rice,Jaipur,2026-03-27,4101.43,0.61,mandi_simulated
Rice,Hyderabad,2026-03-27,3942.15,0.61,mandi_simulated
Rice,Bengaluru,2026-03-27,4061.61,0.61,mandi_simulated
Rice,Nashik,2026-03-28,3813.64,0.64,mandi_simulated
Rice,Pune,2026-03-28,3662.61,0.64,mandi_simulated
Rice,Karnal,2026-03-28,3813.64,0.64,mandi_simulated
Rice,Ludhiana,2026-03-28,3851.4,0.64,mandi_simulated
Rice,Nagpur,2026-03-28,3662.61,0.64,mandi_simulated
Rice,Ahmedabad,2026-03-28,3700.37,0.64,mandi_simulated
Rice,Indore,2026-03-28,3851.4,0.64,mandi_simulated
Rice,Jaipur,2026-03-28,3889.16,0.64,mandi_simulated
Rice,Hyderabad,2026-03-28,3738.12,0.64,mandi_simulated
Rice,Bengaluru,2026-03-28,3851.4,0.64,mandi_simulated
Rice,Nashik,2026-03-29,3917.96,0.66,mandi_simulated
Rice,Pune,2026-03-29,3762.79,0.66,mandi_simulated
Rice,Karnal,2026-03-29,3917.96,0.66,mandi_simulated
Rice,Ludhiana,2026-03-29,3956.75,0.66,mandi_simulated
Rice,Nagpur,2026-03-29,3762.79,0.66,mandi_simulated
Rice,Ahmedabad,2026-03-29,3801.58,0.66,mandi_simulated
Rice,Indore,2026-03-29,3956.75,0.66,mandi_simulated
Rice,Jaipur,2026-03-29,3995.54,0.66,mandi_simulated
Rice,Hyderabad,2026-03-29,3840.37,0.66,mandi_simulated
Rice,Bengaluru,2026-03-29,3956.75,0.66,mandi_simulated
Rice,Nashik,2026-03-30,3835.4,0.69,mandi_simulated
Rice,Pune,2026-03-30,3683.5,0.69,mandi_simulated
Rice,Karnal,2026-03-30,3835.4,0.69,mandi_simulated
Rice,Ludhiana,2026-03-30,3873.37,0.69,mandi_simulated
Rice,Nagpur,2026-03-30,3683.5,0.69,mandi_simulated
Rice,Ahmedabad,2026-03-30,3721.47,0.69,mandi_simulated
Rice,Indore,2026-03-30,3873.37,0.69,mandi_simulated
Rice,Jaipur,2026-03-30,3911.35,0.69,mandi_simulated
Rice,Hyderabad,2026-03-30,3759.45,0.69,mandi_simulated
Rice,Bengaluru,2026-03-30,3873.37,0.69,mandi_simulated
Rice,Nashik,2026-03-31,3895.62,0.72,mandi_simulated
Rice,Pune,2026-03-31,3741.33,0.72,mandi_simulated
Rice,Karnal,2026-03-31,3895.62,0.72,mandi_simulated
Rice,Ludhiana,2026-03-31,3934.19,0.72,mandi_simulated
Rice,Nagpur,2026-03-31,3741.33,0.72,mandi_simulated
Rice,Ahmedabad,2026-03-31,3779.9,0.72,mandi_simulated
Rice,Indore,2026-03-31,3934.19,0.72,mandi_simulated
Rice,Jaipur,2026-03-31,3972.76,0.72,mandi_simulated
Rice,Hyderabad,2026-03-31,3818.48,0.72,mandi_simulated
Rice,Bengaluru,2026-03-31,3934.19,0.72,mandi_simulated
Rice,Nashik,2026-04-01,3788.05,0.74,mandi_simulated
Rice,Pune,2026-04-01,3638.03,0.74,mandi_simulated
Rice,Karnal,2026-04-01,3788.05,0.74,mandi_simulated
Rice,Ludhiana,2026-04-01,3825.56,0.74,mandi_simulated
Rice,Nagpur,2026-04-01,3638.03,0.74,mandi_simulated
Rice,Ahmedabad,2026-04-01,3675.54,0.74,mandi_simulated
Rice,Indore,2026-04-01,3825.56,0.74,mandi_simulated
Rice,Jaipur,2026-04-01,3863.07,0.74,mandi_simulated
Rice,Hyderabad,2026-04-01,3713.04,0.74,mandi_simulated
Rice,Bengaluru,2026-04-01,3825.56,0.74,mandi_simulated
Rice,Nashik,2026-04-02,3887.28,0.77,mandi_simulated
Rice,Pune,2026-04-02,3733.33,0.77,mandi_simulated
Rice,Karnal,2026-04-02,3887.28,0.77,mandi_simulated
Rice,Ludhiana,2026-04-02,3925.77,0.77,mandi_simulated
Rice,Nagpur,2026-04-02,3733.33,0.77,mandi_simulated
Rice,Ahmedabad,2026-04-02,3771.82,0.77,mandi_simulated
Rice,Indore,2026-04-02,3925.77,0.77,mandi_simulated
Rice,Jaipur,2026-04-02,3964.26,0.77,mandi_simulated
Rice,Hyderabad,2026-04-02,3810.31,0.77,mandi_simulated
Rice,Bengaluru,2026-04-02,3925.77,0.77,mandi_simulated
Rice,Nashik,2026-04-03,4074.75,0.79,mandi_simulated
Rice,Pune,2026-04-03,3913.37,0.79,mandi_simulated
Rice,Karnal,2026-04-03,4074.75,0.79,mandi_simulated
Rice,Ludhiana,2026-04-03,4115.09,0.79,mandi_simulated
Rice,Nagpur,2026-04-03,3913.37,0.79,mandi_simulated
Rice,Ahmedabad,2026-04-03,3953.72,0.79,mandi_simulated
Rice,Indore,2026-04-03,4115.09,0.79,mandi_simulated
Rice,Jaipur,2026-04-03,4155.44,0.79,mandi_simulated
Rice,Hyderabad,2026-04-03,3994.06,0.79,mandi_simulated
Rice,Bengaluru,2026-04-03,4115.09,0.79,mandi_simulated
Rice,Nashik,2026-04-04,3844.64,0.81,mandi_simulated
Rice,Pune,2026-04-04,3692.38,0.81,mandi_simulated
Rice,Karnal,2026-04-04,3844.64,0.81,mandi_simulated
Rice,Ludhiana,2026-04-04,3882.71,0.81,mandi_simulated
Rice,Nagpur,2026-04-04,3692.38,0.81,mandi_simulated
Rice,Ahmedabad,2026-04-04,3730.44,0.81,mandi_simulated
Rice,Indore,2026-04-04,3882.71,0.81,mandi_simulated
Rice,Jaipur,2026-04-04,3920.77,0.81,mandi_simulated
Rice,Hyderabad,2026-04-04,3768.51,0.81,mandi_simulated
Rice,Bengaluru,2026-04-04,3882.71,0.81,mandi_simulated
Rice,Nashik,2026-04-05,4001.56,0.83,mandi_simulated
Rice,Pune,2026-04-05,3843.08,0.83,mandi_simulated
Rice,Karnal,2026-04-05,4001.56,0.83,mandi_simulated
Rice,Ludhiana,2026-04-05,4041.18,0.83,mandi_simulated
Rice,Nagpur,2026-04-05,3843.08,0.83,mandi_simulated
Rice,Ahmedabad,2026-04-05,3882.7,0.83,mandi_simulated
Rice,Indore,2026-04-05,4041.18,0.83,mandi_simulated
Rice,Jaipur,2026-04-05,4080.8,0.83,mandi_simulated
Rice,Hyderabad,2026-04-05,3922.32,0.83,mandi_simulated
Rice,Bengaluru,2026-04-05,4041.18,0.83,mandi_simulated
Rice,Nashik,2026-04-06,3891.64,0.85,mandi_simulated
Rice,Pune,2026-04-06,3737.52,0.85,mandi_simulated
Rice,Karnal,2026-04-06,3891.64,0.85,mandi_simulated
Rice,Ludhiana,2026-04-06,3930.17,0.85,mandi_simulated
Rice,Nagpur,2026-04-06,3737.52,0.85,mandi_simulated
Rice,Ahmedabad,2026-04-06,3776.05,0.85,mandi_simulated
Rice,Indore,2026-04-06,3930.17,0.85,mandi_simulated
Rice,Jaipur,2026-04-06,3968.7,0.85,mandi_simulated
Rice,Hyderabad,2026-04-06,3814.58,0.85,mandi_simulated
Rice,Bengaluru,2026-04-06,3930.17,0.85,mandi_simulated
Rice,Nashik,2026-04-07,3873.44,0.87,mandi_simulated
Rice,Pune,2026-04-07,3720.03,0.87,mandi_simulated
Rice,Karnal,2026-04-07,3873.44,0.87,mandi_simulated
Rice,Ludhiana,2026-04-07,3911.79,0.87,mandi_simulated
Rice,Nagpur,2026-04-07,3720.03,0.87,mandi_simulated
Rice,Ahmedabad,2026-04-07,3758.38,0.87,mandi_simulated
Rice,Indore,2026-04-07,3911.79,0.87,mandi_simulated
Rice,Jaipur,2026-04-07,3950.14,0.87,mandi_simulated
Rice,Hyderabad,2026-04-07,3796.73,0.87,mandi_simulated
Rice,Bengaluru,2026-04-07,3911.79,0.87,mandi_simulated
Rice,Nashik,2026-04-08,4030.15,0.89,mandi_simulated
Rice,Pune,2026-04-08,3870.54,0.89,mandi_simulated
Rice,Karnal,2026-04-08,4030.15,0.89,mandi_simulated
Rice,Ludhiana,2026-04-08,4070.05,0.89,mandi_simulated
Rice,Nagpur,2026-04-08,3870.54,0.89,mandi_simulated
Rice,Ahmedabad,2026-04-08,3910.44,0.89,mandi_simulated
Rice,Indore,2026-04-08,4070.05,0.89,mandi_simulated
Rice,Jaipur,2026-04-08,4109.96,0.89,mandi_simulated
Rice,Hyderabad,2026-04-08,3950.35,0.89,mandi_simulated
Rice,Bengaluru,2026-04-08,4070.05,0.89,mandi_simulated
Rice,Nashik,2026-04-09,4030.82,0.9,mandi_simulated
Rice,Pune,2026-04-09,3871.18,0.9,mandi_simulated
Rice,Karnal,2026-04-09,4030.82,0.9,mandi_simulated
Rice,Ludhiana,2026-04-09,4070.73,0.9,mandi_simulated
Rice,Nagpur,2026-04-09,3871.18,0.9,mandi_simulated
Rice,Ahmedabad,2026-04-09,3911.09,0.9,mandi_simulated
Rice,Indore,2026-04-09,4070.73,0.9,mandi_simulated
Rice,Jaipur,2026-04-09,4110.63,0.9,mandi_simulated
Rice,Hyderabad,2026-04-09,3951.0,0.9,mandi_simulated
Rice,Bengaluru,2026-04-09,4070.73,0.9,mandi_simulated
Rice,Nashik,2026-04-10,3882.46,0.91,mandi_simulated
Rice,Pune,2026-04-10,3728.7,0.91,mandi_simulated
Rice,Karnal,2026-04-10,3882.46,0.91,mandi_simulated
Rice,Ludhiana,2026-04-10,3920.9,0.91,mandi_simulated
Rice,Nagpur,2026-04-10,3728.7,0.91,mandi_simulated
Rice,Ahmedabad,2026-04-10,3767.14,0.91,mandi_simulated
Rice,Indore,2026-04-10,3920.9,0.91,mandi_simulated
Rice,Jaipur,2026-04-10,3959.34,0.91,mandi_simulated
Rice,Hyderabad,2026-04-10,3805.58,0.91,mandi_simulated
Rice,Bengaluru,2026-04-10,3920.9,0.91,mandi_simulated
Rice,Nashik,2026-04-11,3919.47,0.93,mandi_simulated
Rice,Pune,2026-04-11,3764.25,0.93,mandi_simulated
Rice,Karnal,2026-04-11,3919.47,0.93,mandi_simulated
Rice,Ludhiana,2026-04-11,3958.28,0.93,mandi_simulated
Rice,Nagpur,2026-04-11,3764.25,0.93,mandi_simulated
Rice,Ahmedabad,2026-04-11,3803.05,0.93,mandi_simulated
Rice,Indore,2026-04-11,3958.28,0.93,mandi_simulated
Rice,Jaipur,2026-04-11,3997.09,0.93,mandi_simulated
Rice,Hyderabad,2026-04-11,3841.86,0.93,mandi_simulated
Rice,Bengaluru,2026-04-11,3958.28,0.93,mandi_simulated
Rice,Nashik,2026-04-12,3732.07,0.93,mandi_simulated
Rice,Pune,2026-04-12,3584.26,0.93,mandi_simulated
Rice,Karnal,2026-04-12,3732.07,0.93,mandi_simulated
Rice,Ludhiana,2026-04-12,3769.02,0.93,mandi_simulated
Rice,Nagpur,2026-04-12,3584.26,0.93,mandi_simulated
Rice,Ahmedabad,2026-04-12,3621.22,0.93,mandi_simulated
Rice,Indore,2026-04-12,3769.02,0.93,mandi_simulated
Rice,Jaipur,2026-04-12,3805.97,0.93,mandi_simulated
Rice,Hyderabad,2026-04-12,3658.17,0.93,mandi_simulated
Rice,Bengaluru,2026-04-12,3769.02,0.93,mandi_simulated
Rice,Nashik,2026-04-13,3760.8,0.94,mandi_simulated
Rice,Pune,2026-04-13,3611.86,0.94,mandi_simulated
Rice,Karnal,2026-04-13,3760.8,0.94,mandi_simulated
Rice,Ludhiana,2026-04-13,3798.04,0.94,mandi_simulated
Rice,Nagpur,2026-04-13,3611.86,0.94,mandi_simulated
Rice,Ahmedabad,2026-04-13,3649.09,0.94,mandi_simulated
Rice,Indore,2026-04-13,3798.04,0.94,mandi_simulated
Rice,Jaipur,2026-04-13,3835.27,0.94,mandi_simulated
Rice,Hyderabad,2026-04-13,3686.33,0.94,mandi_simulated
Rice,Bengaluru,2026-04-13,3798.04,0.94,mandi_simulated
Rice,Nashik,2026-04-14,3949.72,0.95,mandi_simulated
Rice,Pune,2026-04-14,3793.3,0.95,mandi_simulated
Rice,Karnal,2026-04-14,3949.72,0.95,mandi_simulated
Rice,Ludhiana,2026-04-14,3988.83,0.95,mandi_simulated
Rice,Nagpur,2026-04-14,3793.3,0.95,mandi_simulated
Rice,Ahmedabad,2026-04-14,3832.41,0.95,mandi_simulated
Rice,Indore,2026-04-14,3988.83,0.95,mandi_simulated
Rice,Jaipur,2026-04-14,4027.94,0.95,mandi_simulated
Rice,Hyderabad,2026-04-14,3871.51,0.95,mandi_simulated
Rice,Bengaluru,2026-04-14,3988.83,0.95,mandi_simulated
Rice,Nashik,2026-04-15,3814.15,0.95,mandi_simulated
Rice,Pune,2026-04-15,3663.1,0.95,mandi_simulated
Rice,Karnal,2026-04-15,3814.15,0.95,mandi_simulated
Rice,Ludhiana,2026-04-15,3851.92,0.95,mandi_simulated
Rice,Nagpur,2026-04-15,3663.1,0.95,mandi_simulated
Rice,Ahmedabad,2026-04-15,3700.86,0.95,mandi_simulated
Rice,Indore,2026-04-15,3851.92,0.95,mandi_simulated
Rice,Jaipur,2026-04-15,3889.68,0.95,mandi_simulated
Rice,Hyderabad,2026-04-15,3738.62,0.95,mandi_simulated
Rice,Bengaluru,2026-04-15,3851.92,0.95,mandi_simulated
Rice,Nashik,2026-04-16,3785.29,0.95,mandi_simulated
Rice,Pune,2026-04-16,3635.38,0.95,mandi_simulated
Rice,Karnal,2026-04-16,3785.29,0.95,mandi_simulated
Rice,Ludhiana,2026-04-16,3822.77,0.95,mandi_simulated
Rice,Nagpur,2026-04-16,3635.38,0.95,mandi_simulated
Rice,Ahmedabad,2026-04-16,3672.86,0.95,mandi_simulated
Rice,Indore,2026-04-16,3822.77,0.95,mandi_simulated
Rice,Jaipur,2026-04-16,3860.25,0.95,mandi_simulated
Rice,Hyderabad,2026-04-16,3710.34,0.95,mandi_simulated
Rice,Bengaluru,2026-04-16,3822.77,0.95,mandi_simulated
Rice,Nashik,2026-04-17,3828.79,0.95,mandi_simulated
Rice,Pune,2026-04-17,3677.15,0.95,mandi_simulated
Rice,Karnal,2026-04-17,3828.79,0.95,mandi_simulated
Rice,Ludhiana,2026-04-17,3866.7,0.95,mandi_simulated
Rice,Nagpur,2026-04-17,3677.15,0.95,mandi_simulated
Rice,Ahmedabad,2026-04-17,3715.06,0.95,mandi_simulated
Rice,Indore,2026-04-17,3866.7,0.95,mandi_simulated
Rice,Jaipur,2026-04-17,3904.61,0.95,mandi_simulated
Rice,Hyderabad,2026-04-17,3752.97,0.95,mandi_simulated
Rice,Bengaluru,2026-04-17,3866.7,0.95,mandi_simulated
Rice,Nashik,2026-04-18,3603.15,0.95,mandi_simulated
Rice,Pune,2026-04-18,3460.45,0.95,mandi_simulated
Rice,Karnal,2026-04-18,3603.15,0.95,mandi_simulated
Rice,Ludhiana,2026-04-18,3638.83,0.95,mandi_simulated
Rice,Nagpur,2026-04-18,3460.45,0.95,mandi_simulated
Rice,Ahmedabad,2026-04-18,3496.13,0.95,mandi_simulated
Rice,Indore,2026-04-18,3638.83,0.95,mandi_simulated
Rice,Jaipur,2026-04-18,3674.5,0.95,mandi_simulated
Rice,Hyderabad,2026-04-18,3531.8,0.95,mandi_simulated
Rice,Bengaluru,2026-04-18,3638.83,0.95,mandi_simulated
Rice,Nashik,2026-04-19,3741.2,0.94,mandi_simulated
Rice,Pune,2026-04-19,3593.04,0.94,mandi_simulated
Rice,Karnal,2026-04-19,3741.2,0.94,mandi_simulated
Rice,Ludhiana,2026-04-19,3778.24,0.94,mandi_simulated
Rice,Nagpur,2026-04-19,3593.04,0.94,mandi_simulated
Rice,Ahmedabad,2026-04-19,3630.08,0.94,mandi_simulated
Rice,Indore,2026-04-19,3778.24,0.94,mandi_simulated
Rice,Jaipur,2026-04-19,3815.29,0.94,mandi_simulated
Rice,Hyderabad,2026-04-19,3667.12,0.94,mandi_simulated
Rice,Bengaluru,2026-04-19,3778.24,0.94,mandi_simulated
Rice,Nashik,2026-04-20,3697.32,0.93,mandi_simulated
Rice,Pune,2026-04-20,3550.89,0.93,mandi_simulated
Rice,Karnal,2026-04-20,3697.32,0.93,mandi_simulated
Rice,Ludhiana,2026-04-20,3733.93,0.93,mandi_simulated
Rice,Nagpur,2026-04-20,3550.89,0.93,mandi_simulated
Rice,Ahmedabad,2026-04-20,3587.5,0.93,mandi_simulated
Rice,Indore,2026-04-20,3733.93,0.93,mandi_simulated
Rice,Jaipur,2026-04-20,3770.53,0.93,mandi_simulated
Rice,Hyderabad,2026-04-20,3624.11,0.93,mandi_simulated
Rice,Bengaluru,2026-04-20,3733.93,0.93,mandi_simulated
Rice,Nashik,2026-04-21,3780.22,0.92,mandi_simulated
Rice,Pune,2026-04-21,3630.51,0.92,mandi_simulated
Rice,Karnal,2026-04-21,3780.22,0.92,mandi_simulated
Rice,Ludhiana,2026-04-21,3817.65,0.92,mandi_simulated
Rice,Nagpur,2026-04-21,3630.51,0.92,mandi_simulated
Rice,Ahmedabad,2026-04-21,3667.94,0.92,mandi_simulated
Rice,Indore,2026-04-21,3817.65,0.92,mandi_simulated
Rice,Jaipur,2026-04-21,3855.08,0.92,mandi_simulated
Rice,Hyderabad,2026-04-21,3705.37,0.92,mandi_simulated
Rice,Bengaluru,2026-04-21,3817.65,0.92,mandi_simulated
Rice,Nashik,2026-04-22,3556.09,0.91,mandi_simulated
Rice,Pune,2026-04-22,3415.25,0.91,mandi_simulated
Rice,Karnal,2026-04-22,3556.09,0.91,mandi_simulated
Rice,Ludhiana,2026-04-22,3591.3,0.91,mandi_simulated
Rice,Nagpur,2026-04-22,3415.25,0.91,mandi_simulated
Rice,Ahmedabad,2026-04-22,3450.46,0.91,mandi_simulated
Rice,Indore,2026-04-22,3591.3,0.91,mandi_simulated
Rice,Jaipur,2026-04-22,3626.51,0.91,mandi_simulated
Rice,Hyderabad,2026-04-22,3485.67,0.91,mandi_simulated
Rice,Bengaluru,2026-04-22,3591.3,0.91,mandi_simulated
Rice,Nashik,2026-04-23,3770.03,0.9,mandi_simulated
Rice,Pune,2026-04-23,3620.72,0.9,mandi_simulated
Rice,Karnal,2026-04-23,3770.03,0.9,mandi_simulated
Rice,Ludhiana,2026-04-23,3807.36,0.9,mandi_simulated
Rice,Nagpur,2026-04-23,3620.72,0.9,mandi_simulated
Rice,Ahmedabad,2026-04-23,3658.05,0.9,mandi_simulated
Rice,Indore,2026-04-23,3807.36,0.9,mandi_simulated
Rice,Jaipur,2026-04-23,3844.69,0.9,mandi_simulated
Rice,Hyderabad,2026-04-23,3695.38,0.9,mandi_simulated
Rice,Bengaluru,2026-04-23,3807.36,0.9,mandi_simulated
Rice,Nashik,2026-04-24,3494.25,0.89,mandi_simulated
Rice,Pune,2026-04-24,3355.87,0.89,mandi_simulated
Rice,Karnal,2026-04-24,3494.25,0.89,mandi_simulated
Rice,Ludhiana,2026-04-24,3528.85,0.89,mandi_simulated
Rice,Nagpur,2026-04-24,3355.87,0.89,mandi_simulated
Rice,Ahmedabad,2026-04-24,3390.46,0.89,mandi_simulated
Rice,Indore,2026-04-24,3528.85,0.89,mandi_simulated
Rice,Jaipur,2026-04-24,3563.45,0.89,mandi_simulated
Rice,Hyderabad,2026-04-24,3425.06,0.89,mandi_simulated
Rice,Bengaluru,2026-04-24,3528.85,0.89,mandi_simulated
Rice,Nashik,2026-04-25,3505.15,0.87,mandi_simulated
Rice,Pune,2026-04-25,3366.33,0.87,mandi_simulated
Rice,Karnal,2026-04-25,3505.15,0.87,mandi_simulated
Rice,Ludhiana,2026-04-25,3539.85,0.87,mandi_simulated
Rice,Nagpur,2026-04-25,3366.33,0.87,mandi_simulated
Rice,Ahmedabad,2026-04-25,3401.03,0.87,mandi_simulated
Rice,Indore,2026-04-25,3539.85,0.87,mandi_simulated
Rice,Jaipur,2026-04-25,3574.56,0.87,mandi_simulated
Rice,Hyderabad,2026-04-25,3435.74,0.87,mandi_simulated
Rice,Bengaluru,2026-04-25,3539.85,0.87,mandi_simulated
Rice,Nashik,2026-04-26,3602.71,0.85,mandi_simulated
Rice,Pune,2026-04-26,3460.03,0.85,mandi_simulated
Rice,Karnal,2026-04-26,3602.71,0.85,mandi_simulated
Rice,Ludhiana,2026-04-26,3638.38,0.85,mandi_simulated
Rice,Nagpur,2026-04-26,3460.03,0.85,mandi_simulated
Rice,Ahmedabad,2026-04-26,3495.7,0.85,mandi_simulated
Rice,Indore,2026-04-26,3638.38,0.85,mandi_simulated
Rice,Jaipur,2026-04-26,3674.05,0.85,mandi_simulated
Rice,Hyderabad,2026-04-26,3531.37,0.85,mandi_simulated
Rice,Bengaluru,2026-04-26,3638.38,0.85,mandi_simulated
Rice,Nashik,2026-04-27,3605.66,0.83,mandi_simulated
Rice,Pune,2026-04-27,3462.87,0.83,mandi_simulated
Rice,Karnal,2026-04-27,3605.66,0.83,mandi_simulated
Rice,Ludhiana,2026-04-27,3641.36,0.83,mandi_simulated
Rice,Nagpur,2026-04-27,3462.87,0.83,mandi_simulated
Rice,Ahmedabad,2026-04-27,3498.57,0.83,mandi_simulated
Rice,Indore,2026-04-27,3641.36,0.83,mandi_simulated
Rice,Jaipur,2026-04-27,3677.06,0.83,mandi_simulated
Rice,Hyderabad,2026-04-27,3534.27,0.83,mandi_simulated
Rice,Bengaluru,2026-04-27,3641.36,0.83,mandi_simulated
Rice,Nashik,2026-04-28,3461.6,0.81,mandi_simulated
Rice,Pune,2026-04-28,3324.5,0.81,mandi_simulated
Rice,Karnal,2026-04-28,3461.6,0.81,mandi_simulated
Rice,Ludhiana,2026-04-28,3495.87,0.81,mandi_simulated
Rice,Nagpur,2026-04-28,3324.5,0.81,mandi_simulated
Rice,Ahmedabad,2026-04-28,3358.78,0.81,mandi_simulated
Rice,Indore,2026-04-28,3495.87,0.81,mandi_simulated
Rice,Jaipur,2026-04-28,3530.14,0.81,mandi_simulated
Rice,Hyderabad,2026-04-28,3393.05,0.81,mandi_simulated
Rice,Bengaluru,2026-04-28,3495.87,0.81,mandi_simulated
Rice,Nashik,2026-04-29,3410.72,0.79,mandi_simulated
Rice,Pune,2026-04-29,3275.64,0.79,mandi_simulated
Rice,Karnal,2026-04-29,3410.72,0.79,mandi_simulated
Rice,Ludhiana,2026-04-29,3444.49,0.79,mandi_simulated
Rice,Nagpur,2026-04-29,3275.64,0.79,mandi_simulated
Rice,Ahmedabad,2026-04-29,3309.41,0.79,mandi_simulated
Rice,Indore,2026-04-29,3444.49,0.79,mandi_simulated
Rice,Jaipur,2026-04-29,3478.26,0.79,mandi_simulated
Rice,Hyderabad,2026-04-29,3343.18,0.79,mandi_simulated
Rice,Bengaluru,2026-04-29,3444.49,0.79,mandi_simulated
Rice,Nashik,2026-04-30,3608.7,0.77,mandi_simulated
Rice,Pune,2026-04-30,3465.78,0.77,mandi_simulated
Rice,Karnal,2026-04-30,3608.7,0.77,mandi_simulated
Rice,Ludhiana,2026-04-30,3644.43,0.77,mandi_simulated
Rice,Nagpur,2026-04-30,3465.78,0.77,mandi_simulated
Rice,Ahmedabad,2026-04-30,3501.51,0.77,mandi_simulated
Rice,Indore,2026-04-30,3644.43,0.77,mandi_simulated
Rice,Jaipur,2026-04-30,3680.16,0.77,mandi_simulated
Rice,Hyderabad,2026-04-30,3537.24,0.77,mandi_simulated
Rice,Bengaluru,2026-04-30,3644.43,0.77,mandi_simulated
Rice,Nashik,2026-05-01,3411.17,0.74,mandi_simulated
Rice,Pune,2026-05-01,3276.07,0.74,mandi_simulated
Rice,Karnal,2026-05-01,3411.17,0.74,mandi_simulated
Rice,Ludhiana,2026-05-01,3444.94,0.74,mandi_simulated
Rice,Nagpur,2026-05-01,3276.07,0.74,mandi_simulated
Rice,Ahmedabad,2026-05-01,3309.84,0.74,mandi_simulated
Rice,Indore,2026-05-01,3444.94,0.74,mandi_simulated
Rice,Jaipur,2026-05-01,3478.71,0.74,mandi_simulated
Rice,Hyderabad,2026-05-01,3343.62,0.74,mandi_simulated
Rice,Bengaluru,2026-05-01,3444.94,0.74,mandi_simulated
Rice,Nashik,2026-05-02,3491.23,0.72,mandi_simulated
Rice,Pune,2026-05-02,3352.96,0.72,mandi_simulated
Rice,Karnal,2026-05-02,3491.23,0.72,mandi_simulated
Rice,Ludhiana,2026-05-02,3525.79,0.72,mandi_simulated
Rice,Nagpur,2026-05-02,3352.96,0.72,mandi_simulated
Rice,Ahmedabad,2026-05-02,3387.53,0.72,mandi_simulated
Rice,Indore,2026-05-02,3525.79,0.72,mandi_simulated
Rice,Jaipur,2026-05-02,3560.36,0.72,mandi_simulated
Rice,Hyderabad,2026-05-02,3422.09,0.72,mandi_simulated
Rice,Bengaluru,2026-05-02,3525.79,0.72,mandi_simulated
Rice,Nashik,2026-05-03,3481.97,0.69,mandi_simulated
Rice,Pune,2026-05-03,3344.07,0.69,mandi_simulated
Rice,Karnal,2026-05-03,3481.97,0.69,mandi_simulated
Rice,Ludhiana,2026-05-03,3516.44,0.69,mandi_simulated
Rice,Nagpur,2026-05-03,3344.07,0.69,mandi_simulated
Rice,Ahmedabad,2026-05-03,3378.54,0.69,mandi_simulated
Rice,Indore,2026-05-03,3516.44,0.69,mandi_simulated
Rice,Jaipur,2026-05-03,3550.92,0.69,mandi_simulated
Rice,Hyderabad,2026-05-03,3413.02,0.69,mandi_simulated
Rice,Bengaluru,2026-05-03,3516.44,0.69,mandi_simulated
Rice,Nashik,2026-05-04,3411.75,0.66,mandi_simulated
Rice,Pune,2026-05-04,3276.63,0.66,mandi_simulated
Rice,Karnal,2026-05-04,3411.75,0.66,mandi_simulated
Rice,Ludhiana,2026-05-04,3445.53,0.66,mandi_simulated
Rice,Nagpur,2026-05-04,3276.63,0.66,mandi_simulated
Rice,Ahmedabad,2026-05-04,3310.41,0.66,mandi_simulated
Rice,Indore,2026-05-04,3445.53,0.66,mandi_simulated
Rice,Jaipur,2026-05-04,3479.31,0.66,mandi_simulated
Rice,Hyderabad,2026-05-04,3344.19,0.66,mandi_simulated
Rice,Bengaluru,2026-05-04,3445.53,0.66,mandi_simulated
Rice,Nashik,2026-05-05,3442.73,0.63,mandi_simulated
Rice,Pune,2026-05-05,3306.38,0.63,mandi_simulated
Rice,Karnal,2026-05-05,3442.73,0.63,mandi_simulated
Rice,Ludhiana,2026-05-05,3476.81,0.63,mandi_simulated
Rice,Nagpur,2026-05-05,3306.38,0.63,mandi_simulated
Rice,Ahmedabad,2026-05-05,3340.47,0.63,mandi_simulated
Rice,Indore,2026-05-05,3476.81,0.63,mandi_simulated
Rice,Jaipur,2026-05-05,3510.9,0.63,mandi_simulated
Rice,Hyderabad,2026-05-05,3374.55,0.63,mandi_simulated
Rice,Bengaluru,2026-05-05,3476.81,0.63,mandi_simulated
Rice,Nashik,2026-05-06,3412.99,0.61,mandi_simulated
Rice,Pune,2026-05-06,3277.82,0.61,mandi_simulated
Rice,Karnal,2026-05-06,3412.99,0.61,mandi_simulated
Rice,Ludhiana,2026-05-06,3446.78,0.61,mandi_simulated
Rice,Nagpur,2026-05-06,3277.82,0.61,mandi_simulated
Rice,Ahmedabad,2026-05-06,3311.62,0.61,mandi_simulated
Rice,Indore,2026-05-06,3446.78,0.61,mandi_simulated
Rice,Jaipur,2026-05-06,3480.58,0.61,mandi_simulated
Rice,Hyderabad,2026-05-06,3345.41,0.61,mandi_simulated
Rice,Bengaluru,2026-05-06,3446.78,0.61,mandi_simulated
Rice,Nashik,2026-05-07,3512.91,0.58,mandi_simulated
Rice,Pune,2026-05-07,3373.79,0.58,mandi_simulated
Rice,Karnal,2026-05-07,3512.91,0.58,mandi_simulated
Rice,Ludhiana,2026-05-07,3547.69,0.58,mandi_simulated
Rice,Nagpur,2026-05-07,3373.79,0.58,mandi_simulated
Rice,Ahmedabad,2026-05-07,3408.57,0.58,mandi_simulated
Rice,Indore,2026-05-07,3547.69,0.58,mandi_simulated
Rice,Jaipur,2026-05-07,3582.47,0.58,mandi_simulated
Rice,Hyderabad,2026-05-07,3443.35,0.58,mandi_simulated
Rice,Bengaluru,2026-05-07,3547.69,0.58,mandi_simulated
Rice,Nashik,2026-05-08,3304.03,0.55,mandi_simulated
Rice,Pune,2026-05-08,3173.17,0.55,mandi_simulated
Rice,Karnal,2026-05-08,3304.03,0.55,mandi_simulated
Rice,Ludhiana,2026-05-08,3336.74,0.55,mandi_simulated
Rice,Nagpur,2026-05-08,3173.17,0.55,mandi_simulated
Rice,Ahmedabad,2026-05-08,3205.89,0.55,mandi_simulated
Rice,Indore,2026-05-08,3336.74,0.55,mandi_simulated
Rice,Jaipur,2026-05-08,3369.45,0.55,mandi_simulated
Rice,Hyderabad,2026-05-08,3238.6,0.55,mandi_simulated
Rice,Bengaluru,2026-05-08,3336.74,0.55,mandi_simulated
Rice,Nashik,2026-05-09,3432.92,0.58,mandi_simulated
Rice,Pune,2026-05-09,3296.97,0.58,mandi_simulated
Rice,Karnal,2026-05-09,3432.92,0.58,mandi_simulated
Rice,Ludhiana,2026-05-09,3466.91,0.58,mandi_simulated
Rice,Nagpur,2026-05-09,3296.97,0.58,mandi_simulated
Rice,Ahmedabad,2026-05-09,3330.95,0.58,mandi_simulated
Rice,Indore,2026-05-09,3466.91,0.58,mandi_simulated
Rice,Jaipur,2026-05-09,3500.9,0.58,mandi_simulated
Rice,Hyderabad,2026-05-09,3364.94,0.58,mandi_simulated
Rice,Bengaluru,2026-05-09,3466.91,0.58,mandi_simulated
Rice,Nashik,2026-05-10,3295.93,0.61,mandi_simulated
Rice,Pune,2026-05-10,3165.4,0.61,mandi_simulated
Rice,Karnal,2026-05-10,3295.93,0.61,mandi_simulated
Rice,Ludhiana,2026-05-10,3328.56,0.61,mandi_simulated
Rice,Nagpur,2026-05-10,3165.4,0.61,mandi_simulated
Rice,Ahmedabad,2026-05-10,3198.03,0.61,mandi_simulated
Rice,Indore,2026-05-10,3328.56,0.61,mandi_simulated
Rice,Jaipur,2026-05-10,3361.19,0.61,mandi_simulated
Rice,Hyderabad,2026-05-10,3230.66,0.61,mandi_simulated
Rice,Bengaluru,2026-05-10,3328.56,0.61,mandi_simulated
Rice,Nashik,2026-05-11,3331.35,0.64,mandi_simulated
Rice,Pune,2026-05-11,3199.41,0.64,mandi_simulated
Rice,Karnal,2026-05-11,3331.35,0.64,mandi_simulated
Rice,Ludhiana,2026-05-11,3364.33,0.64,mandi_simulated
Rice,Nagpur,2026-05-11,3199.41,0.64,mandi_simulated
Rice,Ahmedabad,2026-05-11,3232.4,0.64,mandi_simulated
Rice,Indore,2026-05-11,3364.33,0.64,mandi_simulated
Rice,Jaipur,2026-05-11,3397.32,0.64,mandi_simulated
Rice,Hyderabad,2026-05-11,3265.38,0.64,mandi_simulated
Rice,Bengaluru,2026-05-11,3364.33,0.64,mandi_simulated
Rice,Nashik,2026-05-12,3399.83,0.66,mandi_simulated
Rice,Pune,2026-05-12,3265.18,0.66,mandi_simulated
Rice,Karnal,2026-05-12,3399.83,0.66,mandi_simulated
Rice,Ludhiana,2026-05-12,3433.49,0.66,mandi_simulated
Rice,Nagpur,2026-05-12,3265.18,0.66,mandi_simulated
Rice,Ahmedabad,2026-05-12,3298.84,0.66,mandi_simulated
Rice,Indore,2026-05-12,3433.49,0.66,mandi_simulated
Rice,Jaipur,2026-05-12,3467.15,0.66,mandi_simulated
Rice,Hyderabad,2026-05-12,3332.5,0.66,mandi_simulated
Rice,Bengaluru,2026-05-12,3433.49,0.66,mandi_simulated
Rice,Nashik,2026-05-13,3295.95,0.69,mandi_simulated
Rice,Pune,2026-05-13,3165.41,0.69,mandi_simulated
Rice,Karnal,2026-05-13,3295.95,0.69,mandi_simulated
Rice,Ludhiana,2026-05-13,3328.58,0.69,mandi_simulated
Rice,Nagpur,2026-05-13,3165.41,0.69,mandi_simulated
Rice,Ahmedabad,2026-05-13,3198.05,0.69,mandi_simulated
Rice,Indore,2026-05-13,3328.58,0.69,mandi_simulated
Rice,Jaipur,2026-05-13,3361.21,0.69,mandi_simulated
Rice,Hyderabad,2026-05-13,3230.68,0.69,mandi_simulated
Rice,Bengaluru,2026-05-13,3328.58,0.69,mandi_simulated
Rice,Nashik,2026-05-14,3297.5,0.72,mandi_simulated
Rice,Pune,2026-05-14,3166.9,0.72,mandi_simulated
Rice,Karnal,2026-05-14,3297.5,0.72,mandi_simulated
Rice,Ludhiana,2026-05-14,3330.15,0.72,mandi_simulated
Rice,Nagpur,2026-05-14,3166.9,0.72,mandi_simulated
Rice,Ahmedabad,2026-05-14,3199.55,0.72,mandi_simulated
Rice,Indore,2026-05-14,3330.15,0.72,mandi_simulated
Rice,Jaipur,2026-05-14,3362.79,0.72,mandi_simulated
Rice,Hyderabad,2026-05-14,3232.2,0.72,mandi_simulated
Rice,Bengaluru,2026-05-14,3330.15,0.72,mandi_simulated
Rice,Nashik,2026-05-15,3412.7,0.74,mandi_simulated
Rice,Pune,2026-05-15,3277.55,0.74,mandi_simulated
Rice,Karnal,2026-05-15,3412.7,0.74,mandi_simulated
Rice,Ludhiana,2026-05-15,3446.49,0.74,mandi_simulated
Rice,Nagpur,2026-05-15,3277.55,0.74,mandi_simulated
Rice,Ahmedabad,2026-05-15,3311.33,0.74,mandi_simulated
Rice,Indore,2026-05-15,3446.49,0.74,mandi_simulated
Rice,Jaipur,2026-05-15,3480.28,0.74,mandi_simulated
Rice,Hyderabad,2026-05-15,3345.12,0.74,mandi_simulated
Rice,Bengaluru,2026-05-15,3446.49,0.74,mandi_simulated
Rice,Nashik,2026-05-16,3230.9,0.77,mandi_simulated
Rice,Pune,2026-05-16,3102.94,0.77,mandi_simulated
Rice,Karnal,2026-05-16,3230.9,0.77,mandi_simulated
Rice,Ludhiana,2026-05-16,3262.89,0.77,mandi_simulated
Rice,Nagpur,2026-05-16,3102.94,0.77,mandi_simulated
Rice,Ahmedabad,2026-05-16,3134.93,0.77,mandi_simulated
Rice,Indore,2026-05-16,3262.89,0.77,mandi_simulated
Rice,Jaipur,2026-05-16,3294.88,0.77,mandi_simulated
Rice,Hyderabad,2026-05-16,3166.92,0.77,mandi_simulated
Rice,Bengaluru,2026-05-16,3262.89,0.77,mandi_simulated
Rice,Nashik,2026-05-17,3335.54,0.79,mandi_simulated
Rice,Pune,2026-05-17,3203.44,0.79,mandi_simulated
Rice,Karnal,2026-05-17,3335.54,0.79,mandi_simulated
Rice,Ludhiana,2026-05-17,3368.57,0.79,mandi_simulated
Rice,Nagpur,2026-05-17,3203.44,0.79,mandi_simulated
Rice,Ahmedabad,2026-05-17,3236.47,0.79,mandi_simulated
Rice,Indore,2026-05-17,3368.57,0.79,mandi_simulated
Rice,Jaipur,2026-05-17,3401.6,0.79,mandi_simulated
Rice,Hyderabad,2026-05-17,3269.49,0.79,mandi_simulated
Rice,Bengaluru,2026-05-17,3368.57,0.79,mandi_simulated
Rice,Nashik,2026-05-18,3483.11,0.81,mandi_simulated
Rice,Pune,2026-05-18,3345.16,0.81,mandi_simulated
Rice,Karnal,2026-05-18,3483.11,0.81,mandi_simulated
Rice,Ludhiana,2026-05-18,3517.59,0.81,mandi_simulated
Rice,Nagpur,2026-05-18,3345.16,0.81,mandi_simulated
Rice,Ahmedabad,2026-05-18,3379.65,0.81,mandi_simulated
Rice,Indore,2026-05-18,3517.59,0.81,mandi_simulated
Rice,Jaipur,2026-05-18,3552.08,0.81,mandi_simulated
Rice,Hyderabad,2026-05-18,3414.13,0.81,mandi_simulated
Rice,Bengaluru,2026-05-18,3517.59,0.81,mandi_simulated
Rice,Nashik,2026-05-19,3486.86,0.83,mandi_simulated
Rice,Pune,2026-05-19,3348.77,0.83,mandi_simulated
Rice,Karnal,2026-05-19,3486.86,0.83,mandi_simulated
Rice,Ludhiana,2026-05-19,3521.39,0.83,mandi_simulated
Rice,Nagpur,2026-05-19,3348.77,0.83,mandi_simulated
Rice,Ahmedabad,2026-05-19,3383.29,0.83,mandi_simulated
Rice,Indore,2026-05-19,3521.39,0.83,mandi_simulated
Rice,Jaipur,2026-05-19,3555.91,0.83,mandi_simulated
Rice,Hyderabad,2026-05-19,3417.82,0.83,mandi_simulated
Rice,Bengaluru,2026-05-19,3521.39,0.83,mandi_simulated
Rice,Nashik,2026-05-20,3244.67,0.85,mandi_simulated
Rice,Pune,2026-05-20,3116.17,0.85,mandi_simulated
Rice,Karnal,2026-05-20,3244.67,0.85,mandi_simulated
Rice,Ludhiana,2026-05-20,3276.8,0.85,mandi_simulated
Rice,Nagpur,2026-05-20,3116.17,0.85,mandi_simulated
Rice,Ahmedabad,2026-05-20,3148.29,0.85,mandi_simulated
Rice,Indore,2026-05-20,3276.8,0.85,mandi_simulated
Rice,Jaipur,2026-05-20,3308.92,0.85,mandi_simulated
Rice,Hyderabad,2026-05-20,3180.42,0.85,mandi_simulated
Rice,Bengaluru,2026-05-20,3276.8,0.85,mandi_simulated
Rice,Nashik,2026-05-21,3289.05,0.87,mandi_simulated
Rice,Pune,2026-05-21,3158.79,0.87,mandi_simulated
Rice,Karnal,2026-05-21,3289.05,0.87,mandi_simulated
Rice,Ludhiana,2026-05-21,3321.62,0.87,mandi_simulated
Rice,Nagpur,2026-05-21,3158.79,0.87,mandi_simulated
Rice,Ahmedabad,2026-05-21,3191.36,0.87,mandi_simulated
Rice,Indore,2026-05-21,3321.62,0.87,mandi_simulated
Rice,Jaipur,2026-05-21,3354.18,0.87,mandi_simulated
Rice,Hyderabad,2026-05-21,3223.92,0.87,mandi_simulated
Rice,Bengaluru,2026-05-21,3321.62,0.87,mandi_simulated
Rice,Nashik,2026-05-22,3311.17,0.89,mandi_simulated
Rice,Pune,2026-05-22,3180.04,0.89,mandi_simulated
Rice,Karnal,2026-05-22,3311.17,0.89,mandi_simulated
Rice,Ludhiana,2026-05-22,3343.96,0.89,mandi_simulated
Rice,Nagpur,2026-05-22,3180.04,0.89,mandi_simulated
Rice,Ahmedabad,2026-05-22,3212.82,0.89,mandi_simulated
Rice,Indore,2026-05-22,3343.96,0.89,mandi_simulated
Rice,Jaipur,2026-05-22,3376.74,0.89,mandi_simulated
Rice,Hyderabad,2026-05-22,3245.6,0.89,mandi_simulated
Rice,Bengaluru,2026-05-22,3343.96,0.89,mandi_simulated
Rice,Nashik,2026-05-23,3501.39,0.9,mandi_simulated
Rice,Pune,2026-05-23,3362.72,0.9,mandi_simulated
Rice,Karnal,2026-05-23,3501.39,0.9,mandi_simulated
Rice,Ludhiana,2026-05-23,3536.05,0.9,mandi_simulated
Rice,Nagpur,2026-05-23,3362.72,0.9,mandi_simulated
Rice,Ahmedabad,2026-05-23,3397.38,0.9,mandi_simulated
Rice,Indore,2026-05-23,3536.05,0.9,mandi_simulated
Rice,Jaipur,2026-05-23,3570.72,0.9,mandi_simulated
Rice,Hyderabad,2026-05-23,3432.05,0.9,mandi_simulated
Rice,Bengaluru,2026-05-23,3536.05,0.9,mandi_simulated
Rice,Nashik,2026-05-24,3498.29,0.91,mandi_simulated
Rice,Pune,2026-05-24,3359.74,0.91,mandi_simulated
Rice,Karnal,2026-05-24,3498.29,0.91,mandi_simulated
Rice,Ludhiana,2026-05-24,3532.92,0.91,mandi_simulated
Rice,Nagpur,2026-05-24,3359.74,0.91,mandi_simulated
Rice,Ahmedabad,2026-05-24,3394.38,0.91,mandi_simulated
Rice,Indore,2026-05-24,3532.92,0.91,mandi_simulated
Rice,Jaipur,2026-05-24,3567.56,0.91,mandi_simulated
Rice,Hyderabad,2026-05-24,3429.01,0.91,mandi_simulated
Rice,Bengaluru,2026-05-24,3532.92,0.91,mandi_simulated
Rice,Nashik,2026-05-25,3510.15,0.93,mandi_simulated
Rice,Pune,2026-05-25,3371.13,0.93,mandi_simulated
Rice,Karnal,2026-05-25,3510.15,0.93,mandi_simulated
Rice,Ludhiana,2026-05-25,3544.9,0.93,mandi_simulated
Rice,Nagpur,2026-05-25,3371.13,0.93,mandi_simulated
Rice,Ahmedabad,2026-05-25,3405.89,0.93,mandi_simulated
Rice,Indore,2026-05-25,3544.9,0.93,mandi_simulated
Rice,Jaipur,2026-05-25,3579.66,0.93,mandi_simulated
Rice,Hyderabad,2026-05-25,3440.64,0.93,mandi_simulated
Rice,Bengaluru,2026-05-25,3544.9,0.93,mandi_simulated
Rice,Nashik,2026-05-26,3384.14,0.93,mandi_simulated
Rice,Pune,2026-05-26,3250.11,0.93,mandi_simulated
Rice,Karnal,2026-05-26,3384.14,0.93,mandi_simulated
Rice,Ludhiana,2026-05-26,3417.64,0.93,mandi_simulated
Rice,Nagpur,2026-05-26,3250.11,0.93,mandi_simulated
Rice,Ahmedabad,2026-05-26,3283.62,0.93,mandi_simulated
Rice,Indore,2026-05-26,3417.64,0.93,mandi_simulated
Rice,Jaipur,2026-05-26,3451.15,0.93,mandi_simulated
Rice,Hyderabad,2026-05-26,3317.13,0.93,mandi_simulated
Rice,Bengaluru,2026-05-26,3417.64,0.93,mandi_simulated
Rice,Nashik,2026-05-27,3339.92,0.94,mandi_simulated
Rice,Pune,2026-05-27,3207.64,0.94,mandi_simulated
Rice,Karnal,2026-05-27,3339.92,0.94,mandi_simulated
Rice,Ludhiana,2026-05-27,3372.98,0.94,mandi_simulated
Rice,Nagpur,2026-05-27,3207.64,0.94,mandi_simulated
Rice,Ahmedabad,2026-05-27,3240.71,0.94,mandi_simulated
Rice,Indore,2026-05-27,3372.98,0.94,mandi_simulated
Rice,Jaipur,2026-05-27,3406.05,0.94,mandi_simulated
Rice,Hyderabad,2026-05-27,3273.78,0.94,mandi_simulated
Rice,Bengaluru,2026-05-27,3372.98,0.94,mandi_simulated
Rice,Nashik,2026-05-28,3541.11,0.95,mandi_simulated
Rice,Pune,2026-05-28,3400.87,0.95,mandi_simulated
Rice,Karnal,2026-05-28,3541.11,0.95,mandi_simulated
Rice,Ludhiana,2026-05-28,3576.17,0.95,mandi_simulated
Rice,Nagpur,2026-05-28,3400.87,0.95,mandi_simulated
Rice,Ahmedabad,2026-05-28,3435.93,0.95,mandi_simulated
Rice,Indore,2026-05-28,3576.17,0.95,mandi_simulated
Rice,Jaipur,2026-05-28,3611.23,0.95,mandi_simulated
Rice,Hyderabad,2026-05-28,3470.99,0.95,mandi_simulated
Rice,Bengaluru,2026-05-28,3576.17,0.95,mandi_simulated
Rice,Nashik,2026-05-29,3521.45,0.95,mandi_simulated
Rice,Pune,2026-05-29,3381.98,0.95,mandi_simulated
Rice,Karnal,2026-05-29,3521.45,0.95,mandi_simulated
Rice,Ludhiana,2026-05-29,3556.31,0.95,mandi_simulated
Rice,Nagpur,2026-05-29,3381.98,0.95,mandi_simulated
Rice,Ahmedabad,2026-05-29,3416.85,0.95,mandi_simulated
Rice,Indore,2026-05-29,3556.31,0.95,mandi_simulated
Rice,Jaipur,2026-05-29,3591.18,0.95,mandi_simulated
Rice,Hyderabad,2026-05-29,3451.72,0.95,mandi_simulated
Rice,Bengaluru,2026-05-29,3556.31,0.95,mandi_simulated
Rice,Nashik,2026-05-30,3512.96,0.95,mandi_simulated
Rice,Pune,2026-05-30,3373.84,0.95,mandi_simulated
Rice,Karnal,2026-05-30,3512.96,0.95,mandi_simulated
Rice,Ludhiana,2026-05-30,3547.75,0.95,mandi_simulated
Rice,Nagpur,2026-05-30,3373.84,0.95,mandi_simulated
Rice,Ahmedabad,2026-05-30,3408.62,0.95,mandi_simulated
Rice,Indore,2026-05-30,3547.75,0.95,mandi_simulated
Rice,Jaipur,2026-05-30,3582.53,0.95,mandi_simulated
Rice,Hyderabad,2026-05-30,3443.4,0.95,mandi_simulated
Rice,Bengaluru,2026-05-30,3547.75,0.95,mandi_simulated
Rice,Nashik,2026-05-31,3635.84,0.95,mandi_simulated
Rice,Pune,2026-05-31,3491.85,0.95,mandi_simulated
Rice,Karnal,2026-05-31,3635.84,0.95,mandi_simulated
Rice,Ludhiana,2026-05-31,3671.84,0.95,mandi_simulated
Rice,Nagpur,2026-05-31,3491.85,0.95,mandi_simulated
Rice,Ahmedabad,2026-05-31,3527.85,0.95,mandi_simulated
Rice,Indore,2026-05-31,3671.84,0.95,mandi_simulated
Rice,Jaipur,2026-05-31,3707.84,0.95,mandi_simulated
Rice,Hyderabad,2026-05-31,3563.85,0.95,mandi_simulated
Rice,Bengaluru,2026-05-31,3671.84,0.95,mandi_simulated
Rice,Nashik,2026-06-01,3561.02,0.95,mandi_simulated
Rice,Pune,2026-06-01,3419.99,0.95,mandi_simulated
Rice,Karnal,2026-06-01,3561.02,0.95,mandi_simulated
Rice,Ludhiana,2026-06-01,3596.28,0.95,mandi_simulated
Rice,Nagpur,2026-06-01,3419.99,0.95,mandi_simulated
Rice,Ahmedabad,2026-06-01,3455.25,0.95,mandi_simulated
Rice,Indore,2026-06-01,3596.28,0.95,mandi_simulated
Rice,Jaipur,2026-06-01,3631.53,0.95,mandi_simulated
Rice,Hyderabad,2026-06-01,3490.5,0.95,mandi_simulated
Rice,Bengaluru,2026-06-01,3596.28,0.95,mandi_simulated
Rice,Nashik,2026-06-02,3397.27,0.94,mandi_simulated
Rice,Pune,2026-06-02,3262.72,0.94,mandi_simulated
Rice,Karnal,2026-06-02,3397.27,0.94,mandi_simulated
Rice,Ludhiana,2026-06-02,3430.9,0.94,mandi_simulated
Rice,Nagpur,2026-06-02,3262.72,0.94,mandi_simulated
Rice,Ahmedabad,2026-06-02,3296.36,0.94,mandi_simulated
Rice,Indore,2026-06-02,3430.9,0.94,mandi_simulated
Rice,Jaipur,2026-06-02,3464.54,0.94,mandi_simulated
Rice,Hyderabad,2026-06-02,3329.99,0.94,mandi_simulated
Rice,Bengaluru,2026-06-02,3430.9,0.94,mandi_simulated
Rice,Nashik,2026-06-03,3646.03,0.93,mandi_simulated
Rice,Pune,2026-06-03,3501.63,0.93,mandi_simulated
Rice,Karnal,2026-06-03,3646.03,0.93,mandi_simulated
Rice,Ludhiana,2026-06-03,3682.13,0.93,mandi_simulated
Rice,Nagpur,2026-06-03,3501.63,0.93,mandi_simulated
Rice,Ahmedabad,2026-06-03,3537.73,0.93,mandi_simulated
Rice,Indore,2026-06-03,3682.13,0.93,mandi_simulated
Rice,Jaipur,2026-06-03,3718.23,0.93,mandi_simulated
Rice,Hyderabad,2026-06-03,3573.83,0.93,mandi_simulated
Rice,Bengaluru,2026-06-03,3682.13,0.93,mandi_simulated
Rice,Nashik,2026-06-04,3518.14,0.92,mandi_simulated
Rice,Pune,2026-06-04,3378.8,0.92,mandi_simulated
Rice,Karnal,2026-06-04,3518.14,0.92,mandi_simulated
Rice,Ludhiana,2026-06-04,3552.97,0.92,mandi_simulated
Rice,Nagpur,2026-06-04,3378.8,0.92,mandi_simulated
Rice,Ahmedabad,2026-06-04,3413.64,0.92,mandi_simulated
Rice,Indore,2026-06-04,3552.97,0.92,mandi_simulated
Rice,Jaipur,2026-06-04,3587.8,0.92,mandi_simulated
Rice,Hyderabad,2026-06-04,3448.47,0.92,mandi_simulated
Rice,Bengaluru,2026-06-04,3552.97,0.92,mandi_simulated
Rice,Nashik,2026-06-05,3642.51,0.91,mandi_simulated
Rice,Pune,2026-06-05,3498.26,0.91,mandi_simulated
Rice,Karnal,2026-06-05,3642.51,0.91,mandi_simulated
Rice,Ludhiana,2026-06-05,3678.58,0.91,mandi_simulated
Rice,Nagpur,2026-06-05,3498.26,0.91,mandi_simulated
Rice,Ahmedabad,2026-06-05,3534.32,0.91,mandi_simulated
Rice,Indore,2026-06-05,3678.58,0.91,mandi_simulated
Rice,Jaipur,2026-06-05,3714.64,0.91,mandi_simulated
Rice,Hyderabad,2026-06-05,3570.39,0.91,mandi_simulated
Rice,Bengaluru,2026-06-05,3678.58,0.91,mandi_simulated
Rice,Nashik,2026-06-06,3742.67,0.9,mandi_simulated
Rice,Pune,2026-06-06,3594.45,0.9,mandi_simulated
Rice,Karnal,2026-06-06,3742.67,0.9,mandi_simulated
Rice,Ludhiana,2026-06-06,3779.73,0.9,mandi_simulated
Rice,Nagpur,2026-06-06,3594.45,0.9,mandi_simulated
Rice,Ahmedabad,2026-06-06,3631.5,0.9,mandi_simulated
Rice,Indore,2026-06-06,3779.73,0.9,mandi_simulated
Rice,Jaipur,2026-06-06,3816.79,0.9,mandi_simulated
Rice,Hyderabad,2026-06-06,3668.56,0.9,mandi_simulated
Rice,Bengaluru,2026-06-06,3779.73,0.9,mandi_simulated
Rice,Nashik,2026-06-07,3529.62,0.89,mandi_simulated
Rice,Pune,2026-06-07,3389.84,0.89,mandi_simulated
Rice,Karnal,2026-06-07,3529.62,0.89,mandi_simulated
Rice,Ludhiana,2026-06-07,3564.57,0.89,mandi_simulated
Rice,Nagpur,2026-06-07,3389.84,0.89,mandi_simulated
Rice,Ahmedabad,2026-06-07,3424.78,0.89,mandi_simulated
Rice,Indore,2026-06-07,3564.57,0.89,mandi_simulated
Rice,Jaipur,2026-06-07,3599.52,0.89,mandi_simulated
Rice,Hyderabad,2026-06-07,3459.73,0.89,mandi_simulated
Rice,Bengaluru,2026-06-07,3564.57,0.89,mandi_simulated
Rice,Nashik,2026-06-08,3543.8,0.87,mandi_simulated
Rice,Pune,2026-06-08,3403.45,0.87,mandi_simulated
Rice,Karnal,2026-06-08,3543.8,0.87,mandi_simulated
Rice,Ludhiana,2026-06-08,3578.89,0.87,mandi_simulated
Rice,Nagpur,2026-06-08,3403.45,0.87,mandi_simulated
Rice,Ahmedabad,2026-06-08,3438.54,0.87,mandi_simulated
Rice,Indore,2026-06-08,3578.89,0.87,mandi_simulated
Rice,Jaipur,2026-06-08,3613.98,0.87,mandi_simulated
Rice,Hyderabad,2026-06-08,3473.63,0.87,mandi_simulated
Rice,Bengaluru,2026-06-08,3578.89,0.87,mandi_simulated
Rice,Nashik,2026-06-09,3560.9,0.85,mandi_simulated
Rice,Pune,2026-06-09,3419.88,0.85,mandi_simulated
Rice,Karnal,2026-06-09,3560.9,0.85,mandi_simulated
Rice,Ludhiana,2026-06-09,3596.16,0.85,mandi_simulated
Rice,Nagpur,2026-06-09,3419.88,0.85,mandi_simulated
Rice,Ahmedabad,2026-06-09,3455.14,0.85,mandi_simulated
Rice,Indore,2026-06-09,3596.16,0.85,mandi_simulated
Rice,Jaipur,2026-06-09,3631.42,0.85,mandi_simulated
Rice,Hyderabad,2026-06-09,3490.39,0.85,mandi_simulated
Rice,Bengaluru,2026-06-09,3596.16,0.85,mandi_simulated
Rice,Nashik,2026-06-10,3712.22,0.83,mandi_simulated
Rice,Pune,2026-06-10,3565.2,0.83,mandi_simulated
Rice,Karnal,2026-06-10,3712.22,0.83,mandi_simulated
Rice,Ludhiana,2026-06-10,3748.97,0.83,mandi_simulated
Rice,Nagpur,2026-06-10,3565.2,0.83,mandi_simulated
Rice,Ahmedabad,2026-06-10,3601.95,0.83,mandi_simulated
Rice,Indore,2026-06-10,3748.97,0.83,mandi_simulated
Rice,Jaipur,2026-06-10,3785.73,0.83,mandi_simulated
Rice,Hyderabad,2026-06-10,3638.71,0.83,mandi_simulated
Rice,Bengaluru,2026-06-10,3748.97,0.83,mandi_simulated
Rice,Nashik,2026-06-11,3648.5,0.81,mandi_simulated
Rice,Pune,2026-06-11,3504.0,0.81,mandi_simulated
Rice,Karnal,2026-06-11,3648.5,0.81,mandi_simulated
Rice,Ludhiana,2026-06-11,3684.62,0.81,mandi_simulated
Rice,Nagpur,2026-06-11,3504.0,0.81,mandi_simulated
Rice,Ahmedabad,2026-06-11,3540.13,0.81,mandi_simulated
Rice,Indore,2026-06-11,3684.62,0.81,mandi_simulated
Rice,Jaipur,2026-06-11,3720.75,0.81,mandi_simulated
Rice,Hyderabad,2026-06-11,3576.25,0.81,mandi_simulated
Rice,Bengaluru,2026-06-11,3684.62,0.81,mandi_simulated
Rice,Nashik,2026-06-12,3766.81,0.79,mandi_simulated
Rice,Pune,2026-06-12,3617.63,0.79,mandi_simulated
Rice,Karnal,2026-06-12,3766.81,0.79,mandi_simulated
Rice,Ludhiana,2026-06-12,3804.11,0.79,mandi_simulated
Rice,Nagpur,2026-06-12,3617.63,0.79,mandi_simulated
Rice,Ahmedabad,2026-06-12,3654.93,0.79,mandi_simulated
Rice,Indore,2026-06-12,3804.11,0.79,mandi_simulated
Rice,Jaipur,2026-06-12,3841.4,0.79,mandi_simulated
Rice,Hyderabad,2026-06-12,3692.22,0.79,mandi_simulated
Rice,Bengaluru,2026-06-12,3804.11,0.79,mandi_simulated
Rice,Nashik,2026-06-13,3819.67,0.77,mandi_simulated
Rice,Pune,2026-06-13,3668.4,0.77,mandi_simulated
Rice,Karnal,2026-06-13,3819.67,0.77,mandi_simulated
Rice,Ludhiana,2026-06-13,3857.49,0.77,mandi_simulated
Rice,Nagpur,2026-06-13,3668.4,0.77,mandi_simulated
Rice,Ahmedabad,2026-06-13,3706.21,0.77,mandi_simulated
Rice,Indore,2026-06-13,3857.49,0.77,mandi_simulated
Rice,Jaipur,2026-06-13,3895.31,0.77,mandi_simulated
Rice,Hyderabad,2026-06-13,3744.03,0.77,mandi_simulated
Rice,Bengaluru,2026-06-13,3857.49,0.77,mandi_simulated
Rice,Nashik,2026-06-14,3683.1,0.74,mandi_simulated
Rice,Pune,2026-06-14,3537.24,0.74,mandi_simulated
Rice,Karnal,2026-06-14,3683.1,0.74,mandi_simulated
Rice,Ludhiana,2026-06-14,3719.57,0.74,mandi_simulated
Rice,Nagpur,2026-06-14,3537.24,0.74,mandi_simulated
Rice,Ahmedabad,2026-06-14,3573.71,0.74,mandi_simulated
Rice,Indore,2026-06-14,3719.57,0.74,mandi_simulated
Rice,Jaipur,2026-06-14,3756.04,0.74,mandi_simulated
Rice,Hyderabad,2026-06-14,3610.17,0.74,mandi_simulated
Rice,Bengaluru,2026-06-14,3719.57,0.74,mandi_simulated
Rice,Nashik,2026-06-15,3830.85,0.71,mandi_simulated
Rice,Pune,2026-06-15,3679.13,0.71,mandi_simulated
Rice,Karnal,2026-06-15,3830.85,0.71,mandi_simulated
Rice,Ludhiana,2026-06-15,3868.77,0.71,mandi_simulated
Rice,Nagpur,2026-06-15,3679.13,0.71,mandi_simulated
Rice,Ahmedabad,2026-06-15,3717.06,0.71,mandi_simulated
Rice,Indore,2026-06-15,3868.77,0.71,mandi_simulated
Rice,Jaipur,2026-06-15,3906.7,0.71,mandi_simulated
Rice,Hyderabad,2026-06-15,3754.99,0.71,mandi_simulated
Rice,Bengaluru,2026-06-15,3868.77,0.71,mandi_simulated
Rice,Nashik,2026-06-16,3735.09,0.69,mandi_simulated
Rice,Pune,2026-06-16,3587.17,0.69,mandi_simulated
Rice,Karnal,2026-06-16,3735.09,0.69,mandi_simulated
Rice,Ludhiana,2026-06-16,3772.08,0.69,mandi_simulated
Rice,Nagpur,2026-06-16,3587.17,0.69,mandi_simulated
Rice,Ahmedabad,2026-06-16,3624.15,0.69,mandi_simulated
Rice,Indore,2026-06-16,3772.08,0.69,mandi_simulated
Rice,Jaipur,2026-06-16,3809.06,0.69,mandi_simulated
Rice,Hyderabad,2026-06-16,3661.13,0.69,mandi_simulated
Rice,Bengaluru,2026-06-16,3772.08,0.69,mandi_simulated
Rice,Nashik,2026-06-17,3819.47,0.66,mandi_simulated
Rice,Pune,2026-06-17,3668.2,0.66,mandi_simulated
Rice,Karnal,2026-06-17,3819.47,0.66,mandi_simulated
Rice,Ludhiana,2026-06-17,3857.28,0.66,mandi_simulated
Rice,Nagpur,2026-06-17,3668.2,0.66,mandi_simulated
Rice,Ahmedabad,2026-06-17,3706.02,0.66,mandi_simulated
Rice,Indore,2026-06-17,3857.28,0.66,mandi_simulated
Rice,Jaipur,2026-06-17,3895.1,0.66,mandi_simulated
Rice,Hyderabad,2026-06-17,3743.83,0.66,mandi_simulated
Rice,Bengaluru,2026-06-17,3857.28,0.66,mandi_simulated
Rice,Nashik,2026-06-18,3962.52,0.63,mandi_simulated
Rice,Pune,2026-06-18,3805.59,0.63,mandi_simulated
Rice,Karnal,2026-06-18,3962.52,0.63,mandi_simulated
Rice,Ludhiana,2026-06-18,4001.75,0.63,mandi_simulated
Rice,Nagpur,2026-06-18,3805.59,0.63,mandi_simulated
Rice,Ahmedabad,2026-06-18,3844.82,0.63,mandi_simulated
Rice,Indore,2026-06-18,4001.75,0.63,mandi_simulated
Rice,Jaipur,2026-06-18,4040.98,0.63,mandi_simulated
Rice,Hyderabad,2026-06-18,3884.05,0.63,mandi_simulated
Rice,Bengaluru,2026-06-18,4001.75,0.63,mandi_simulated
Rice,Nashik,2026-06-19,3958.83,0.61,mandi_simulated
Rice,Pune,2026-06-19,3802.04,0.61,mandi_simulated
Rice,Karnal,2026-06-19,3958.83,0.61,mandi_simulated
Rice,Ludhiana,2026-06-19,3998.02,0.61,mandi_simulated
Rice,Nagpur,2026-06-19,3802.04,0.61,mandi_simulated
Rice,Ahmedabad,2026-06-19,3841.24,0.61,mandi_simulated
Rice,Indore,2026-06-19,3998.02,0.61,mandi_simulated
Rice,Jaipur,2026-06-19,4037.22,0.61,mandi_simulated
Rice,Hyderabad,2026-06-19,3880.43,0.61,mandi_simulated
Rice,Bengaluru,2026-06-19,3998.02,0.61,mandi_simulated
Rice,Nashik,2026-06-20,3739.15,0.58,mandi_simulated
Rice,Pune,2026-06-20,3591.06,0.58,mandi_simulated
Rice,Karnal,2026-06-20,3739.15,0.58,mandi_simulated
Rice,Ludhiana,2026-06-20,3776.17,0.58,mandi_simulated
Rice,Nagpur,2026-06-20,3591.06,0.58,mandi_simulated
Rice,Ahmedabad,2026-06-20,3628.08,0.58,mandi_simulated
Rice,Indore,2026-06-20,3776.17,0.58,mandi_simulated
Rice,Jaipur,2026-06-20,3813.19,0.58,mandi_simulated
Rice,Hyderabad,2026-06-20,3665.11,0.58,mandi_simulated
Rice,Bengaluru,2026-06-20,3776.17,0.58,mandi_simulated
Rice,Nashik,2026-06-21,3853.45,0.55,mandi_simulated
Rice,Pune,2026-06-21,3700.83,0.55,mandi_simulated
Rice,Karnal,2026-06-21,3853.45,0.55,mandi_simulated
Rice,Ludhiana,2026-06-21,3891.6,0.55,mandi_simulated
Rice,Nagpur,2026-06-21,3700.83,0.55,mandi_simulated
Rice,Ahmedabad,2026-06-21,3738.99,0.55,mandi_simulated
Rice,Indore,2026-06-21,3891.6,0.55,mandi_simulated
Rice,Jaipur,2026-06-21,3929.75,0.55,mandi_simulated
Rice,Hyderabad,2026-06-21,3777.14,0.55,mandi_simulated
Rice,Bengaluru,2026-06-21,3891.6,0.55,mandi_simulated
Rice,Nashik,2026-06-22,3818.45,0.58,mandi_simulated
Rice,Pune,2026-06-22,3667.22,0.58,mandi_simulated
Rice,Karnal,2026-06-22,3818.45,0.58,mandi_simulated
Rice,Ludhiana,2026-06-22,3856.26,0.58,mandi_simulated
Rice,Nagpur,2026-06-22,3667.22,0.58,mandi_simulated
Rice,Ahmedabad,2026-06-22,3705.03,0.58,mandi_simulated
Rice,Indore,2026-06-22,3856.26,0.58,mandi_simulated
Rice,Jaipur,2026-06-22,3894.06,0.58,mandi_simulated
Rice,Hyderabad,2026-06-22,3742.84,0.58,mandi_simulated
Rice,Bengaluru,2026-06-22,3856.26,0.58,mandi_simulated
Rice,Nashik,2026-06-23,3742.65,0.61,mandi_simulated
Rice,Pune,2026-06-23,3594.43,0.61,mandi_simulated
Rice,Karnal,2026-06-23,3742.65,0.61,mandi_simulated
Rice,Ludhiana,2026-06-23,3779.71,0.61,mandi_simulated
Rice,Nagpur,2026-06-23,3594.43,0.61,mandi_simulated
Rice,Ahmedabad,2026-06-23,3631.48,0.61,mandi_simulated
Rice,Indore,2026-06-23,3779.71,0.61,mandi_simulated
Rice,Jaipur,2026-06-23,3816.76,0.61,mandi_simulated
Rice,Hyderabad,2026-06-23,3668.54,0.61,mandi_simulated
Rice,Bengaluru,2026-06-23,3779.71,0.61,mandi_simulated
Rice,Nashik,2026-06-24,3990.41,0.64,mandi_simulated
Rice,Pune,2026-06-24,3832.38,0.64,mandi_simulated
Rice,Karnal,2026-06-24,3990.41,0.64,mandi_simulated
Rice,Ludhiana,2026-06-24,4029.92,0.64,mandi_simulated
Rice,Nagpur,2026-06-24,3832.38,0.64,mandi_simulated
Rice,Ahmedabad,2026-06-24,3871.88,0.64,mandi_simulated
Rice,Indore,2026-06-24,4029.92,0.64,mandi_simulated
Rice,Jaipur,2026-06-24,4069.43,0.64,mandi_simulated
Rice,Hyderabad,2026-06-24,3911.39,0.64,mandi_simulated
Rice,Bengaluru,2026-06-24,4029.92,0.64,mandi_simulated
Rice,Nashik,2026-06-25,3955.56,0.66,mandi_simulated
Rice,Pune,2026-06-25,3798.91,0.66,mandi_simulated
Rice,Karnal,2026-06-25,3955.56,0.66,mandi_simulated
Rice,Ludhiana,2026-06-25,3994.73,0.66,mandi_simulated
Rice,Nagpur,2026-06-25,3798.91,0.66,mandi_simulated
Rice,Ahmedabad,2026-06-25,3838.07,0.66,mandi_simulated
Rice,Indore,2026-06-25,3994.73,0.66,mandi_simulated
Rice,Jaipur,2026-06-25,4033.89,0.66,mandi_simulated
Rice,Hyderabad,2026-06-25,3877.23,0.66,mandi_simulated
Rice,Bengaluru,2026-06-25,3994.73,0.66,mandi_simulated
Rice,Nashik,2026-06-26,3843.62,0.69,mandi_simulated
Rice,Pune,2026-06-26,3691.4,0.69,mandi_simulated
Rice,Karnal,2026-06-26,3843.62,0.69,mandi_simulated
Rice,Ludhiana,2026-06-26,3881.68,0.69,mandi_simulated
Rice,Nagpur,2026-06-26,3691.4,0.69,mandi_simulated
Rice,Ahmedabad,2026-06-26,3729.46,0.69,mandi_simulated
Rice,Indore,2026-06-26,3881.68,0.69,mandi_simulated
Rice,Jaipur,2026-06-26,3919.73,0.69,mandi_simulated
Rice,Hyderabad,2026-06-26,3767.51,0.69,mandi_simulated
Rice,Bengaluru,2026-06-26,3881.68,0.69,mandi_simulated
Rice,Nashik,2026-06-27,3998.16,0.72,mandi_simulated
Rice,Pune,2026-06-27,3839.82,0.72,mandi_simulated
Rice,Karnal,2026-06-27,3998.16,0.72,mandi_simulated
Rice,Ludhiana,2026-06-27,4037.74,0.72,mandi_simulated
Rice,Nagpur,2026-06-27,3839.82,0.72,mandi_simulated
Rice,Ahmedabad,2026-06-27,3879.4,0.72,mandi_simulated
Rice,Indore,2026-06-27,4037.74,0.72,mandi_simulated
Rice,Jaipur,2026-06-27,4077.33,0.72,mandi_simulated
Rice,Hyderabad,2026-06-27,3918.99,0.72,mandi_simulated
Rice,Bengaluru,2026-06-27,4037.74,0.72,mandi_simulated
Rice,Nashik,2026-06-28,3941.52,0.74,mandi_simulated
Rice,Pune,2026-06-28,3785.42,0.74,mandi_simulated
Rice,Karnal,2026-06-28,3941.52,0.74,mandi_simulated
Rice,Ludhiana,2026-06-28,3980.54,0.74,mandi_simulated
Rice,Nagpur,2026-06-28,3785.42,0.74,mandi_simulated
Rice,Ahmedabad,2026-06-28,3824.44,0.74,mandi_simulated
Rice,Indore,2026-06-28,3980.54,0.74,mandi_simulated
Rice,Jaipur,2026-06-28,4019.57,0.74,mandi_simulated
Rice,Hyderabad,2026-06-28,3863.47,0.74,mandi_simulated
Rice,Bengaluru,2026-06-28,3980.54,0.74,mandi_simulated
Rice,Nashik,2026-06-29,3903.99,0.77,mandi_simulated
Rice,Pune,2026-06-29,3749.37,0.77,mandi_simulated
Rice,Karnal,2026-06-29,3903.99,0.77,mandi_simulated
Rice,Ludhiana,2026-06-29,3942.64,0.77,mandi_simulated
Rice,Nagpur,2026-06-29,3749.37,0.77,mandi_simulated
Rice,Ahmedabad,2026-06-29,3788.03,0.77,mandi_simulated
Rice,Indore,2026-06-29,3942.64,0.77,mandi_simulated
Rice,Jaipur,2026-06-29,3981.29,0.77,mandi_simulated
Rice,Hyderabad,2026-06-29,3826.68,0.77,mandi_simulated
Rice,Bengaluru,2026-06-29,3942.64,0.77,mandi_simulated
Rice,Nashik,2026-06-30,3772.67,0.79,mandi_simulated
Rice,Pune,2026-06-30,3623.26,0.79,mandi_simulated
Rice,Karnal,2026-06-30,3772.67,0.79,mandi_simulated
Rice,Ludhiana,2026-06-30,3810.03,0.79,mandi_simulated
Rice,Nagpur,2026-06-30,3623.26,0.79,mandi_simulated
Rice,Ahmedabad,2026-06-30,3660.61,0.79,mandi_simulated
Rice,Indore,2026-06-30,3810.03,0.79,mandi_simulated
Rice,Jaipur,2026-06-30,3847.38,0.79,mandi_simulated
Rice,Hyderabad,2026-06-30,3697.97,0.79,mandi_simulated
Rice,Bengaluru,2026-06-30,3810.03,0.79,mandi_simulated
Rice,Nashik,2026-07-01,3791.9,0.81,mandi_simulated
Rice,Pune,2026-07-01,3641.73,0.81,mandi_simulated
Rice,Karnal,2026-07-01,3791.9,0.81,mandi_simulated
Rice,Ludhiana,2026-07-01,3829.45,0.81,mandi_simulated
Rice,Nagpur,2026-07-01,3641.73,0.81,mandi_simulated
Rice,Ahmedabad,2026-07-01,3679.27,0.81,mandi_simulated
Rice,Indore,2026-07-01,3829.45,0.81,mandi_simulated
Rice,Jaipur,2026-07-01,3866.99,0.81,mandi_simulated
Rice,Hyderabad,2026-07-01,3716.82,0.81,mandi_simulated
Rice,Bengaluru,2026-07-01,3829.45,0.81,mandi_simulated
Rice,Nashik,2026-07-02,4042.68,0.83,mandi_simulated
Rice,Pune,2026-07-02,3882.57,0.83,mandi_simulated
Rice,Karnal,2026-07-02,4042.68,0.83,mandi_simulated
Rice,Ludhiana,2026-07-02,4082.7,0.83,mandi_simulated
Rice,Nagpur,2026-07-02,3882.57,0.83,mandi_simulated
Rice,Ahmedabad,2026-07-02,3922.6,0.83,mandi_simulated
Rice,Indore,2026-07-02,4082.7,0.83,mandi_simulated
Rice,Jaipur,2026-07-02,4122.73,0.83,mandi_simulated
Rice,Hyderabad,2026-07-02,3962.63,0.83,mandi_simulated
Rice,Bengaluru,2026-07-02,4082.7,0.83,mandi_simulated
Rice,Nashik,2026-07-03,4044.85,0.85,mandi_simulated
Rice,Pune,2026-07-03,3884.66,0.85,mandi_simulated
Rice,Karnal,2026-07-03,4044.85,0.85,mandi_simulated
Rice,Ludhiana,2026-07-03,4084.9,0.85,mandi_simulated
Rice,Nagpur,2026-07-03,3884.66,0.85,mandi_simulated
Rice,Ahmedabad,2026-07-03,3924.71,0.85,mandi_simulated
Rice,Indore,2026-07-03,4084.9,0.85,mandi_simulated
Rice,Jaipur,2026-07-03,4124.95,0.85,mandi_simulated
Rice,Hyderabad,2026-07-03,3964.76,0.85,mandi_simulated
Rice,Bengaluru,2026-07-03,4084.9,0.85,mandi_simulated
Rice,Nashik,2026-07-04,3926.91,0.87,mandi_simulated
Rice,Pune,2026-07-04,3771.39,0.87,mandi_simulated
Rice,Karnal,2026-07-04,3926.91,0.87,mandi_simulated
Rice,Ludhiana,2026-07-04,3965.79,0.87,mandi_simulated
Rice,Nagpur,2026-07-04,3771.39,0.87,mandi_simulated
Rice,Ahmedabad,2026-07-04,3810.27,0.87,mandi_simulated
Rice,Indore,2026-07-04,3965.79,0.87,mandi_simulated
Rice,Jaipur,2026-07-04,4004.67,0.87,mandi_simulated
Rice,Hyderabad,2026-07-04,3849.15,0.87,mandi_simulated
Rice,Bengaluru,2026-07-04,3965.79,0.87,mandi_simulated
Rice,Nashik,2026-07-05,4010.25,0.89,mandi_simulated
Rice,Pune,2026-07-05,3851.42,0.89,mandi_simulated
Rice,Karnal,2026-07-05,4010.25,0.89,mandi_simulated
Rice,Ludhiana,2026-07-05,4049.95,0.89,mandi_simulated
Rice,Nagpur,2026-07-05,3851.42,0.89,mandi_simulated
Rice,Ahmedabad,2026-07-05,3891.13,0.89,mandi_simulated
Rice,Indore,2026-07-05,4049.95,0.89,mandi_simulated
Rice,Jaipur,2026-07-05,4089.66,0.89,mandi_simulated
Rice,Hyderabad,2026-07-05,3930.83,0.89,mandi_simulated
Rice,Bengaluru,2026-07-05,4049.95,0.89,mandi_simulated
Rice,Nashik,2026-07-06,3923.17,0.9,mandi_simulated
Rice,Pune,2026-07-06,3767.79,0.9,mandi_simulated
Rice,Karnal,2026-07-06,3923.17,0.9,mandi_simulated
Rice,Ludhiana,2026-07-06,3962.01,0.9,mandi_simulated
Rice,Nagpur,2026-07-06,3767.79,0.9,mandi_simulated
Rice,Ahmedabad,2026-07-06,3806.64,0.9,mandi_simulated
Rice,Indore,2026-07-06,3962.01,0.9,mandi_simulated
Rice,Jaipur,2026-07-06,4000.85,0.9,mandi_simulated
Rice,Hyderabad,2026-07-06,3845.48,0.9,mandi_simulated
Rice,Bengaluru,2026-07-06,3962.01,0.9,mandi_simulated
Rice,Nashik,2026-07-07,3778.46,0.91,mandi_simulated
Rice,Pune,2026-07-07,3628.81,0.91,mandi_simulated
Rice,Karnal,2026-07-07,3778.46,0.91,mandi_simulated
Rice,Ludhiana,2026-07-07,3815.87,0.91,mandi_simulated
Rice,Nagpur,2026-07-07,3628.81,0.91,mandi_simulated
Rice,Ahmedabad,2026-07-07,3666.22,0.91,mandi_simulated
Rice,Indore,2026-07-07,3815.87,0.91,mandi_simulated
Rice,Jaipur,2026-07-07,3853.28,0.91,mandi_simulated
Rice,Hyderabad,2026-07-07,3703.63,0.91,mandi_simulated
Rice,Bengaluru,2026-07-07,3815.87,0.91,mandi_simulated
Rice,Nashik,2026-07-08,3761.59,0.93,mandi_simulated
Rice,Pune,2026-07-08,3612.62,0.93,mandi_simulated
Rice,Karnal,2026-07-08,3761.59,0.93,mandi_simulated
Rice,Ludhiana,2026-07-08,3798.84,0.93,mandi_simulated
Rice,Nagpur,2026-07-08,3612.62,0.93,mandi_simulated
Rice,Ahmedabad,2026-07-08,3649.86,0.93,mandi_simulated
Rice,Indore,2026-07-08,3798.84,0.93,mandi_simulated
Rice,Jaipur,2026-07-08,3836.08,0.93,mandi_simulated
Rice,Hyderabad,2026-07-08,3687.11,0.93,mandi_simulated
Rice,Bengaluru,2026-07-08,3798.84,0.93,mandi_simulated
Rice,Nashik,2026-07-09,3805.93,0.93,mandi_simulated
Rice,Pune,2026-07-09,3655.2,0.93,mandi_simulated
Rice,Karnal,2026-07-09,3805.93,0.93,mandi_simulated
Rice,Ludhiana,2026-07-09,3843.61,0.93,mandi_simulated
Rice,Nagpur,2026-07-09,3655.2,0.93,mandi_simulated
Rice,Ahmedabad,2026-07-09,3692.88,0.93,mandi_simulated
Rice,Indore,2026-07-09,3843.61,0.93,mandi_simulated
Rice,Jaipur,2026-07-09,3881.29,0.93,mandi_simulated
Rice,Hyderabad,2026-07-09,3730.56,0.93,mandi_simulated
Rice,Bengaluru,2026-07-09,3843.61,0.93,mandi_simulated
Rice,Nashik,2026-07-10,3975.12,0.94,mandi_simulated
Rice,Pune,2026-07-10,3817.69,0.94,mandi_simulated
Rice,Karnal,2026-07-10,3975.12,0.94,mandi_simulated
Rice,Ludhiana,2026-07-10,4014.48,0.94,mandi_simulated
Rice,Nagpur,2026-07-10,3817.69,0.94,mandi_simulated
Rice,Ahmedabad,2026-07-10,3857.05,0.94,mandi_simulated
Rice,Indore,2026-07-10,4014.48,0.94,mandi_simulated
Rice,Jaipur,2026-07-10,4053.84,0.94,mandi_simulated
Rice,Hyderabad,2026-07-10,3896.41,0.94,mandi_simulated
Rice,Bengaluru,2026-07-10,4014.48,0.94,mandi_simulated
Rice,Nashik,2026-07-11,3928.99,0.95,mandi_simulated
Rice,Pune,2026-07-11,3773.38,0.95,mandi_simulated
Rice,Karnal,2026-07-11,3928.99,0.95,mandi_simulated
Rice,Ludhiana,2026-07-11,3967.89,0.95,mandi_simulated
Rice,Nagpur,2026-07-11,3773.38,0.95,mandi_simulated
Rice,Ahmedabad,2026-07-11,3812.28,0.95,mandi_simulated
Rice,Indore,2026-07-11,3967.89,0.95,mandi_simulated
Rice,Jaipur,2026-07-11,4006.79,0.95,mandi_simulated
Rice,Hyderabad,2026-07-11,3851.18,0.95,mandi_simulated
Rice,Bengaluru,2026-07-11,3967.89,0.95,mandi_simulated
Rice,Nashik,2026-07-12,3933.29,0.95,mandi_simulated
Rice,Pune,2026-07-12,3777.52,0.95,mandi_simulated
Rice,Karnal,2026-07-12,3933.29,0.95,mandi_simulated
Rice,Ludhiana,2026-07-12,3972.23,0.95,mandi_simulated
Rice,Nagpur,2026-07-12,3777.52,0.95,mandi_simulated
Rice,Ahmedabad,2026-07-12,3816.46,0.95,mandi_simulated
Rice,Indore,2026-07-12,3972.23,0.95,mandi_simulated
Rice,Jaipur,2026-07-12,4011.18,0.95,mandi_simulated
Rice,Hyderabad,2026-07-12,3855.4,0.95,mandi_simulated
Rice,Bengaluru,2026-07-12,3972.23,0.95,mandi_simulated
Rice,Nashik,2026-07-13,3928.47,0.95,mandi_simulated
Rice,Pune,2026-07-13,3772.89,0.95,mandi_simulated
Rice,Karnal,2026-07-13,3928.47,0.95,mandi_simulated
Rice,Ludhiana,2026-07-13,3967.37,0.95,mandi_simulated
Rice,Nagpur,2026-07-13,3772.89,0.95,mandi_simulated
Rice,Ahmedabad,2026-07-13,3811.78,0.95,mandi_simulated
Rice,Indore,2026-07-13,3967.37,0.95,mandi_simulated
Rice,Jaipur,2026-07-13,4006.26,0.95,mandi_simulated
Rice,Hyderabad,2026-07-13,3850.68,0.95,mandi_simulated
Rice,Bengaluru,2026-07-13,3967.37,0.95,mandi_simulated
Rice,Nashik,2026-07-14,3702.23,0.95,mandi_simulated
Rice,Pune,2026-07-14,3555.61,0.95,mandi_simulated
Rice,Karnal,2026-07-14,3702.23,0.95,mandi_simulated
Rice,Ludhiana,2026-07-14,3738.89,0.95,mandi_simulated
Rice,Nagpur,2026-07-14,3555.61,0.95,mandi_simulated
Rice,Ahmedabad,2026-07-14,3592.27,0.95,mandi_simulated
Rice,Indore,2026-07-14,3738.89,0.95,mandi_simulated
Rice,Jaipur,2026-07-14,3775.55,0.95,mandi_simulated
Rice,Hyderabad,2026-07-14,3628.92,0.95,mandi_simulated
Rice,Bengaluru,2026-07-14,3738.89,0.95,mandi_simulated
Rice,Nashik,2026-07-15,3696.97,0.95,mandi_simulated
Rice,Pune,2026-07-15,3550.55,0.95,mandi_simulated
Rice,Karnal,2026-07-15,3696.97,0.95,mandi_simulated
Rice,Ludhiana,2026-07-15,3733.57,0.95,mandi_simulated
Rice,Nagpur,2026-07-15,3550.55,0.95,mandi_simulated
Rice,Ahmedabad,2026-07-15,3587.16,0.95,mandi_simulated
Rice,Indore,2026-07-15,3733.57,0.95,mandi_simulated
Rice,Jaipur,2026-07-15,3770.17,0.95,mandi_simulated
Rice,Hyderabad,2026-07-15,3623.76,0.95,mandi_simulated
Rice,Bengaluru,2026-07-15,3733.57,0.95,mandi_simulated
Rice,Nashik,2026-07-16,3635.01,0.94,mandi_simulated
Rice,Pune,2026-07-16,3491.05,0.94,mandi_simulated
Rice,Karnal,2026-07-16,3635.01,0.94,mandi_simulated
Rice,Ludhiana,2026-07-16,3671.0,0.94,mandi_simulated
Rice,Nagpur,2026-07-16,3491.05,0.94,mandi_simulated
Rice,Ahmedabad,2026-07-16,3527.04,0.94,mandi_simulated
Rice,Indore,2026-07-16,3671.0,0.94,mandi_simulated
Rice,Jaipur,2026-07-16,3706.99,0.94,mandi_simulated
Rice,Hyderabad,2026-07-16,3563.03,0.94,mandi_simulated
Rice,Bengaluru,2026-07-16,3671.0,0.94,mandi_simulated
Rice,Nashik,2026-07-17,3819.2,0.93,mandi_simulated
Rice,Pune,2026-07-17,3667.94,0.93,mandi_simulated
Rice,Karnal,2026-07-17,3819.2,0.93,mandi_simulated
Rice,Ludhiana,2026-07-17,3857.01,0.93,mandi_simulated
Rice,Nagpur,2026-07-17,3667.94,0.93,mandi_simulated
Rice,Ahmedabad,2026-07-17,3705.75,0.93,mandi_simulated
Rice,Indore,2026-07-17,3857.01,0.93,mandi_simulated
Rice,Jaipur,2026-07-17,3894.82,0.93,mandi_simulated
Rice,Hyderabad,2026-07-17,3743.57,0.93,mandi_simulated
Rice,Bengaluru,2026-07-17,3857.01,0.93,mandi_simulated
Rice,Nashik,2026-07-18,3830.38,0.92,mandi_simulated
Rice,Pune,2026-07-18,3678.68,0.92,mandi_simulated
Rice,Karnal,2026-07-18,3830.38,0.92,mandi_simulated
Rice,Ludhiana,2026-07-18,3868.3,0.92,mandi_simulated
Rice,Nagpur,2026-07-18,3678.68,0.92,mandi_simulated
Rice,Ahmedabad,2026-07-18,3716.6,0.92,mandi_simulated
Rice,Indore,2026-07-18,3868.3,0.92,mandi_simulated
Rice,Jaipur,2026-07-18,3906.23,0.92,mandi_simulated
Rice,Hyderabad,2026-07-18,3754.53,0.92,mandi_simulated
Rice,Bengaluru,2026-07-18,3868.3,0.92,mandi_simulated
Rice,Nashik,2026-07-19,3668.79,0.91,mandi_simulated
Rice,Pune,2026-07-19,3523.49,0.91,mandi_simulated
Rice,Karnal,2026-07-19,3668.79,0.91,mandi_simulated
Rice,Ludhiana,2026-07-19,3705.12,0.91,mandi_simulated
Rice,Nagpur,2026-07-19,3523.49,0.91,mandi_simulated
Rice,Ahmedabad,2026-07-19,3559.82,0.91,mandi_simulated
Rice,Indore,2026-07-19,3705.12,0.91,mandi_simulated
Rice,Jaipur,2026-07-19,3741.44,0.91,mandi_simulated
Rice,Hyderabad,2026-07-19,3596.14,0.91,mandi_simulated
Rice,Bengaluru,2026-07-19,3705.12,0.91,mandi_simulated
Rice,Nashik,2026-07-20,3711.97,0.9,mandi_simulated
Rice,Pune,2026-07-20,3564.96,0.9,mandi_simulated
Rice,Karnal,2026-07-20,3711.97,0.9,mandi_simulated
Rice,Ludhiana,2026-07-20,3748.72,0.9,mandi_simulated
Rice,Nagpur,2026-07-20,3564.96,0.9,mandi_simulated
Rice,Ahmedabad,2026-07-20,3601.71,0.9,mandi_simulated
Rice,Indore,2026-07-20,3748.72,0.9,mandi_simulated
Rice,Jaipur,2026-07-20,3785.48,0.9,mandi_simulated
Rice,Hyderabad,2026-07-20,3638.47,0.9,mandi_simulated
Rice,Bengaluru,2026-07-20,3748.72,0.9,mandi_simulated
Rice,Nashik,2026-07-21,3555.25,0.89,mandi_simulated
Rice,Pune,2026-07-21,3414.44,0.89,mandi_simulated
Rice,Karnal,2026-07-21,3555.25,0.89,mandi_simulated
Rice,Ludhiana,2026-07-21,3590.45,0.89,mandi_simulated
Rice,Nagpur,2026-07-21,3414.44,0.89,mandi_simulated
Rice,Ahmedabad,2026-07-21,3449.65,0.89,mandi_simulated
Rice,Indore,2026-07-21,3590.45,0.89,mandi_simulated
Rice,Jaipur,2026-07-21,3625.65,0.89,mandi_simulated
Rice,Hyderabad,2026-07-21,3484.85,0.89,mandi_simulated
Rice,Bengaluru,2026-07-21,3590.45,0.89,mandi_simulated
Rice,Nashik,2026-07-22,3761.04,0.87,mandi_simulated
Rice,Pune,2026-07-22,3612.09,0.87,mandi_simulated
Rice,Karnal,2026-07-22,3761.04,0.87,mandi_simulated
Rice,Ludhiana,2026-07-22,3798.28,0.87,mandi_simulated
Rice,Nagpur,2026-07-22,3612.09,0.87,mandi_simulated
Rice,Ahmedabad,2026-07-22,3649.33,0.87,mandi_simulated
Rice,Indore,2026-07-22,3798.28,0.87,mandi_simulated
Rice,Jaipur,2026-07-22,3835.52,0.87,mandi_simulated
Rice,Hyderabad,2026-07-22,3686.57,0.87,mandi_simulated
Rice,Bengaluru,2026-07-22,3798.28,0.87,mandi_simulated
Rice,Nashik,2026-07-23,3721.17,0.85,mandi_simulated
Rice,Pune,2026-07-23,3573.8,0.85,mandi_simulated
Rice,Karnal,2026-07-23,3721.17,0.85,mandi_simulated
Rice,Ludhiana,2026-07-23,3758.02,0.85,mandi_simulated
Rice,Nagpur,2026-07-23,3573.8,0.85,mandi_simulated
Rice,Ahmedabad,2026-07-23,3610.64,0.85,mandi_simulated
Rice,Indore,2026-07-23,3758.02,0.85,mandi_simulated
Rice,Jaipur,2026-07-23,3794.86,0.85,mandi_simulated
Rice,Hyderabad,2026-07-23,3647.49,0.85,mandi_simulated
Rice,Bengaluru,2026-07-23,3758.02,0.85,mandi_simulated
Rice,Nashik,2026-07-24,3732.49,0.83,mandi_simulated
Rice,Pune,2026-07-24,3584.67,0.83,mandi_simulated
Rice,Karnal,2026-07-24,3732.49,0.83,mandi_simulated
Rice,Ludhiana,2026-07-24,3769.45,0.83,mandi_simulated
Rice,Nagpur,2026-07-24,3584.67,0.83,mandi_simulated
Rice,Ahmedabad,2026-07-24,3621.63,0.83,mandi_simulated
Rice,Indore,2026-07-24,3769.45,0.83,mandi_simulated
Rice,Jaipur,2026-07-24,3806.4,0.83,mandi_simulated
Rice,Hyderabad,2026-07-24,3658.58,0.83,mandi_simulated
Rice,Bengaluru,2026-07-24,3769.45,0.83,mandi_simulated
Rice,Nashik,2026-07-25,3664.42,0.81,mandi_simulated
Rice,Pune,2026-07-25,3519.29,0.81,mandi_simulated
Rice,Karnal,2026-07-25,3664.42,0.81,mandi_simulated
Rice,Ludhiana,2026-07-25,3700.7,0.81,mandi_simulated
Rice,Nagpur,2026-07-25,3519.29,0.81,mandi_simulated
Rice,Ahmedabad,2026-07-25,3555.57,0.81,mandi_simulated
Rice,Indore,2026-07-25,3700.7,0.81,mandi_simulated
Rice,Jaipur,2026-07-25,3736.98,0.81,mandi_simulated
Rice,Hyderabad,2026-07-25,3591.85,0.81,mandi_simulated
Rice,Bengaluru,2026-07-25,3700.7,0.81,mandi_simulated
Rice,Nashik,2026-07-26,3664.32,0.79,mandi_simulated
Rice,Pune,2026-07-26,3519.2,0.79,mandi_simulated
Rice,Karnal,2026-07-26,3664.32,0.79,mandi_simulated
Rice,Ludhiana,2026-07-26,3700.6,0.79,mandi_simulated
Rice,Nagpur,2026-07-26,3519.2,0.79,mandi_simulated
Rice,Ahmedabad,2026-07-26,3555.48,0.79,mandi_simulated
Rice,Indore,2026-07-26,3700.6,0.79,mandi_simulated
Rice,Jaipur,2026-07-26,3736.88,0.79,mandi_simulated
Rice,Hyderabad,2026-07-26,3591.76,0.79,mandi_simulated
Rice,Bengaluru,2026-07-26,3700.6,0.79,mandi_simulated
Rice,Nashik,2026-07-27,3402.07,0.76,mandi_simulated
Rice,Pune,2026-07-27,3267.33,0.76,mandi_simulated
Rice,Karnal,2026-07-27,3402.07,0.76,mandi_simulated
Rice,Ludhiana,2026-07-27,3435.75,0.76,mandi_simulated
Rice,Nagpur,2026-07-27,3267.33,0.76,mandi_simulated
Rice,Ahmedabad,2026-07-27,3301.01,0.76,mandi_simulated
Rice,Indore,2026-07-27,3435.75,0.76,mandi_simulated
Rice,Jaipur,2026-07-27,3469.43,0.76,mandi_simulated
Rice,Hyderabad,2026-07-27,3334.7,0.76,mandi_simulated
Rice,Bengaluru,2026-07-27,3435.75,0.76,mandi_simulated
Rice,Nashik,2026-07-28,3584.26,0.74,mandi_simulated
Rice,Pune,2026-07-28,3442.31,0.74,mandi_simulated
Rice,Karnal,2026-07-28,3584.26,0.74,mandi_simulated
Rice,Ludhiana,2026-07-28,3619.75,0.74,mandi_simulated
Rice,Nagpur,2026-07-28,3442.31,0.74,mandi_simulated
Rice,Ahmedabad,2026-07-28,3477.8,0.74,mandi_simulated
Rice,Indore,2026-07-28,3619.75,0.74,mandi_simulated
Rice,Jaipur,2026-07-28,3655.24,0.74,mandi_simulated
Rice,Hyderabad,2026-07-28,3513.29,0.74,mandi_simulated
Rice,Bengaluru,2026-07-28,3619.75,0.74,mandi_simulated
Rice,Nashik,2026-07-29,3452.46,0.71,mandi_simulated
Rice,Pune,2026-07-29,3315.73,0.71,mandi_simulated
Rice,Karnal,2026-07-29,3452.46,0.71,mandi_simulated
Rice,Ludhiana,2026-07-29,3486.64,0.71,mandi_simulated
Rice,Nagpur,2026-07-29,3315.73,0.71,mandi_simulated
Rice,Ahmedabad,2026-07-29,3349.91,0.71,mandi_simulated
Rice,Indore,2026-07-29,3486.64,0.71,mandi_simulated
Rice,Jaipur,2026-07-29,3520.83,0.71,mandi_simulated
Rice,Hyderabad,2026-07-29,3384.09,0.71,mandi_simulated
Rice,Bengaluru,2026-07-29,3486.64,0.71,mandi_simulated
Rice,Nashik,2026-07-30,3601.86,0.69,mandi_simulated
Rice,Pune,2026-07-30,3459.21,0.69,mandi_simulated
Rice,Karnal,2026-07-30,3601.86,0.69,mandi_simulated
Rice,Ludhiana,2026-07-30,3637.52,0.69,mandi_simulated
Rice,Nagpur,2026-07-30,3459.21,0.69,mandi_simulated
Rice,Ahmedabad,2026-07-30,3494.87,0.69,mandi_simulated
Rice,Indore,2026-07-30,3637.52,0.69,mandi_simulated
Rice,Jaipur,2026-07-30,3673.18,0.69,mandi_simulated
Rice,Hyderabad,2026-07-30,3530.54,0.69,mandi_simulated
Rice,Bengaluru,2026-07-30,3637.52,0.69,mandi_simulated
Rice,Nashik,2026-07-31,3548.81,0.66,mandi_simulated
Rice,Pune,2026-07-31,3408.26,0.66,mandi_simulated
Rice,Karnal,2026-07-31,3548.81,0.66,mandi_simulated
Rice,Ludhiana,2026-07-31,3583.94,0.66,mandi_simulated
Rice,Nagpur,2026-07-31,3408.26,0.66,mandi_simulated
Rice,Ahmedabad,2026-07-31,3443.4,0.66,mandi_simulated
Rice,Indore,2026-07-31,3583.94,0.66,mandi_simulated
Rice,Jaipur,2026-07-31,3619.08,0.66,mandi_simulated
Rice,Hyderabad,2026-07-31,3478.53,0.66,mandi_simulated
Rice,Bengaluru,2026-07-31,3583.94,0.66,mandi_simulated
Rice,Nashik,2026-08-01,3549.48,0.63,mandi_simulated
Rice,Pune,2026-08-01,3408.91,0.63,mandi_simulated
Rice,Karnal,2026-08-01,3549.48,0.63,mandi_simulated
Rice,Ludhiana,2026-08-01,3584.62,0.63,mandi_simulated
Rice,Nagpur,2026-08-01,3408.91,0.63,mandi_simulated
Rice,Ahmedabad,2026-08-01,3444.05,0.63,mandi_simulated
Rice,Indore,2026-08-01,3584.62,0.63,mandi_simulated
Rice,Jaipur,2026-08-01,3619.77,0.63,mandi_simulated
Rice,Hyderabad,2026-08-01,3479.19,0.63,mandi_simulated
Rice,Bengaluru,2026-08-01,3584.62,0.63,mandi_simulated
Rice,Nashik,2026-08-02,3519.31,0.6,mandi_simulated
Rice,Pune,2026-08-02,3379.93,0.6,mandi_simulated
Rice,Karnal,2026-08-02,3519.31,0.6,mandi_simulated
Rice,Ludhiana,2026-08-02,3554.15,0.6,mandi_simulated
Rice,Nagpur,2026-08-02,3379.93,0.6,mandi_simulated
Rice,Ahmedabad,2026-08-02,3414.77,0.6,mandi_simulated
Rice,Indore,2026-08-02,3554.15,0.6,mandi_simulated
Rice,Jaipur,2026-08-02,3588.99,0.6,mandi_simulated
Rice,Hyderabad,2026-08-02,3449.62,0.6,mandi_simulated
Rice,Bengaluru,2026-08-02,3554.15,0.6,mandi_simulated
Rice,Nashik,2026-08-03,3356.04,0.58,mandi_simulated
Rice,Pune,2026-08-03,3223.12,0.58,mandi_simulated
Rice,Karnal,2026-08-03,3356.04,0.58,mandi_simulated
Rice,Ludhiana,2026-08-03,3389.26,0.58,mandi_simulated
Rice,Nagpur,2026-08-03,3223.12,0.58,mandi_simulated
Rice,Ahmedabad,2026-08-03,3256.35,0.58,mandi_simulated
Rice,Indore,2026-08-03,3389.26,0.58,mandi_simulated
Rice,Jaipur,2026-08-03,3422.49,0.58,mandi_simulated
Rice,Hyderabad,2026-08-03,3289.58,0.58,mandi_simulated
Rice,Bengaluru,2026-08-03,3389.26,0.58,mandi_simulated
Rice,Nashik,2026-08-04,3485.11,0.55,mandi_simulated
Rice,Pune,2026-08-04,3347.08,0.55,mandi_simulated
Rice,Karnal,2026-08-04,3485.11,0.55,mandi_simulated
Rice,Ludhiana,2026-08-04,3519.61,0.55,mandi_simulated
Rice,Nagpur,2026-08-04,3347.08,0.55,mandi_simulated
Rice,Ahmedabad,2026-08-04,3381.59,0.55,mandi_simulated
Rice,Indore,2026-08-04,3519.61,0.55,mandi_simulated
Rice,Jaipur,2026-08-04,3554.12,0.55,mandi_simulated
Rice,Hyderabad,2026-08-04,3416.09,0.55,mandi_simulated
Rice,Bengaluru,2026-08-04,3519.61,0.55,mandi_simulated
Rice,Nashik,2026-08-05,3288.41,0.58,mandi_simulated
Rice,Pune,2026-08-05,3158.18,0.58,mandi_simulated
Rice,Karnal,2026-08-05,3288.41,0.58,mandi_simulated
Rice,Ludhiana,2026-08-05,3320.97,0.58,mandi_simulated
Rice,Nagpur,2026-08-05,3158.18,0.58,mandi_simulated
Rice,Ahmedabad,2026-08-05,3190.74,0.58,mandi_simulated
Rice,Indore,2026-08-05,3320.97,0.58,mandi_simulated
Rice,Jaipur,2026-08-05,3353.53,0.58,mandi_simulated
Rice,Hyderabad,2026-08-05,3223.3,0.58,mandi_simulated
Rice,Bengaluru,2026-08-05,3320.97,0.58,mandi_simulated
Rice,Nashik,2026-08-06,3484.85,0.61,mandi_simulated
Rice,Pune,2026-08-06,3346.83,0.61,mandi_simulated
Rice,Karnal,2026-08-06,3484.85,0.61,mandi_simulated
Rice,Ludhiana,2026-08-06,3519.35,0.61,mandi_simulated
Rice,Nagpur,2026-08-06,3346.83,0.61,mandi_simulated
Rice,Ahmedabad,2026-08-06,3381.34,0.61,mandi_simulated
Rice,Indore,2026-08-06,3519.35,0.61,mandi_simulated
Rice,Jaipur,2026-08-06,3553.85,0.61,mandi_simulated
Rice,Hyderabad,2026-08-06,3415.84,0.61,mandi_simulated
Rice,Bengaluru,2026-08-06,3519.35,0.61,mandi_simulated
Rice,Nashik,2026-08-07,3471.37,0.64,mandi_simulated
Rice,Pune,2026-08-07,3333.89,0.64,mandi_simulated
Rice,Karnal,2026-08-07,3471.37,0.64,mandi_simulated
Rice,Ludhiana,2026-08-07,3505.74,0.64,mandi_simulated
Rice,Nagpur,2026-08-07,3333.89,0.64,mandi_simulated
Rice,Ahmedabad,2026-08-07,3368.26,0.64,mandi_simulated
Rice,Indore,2026-08-07,3505.74,0.64,mandi_simulated
Rice,Jaipur,2026-08-07,3540.11,0.64,mandi_simulated
Rice,Hyderabad,2026-08-07,3402.63,0.64,mandi_simulated
Rice,Bengaluru,2026-08-07,3505.74,0.64,mandi_simulated
Rice,Nashik,2026-08-08,3291.55,0.66,mandi_simulated
Rice,Pune,2026-08-08,3161.19,0.66,mandi_simulated
Rice,Karnal,2026-08-08,3291.55,0.66,mandi_simulated
Rice,Ludhiana,2026-08-08,3324.14,0.66,mandi_simulated
Rice,Nagpur,2026-08-08,3161.19,0.66,mandi_simulated
Rice,Ahmedabad,2026-08-08,3193.78,0.66,mandi_simulated
Rice,Indore,2026-08-08,3324.14,0.66,mandi_simulated
Rice,Jaipur,2026-08-08,3356.73,0.66,mandi_simulated
Rice,Hyderabad,2026-08-08,3226.37,0.66,mandi_simulated
Rice,Bengaluru,2026-08-08,3324.14,0.66,mandi_simulated
Rice,Nashik,2026-08-09,3444.44,0.69,mandi_simulated
Rice,Pune,2026-08-09,3308.03,0.69,mandi_simulated
Rice,Karnal,2026-08-09,3444.44,0.69,mandi_simulated
Rice,Ludhiana,2026-08-09,3478.54,0.69,mandi_simulated
Rice,Nagpur,2026-08-09,3308.03,0.69,mandi_simulated
Rice,Ahmedabad,2026-08-09,3342.13,0.69,mandi_simulated
Rice,Indore,2026-08-09,3478.54,0.69,mandi_simulated
Rice,Jaipur,2026-08-09,3512.65,0.69,mandi_simulated
Rice,Hyderabad,2026-08-09,3376.23,0.69,mandi_simulated
Rice,Bengaluru,2026-08-09,3478.54,0.69,mandi_simulated
Rice,Nashik,2026-08-10,3343.11,0.72,mandi_simulated
Rice,Pune,2026-08-10,3210.71,0.72,mandi_simulated
Rice,Karnal,2026-08-10,3343.11,0.72,mandi_simulated
Rice,Ludhiana,2026-08-10,3376.21,0.72,mandi_simulated
Rice,Nagpur,2026-08-10,3210.71,0.72,mandi_simulated
Rice,Ahmedabad,2026-08-10,3243.81,0.72,mandi_simulated
Rice,Indore,2026-08-10,3376.21,0.72,mandi_simulated
Rice,Jaipur,2026-08-10,3409.31,0.72,mandi_simulated
Rice,Hyderabad,2026-08-10,3276.91,0.72,mandi_simulated
Rice,Bengaluru,2026-08-10,3376.21,0.72,mandi_simulated
Rice,Nashik,2026-08-11,3297.34,0.74,mandi_simulated
Rice,Pune,2026-08-11,3166.75,0.74,mandi_simulated
Rice,Karnal,2026-08-11,3297.34,0.74,mandi_simulated
Rice,Ludhiana,2026-08-11,3329.98,0.74,mandi_simulated
Rice,Nagpur,2026-08-11,3166.75,0.74,mandi_simulated
Rice,Ahmedabad,2026-08-11,3199.4,0.74,mandi_simulated
Rice,Indore,2026-08-11,3329.98,0.74,mandi_simulated
Rice,Jaipur,2026-08-11,3362.63,0.74,mandi_simulated
Rice,Hyderabad,2026-08-11,3232.04,0.74,mandi_simulated
Rice,Bengaluru,2026-08-11,3329.98,0.74,mandi_simulated
Rice,Nashik,2026-08-12,3425.79,0.77,mandi_simulated
Rice,Pune,2026-08-12,3290.11,0.77,mandi_simulated
Rice,Karnal,2026-08-12,3425.79,0.77,mandi_simulated
Rice,Ludhiana,2026-08-12,3459.71,0.77,mandi_simulated
Rice,Nagpur,2026-08-12,3290.11,0.77,mandi_simulated
Rice,Ahmedabad,2026-08-12,3324.03,0.77,mandi_simulated
Rice,Indore,2026-08-12,3459.71,0.77,mandi_simulated
Rice,Jaipur,2026-08-12,3493.63,0.77,mandi_simulated
Rice,Hyderabad,2026-08-12,3357.95,0.77,mandi_simulated
Rice,Bengaluru,2026-08-12,3459.71,0.77,mandi_simulated
Rice,Nashik,2026-08-13,3272.4,0.79,mandi_simulated
Rice,Pune,2026-08-13,3142.8,0.79,mandi_simulated
Rice,Karnal,2026-08-13,3272.4,0.79,mandi_simulated
Rice,Ludhiana,2026-08-13,3304.8,0.79,mandi_simulated
Rice,Nagpur,2026-08-13,3142.8,0.79,mandi_simulated
Rice,Ahmedabad,2026-08-13,3175.2,0.79,mandi_simulated
Rice,Indore,2026-08-13,3304.8,0.79,mandi_simulated
Rice,Jaipur,2026-08-13,3337.2,0.79,mandi_simulated
Rice,Hyderabad,2026-08-13,3207.6,0.79,mandi_simulated
Rice,Bengaluru,2026-08-13,3304.8,0.79,mandi_simulated
Rice,Nashik,2026-08-14,3217.82,0.81,mandi_simulated
Rice,Pune,2026-08-14,3090.38,0.81,mandi_simulated
Rice,Karnal,2026-08-14,3217.82,0.81,mandi_simulated
Rice,Ludhiana,2026-08-14,3249.68,0.81,mandi_simulated
Rice,Nagpur,2026-08-14,3090.38,0.81,mandi_simulated
Rice,Ahmedabad,2026-08-14,3122.24,0.81,mandi_simulated
Rice,Indore,2026-08-14,3249.68,0.81,mandi_simulated
Rice,Jaipur,2026-08-14,3281.54,0.81,mandi_simulated
Rice,Hyderabad,2026-08-14,3154.1,0.81,mandi_simulated
Rice,Bengaluru,2026-08-14,3249.68,0.81,mandi_simulated
Rice,Nashik,2026-08-15,3264.55,0.83,mandi_simulated
Rice,Pune,2026-08-15,3135.26,0.83,mandi_simulated
Rice,Karnal,2026-08-15,3264.55,0.83,mandi_simulated
Rice,Ludhiana,2026-08-15,3296.88,0.83,mandi_simulated
Rice,Nagpur,2026-08-15,3135.26,0.83,mandi_simulated
Rice,Ahmedabad,2026-08-15,3167.59,0.83,mandi_simulated
Rice,Indore,2026-08-15,3296.88,0.83,mandi_simulated
Rice,Jaipur,2026-08-15,3329.2,0.83,mandi_simulated
Rice,Hyderabad,2026-08-15,3199.91,0.83,mandi_simulated
Rice,Bengaluru,2026-08-15,3296.88,0.83,mandi_simulated
Rice,Nashik,2026-08-16,3303.52,0.85,mandi_simulated
Rice,Pune,2026-08-16,3172.69,0.85,mandi_simulated
Rice,Karnal,2026-08-16,3303.52,0.85,mandi_simulated
Rice,Ludhiana,2026-08-16,3336.23,0.85,mandi_simulated
Rice,Nagpur,2026-08-16,3172.69,0.85,mandi_simulated
Rice,Ahmedabad,2026-08-16,3205.4,0.85,mandi_simulated
Rice,Indore,2026-08-16,3336.23,0.85,mandi_simulated
Rice,Jaipur,2026-08-16,3368.94,0.85,mandi_simulated
Rice,Hyderabad,2026-08-16,3238.1,0.85,mandi_simulated
Rice,Bengaluru,2026-08-16,3336.23,0.85,mandi_simulated
Rice,Nashik,2026-08-17,3451.52,0.87,mandi_simulated
Rice,Pune,2026-08-17,3314.82,0.87,mandi_simulated
Rice,Karnal,2026-08-17,3451.52,0.87,mandi_simulated
Rice,Ludhiana,2026-08-17,3485.69,0.87,mandi_simulated
Rice,Nagpur,2026-08-17,3314.82,0.87,mandi_simulated
Rice,Ahmedabad,2026-08-17,3349.0,0.87,mandi_simulated
Rice,Indore,2026-08-17,3485.69,0.87,mandi_simulated
Rice,Jaipur,2026-08-17,3519.86,0.87,mandi_simulated
Rice,Hyderabad,2026-08-17,3383.17,0.87,mandi_simulated
Rice,Bengaluru,2026-08-17,3485.69,0.87,mandi_simulated
Rice,Nashik,2026-08-18,3484.83,0.89,mandi_simulated
Rice,Pune,2026-08-18,3346.82,0.89,mandi_simulated
Rice,Karnal,2026-08-18,3484.83,0.89,mandi_simulated
Rice,Ludhiana,2026-08-18,3519.34,0.89,mandi_simulated
Rice,Nagpur,2026-08-18,3346.82,0.89,mandi_simulated
Rice,Ahmedabad,2026-08-18,3381.32,0.89,mandi_simulated
Rice,Indore,2026-08-18,3519.34,0.89,mandi_simulated
Rice,Jaipur,2026-08-18,3553.84,0.89,mandi_simulated
Rice,Hyderabad,2026-08-18,3415.83,0.89,mandi_simulated
Rice,Bengaluru,2026-08-18,3519.34,0.89,mandi_simulated
Rice,Nashik,2026-08-19,3306.82,0.9,mandi_simulated
Rice,Pune,2026-08-19,3175.86,0.9,mandi_simulated
Rice,Karnal,2026-08-19,3306.82,0.9,mandi_simulated
Rice,Ludhiana,2026-08-19,3339.56,0.9,mandi_simulated
Rice,Nagpur,2026-08-19,3175.86,0.9,mandi_simulated
Rice,Ahmedabad,2026-08-19,3208.6,0.9,mandi_simulated
Rice,Indore,2026-08-19,3339.56,0.9,mandi_simulated
Rice,Jaipur,2026-08-19,3372.3,0.9,mandi_simulated
Rice,Hyderabad,2026-08-19,3241.34,0.9,mandi_simulated
Rice,Bengaluru,2026-08-19,3339.56,0.9,mandi_simulated
Rice,Nashik,2026-08-20,3412.75,0.91,mandi_simulated
Rice,Pune,2026-08-20,3277.6,0.91,mandi_simulated
Rice,Karnal,2026-08-20,3412.75,0.91,mandi_simulated
Rice,Ludhiana,2026-08-20,3446.54,0.91,mandi_simulated
Rice,Nagpur,2026-08-20,3277.6,0.91,mandi_simulated
Rice,Ahmedabad,2026-08-20,3311.38,0.91,mandi_simulated
Rice,Indore,2026-08-20,3446.54,0.91,mandi_simulated
Rice,Jaipur,2026-08-20,3480.33,0.91,mandi_simulated
Rice,Hyderabad,2026-08-20,3345.17,0.91,mandi_simulated
Rice,Bengaluru,2026-08-20,3446.54,0.91,mandi_simulated
Rice,Nashik,2026-08-21,3356.93,0.93,mandi_simulated
Rice,Pune,2026-08-21,3223.98,0.93,mandi_simulated
Rice,Karnal,2026-08-21,3356.93,0.93,mandi_simulated
Rice,Ludhiana,2026-08-21,3390.17,0.93,mandi_simulated
Rice,Nagpur,2026-08-21,3223.98,0.93,mandi_simulated
Rice,Ahmedabad,2026-08-21,3257.22,0.93,mandi_simulated
Rice,Indore,2026-08-21,3390.17,0.93,mandi_simulated
Rice,Jaipur,2026-08-21,3423.4,0.93,mandi_simulated
Rice,Hyderabad,2026-08-21,3290.46,0.93,mandi_simulated
Rice,Bengaluru,2026-08-21,3390.17,0.93,mandi_simulated
Rice,Nashik,2026-08-22,3525.52,0.93,mandi_simulated
Rice,Pune,2026-08-22,3385.9,0.93,mandi_simulated
Rice,Karnal,2026-08-22,3525.52,0.93,mandi_simulated
Rice,Ludhiana,2026-08-22,3560.43,0.93,mandi_simulated
Rice,Nagpur,2026-08-22,3385.9,0.93,mandi_simulated
Rice,Ahmedabad,2026-08-22,3420.81,0.93,mandi_simulated
Rice,Indore,2026-08-22,3560.43,0.93,mandi_simulated
Rice,Jaipur,2026-08-22,3595.34,0.93,mandi_simulated
Rice,Hyderabad,2026-08-22,3455.71,0.93,mandi_simulated
Rice,Bengaluru,2026-08-22,3560.43,0.93,mandi_simulated
Rice,Nashik,2026-08-23,3416.65,0.94,mandi_simulated
Rice,Pune,2026-08-23,3281.34,0.94,mandi_simulated
Rice,Karnal,2026-08-23,3416.65,0.94,mandi_simulated
Rice,Ludhiana,2026-08-23,3450.48,0.94,mandi_simulated
Rice,Nagpur,2026-08-23,3281.34,0.94,mandi_simulated
Rice,Ahmedabad,2026-08-23,3315.17,0.94,mandi_simulated
Rice,Indore,2026-08-23,3450.48,0.94,mandi_simulated
Rice,Jaipur,2026-08-23,3484.31,0.94,mandi_simulated
Rice,Hyderabad,2026-08-23,3349.0,0.94,mandi_simulated
Rice,Bengaluru,2026-08-23,3450.48,0.94,mandi_simulated
Rice,Nashik,2026-08-24,3540.0,0.95,mandi_simulated
Rice,Pune,2026-08-24,3399.81,0.95,mandi_simulated
Rice,Karnal,2026-08-24,3540.0,0.95,mandi_simulated
Rice,Ludhiana,2026-08-24,3575.05,0.95,mandi_simulated
Rice,Nagpur,2026-08-24,3399.81,0.95,mandi_simulated
Rice,Ahmedabad,2026-08-24,3434.85,0.95,mandi_simulated
Rice,Indore,2026-08-24,3575.05,0.95,mandi_simulated
Rice,Jaipur,2026-08-24,3610.1,0.95,mandi_simulated
Rice,Hyderabad,2026-08-24,3469.9,0.95,mandi_simulated
Rice,Bengaluru,2026-08-24,3575.05,0.95,mandi_simulated
Rice,Nashik,2026-08-25,3328.27,0.95,mandi_simulated
Rice,Pune,2026-08-25,3196.45,0.95,mandi_simulated
Rice,Karnal,2026-08-25,3328.27,0.95,mandi_simulated
Rice,Ludhiana,2026-08-25,3361.22,0.95,mandi_simulated
Rice,Nagpur,2026-08-25,3196.45,0.95,mandi_simulated
Rice,Ahmedabad,2026-08-25,3229.41,0.95,mandi_simulated
Rice,Indore,2026-08-25,3361.22,0.95,mandi_simulated
Rice,Jaipur,2026-08-25,3394.17,0.95,mandi_simulated
Rice,Hyderabad,2026-08-25,3262.36,0.95,mandi_simulated
Rice,Bengaluru,2026-08-25,3361.22,0.95,mandi_simulated
Rice,Nashik,2026-08-26,3578.82,0.95,mandi_simulated
Rice,Pune,2026-08-26,3437.08,0.95,mandi_simulated
Rice,Karnal,2026-08-26,3578.82,0.95,mandi_simulated
Rice,Ludhiana,2026-08-26,3614.25,0.95,mandi_simulated
Rice,Nagpur,2026-08-26,3437.08,0.95,mandi_simulated
Rice,Ahmedabad,2026-08-26,3472.52,0.95,mandi_simulated
Rice,Indore,2026-08-26,3614.25,0.95,mandi_simulated
Rice,Jaipur,2026-08-26,3649.69,0.95,mandi_simulated
Rice,Hyderabad,2026-08-26,3507.95,0.95,mandi_simulated
Rice,Bengaluru,2026-08-26,3614.25,0.95,mandi_simulated
Rice,Nashik,2026-08-27,3375.92,0.95,mandi_simulated
Rice,Pune,2026-08-27,3242.22,0.95,mandi_simulated
Rice,Karnal,2026-08-27,3375.92,0.95,mandi_simulated
Rice,Ludhiana,2026-08-27,3409.35,0.95,mandi_simulated
Rice,Nagpur,2026-08-27,3242.22,0.95,mandi_simulated
Rice,Ahmedabad,2026-08-27,3275.65,0.95,mandi_simulated
Rice,Indore,2026-08-27,3409.35,0.95,mandi_simulated
Rice,Jaipur,2026-08-27,3442.77,0.95,mandi_simulated
Rice,Hyderabad,2026-08-27,3309.07,0.95,mandi_simulated
Rice,Bengaluru,2026-08-27,3409.35,0.95,mandi_simulated
Rice,Nashik,2026-08-28,3610.7,0.95,mandi_simulated
Rice,Pune,2026-08-28,3467.7,0.95,mandi_simulated
Rice,Karnal,2026-08-28,3610.7,0.95,mandi_simulated
Rice,Ludhiana,2026-08-28,3646.44,0.95,mandi_simulated
Rice,Nagpur,2026-08-28,3467.7,0.95,mandi_simulated
Rice,Ahmedabad,2026-08-28,3503.45,0.95,mandi_simulated
Rice,Indore,2026-08-28,3646.44,0.95,mandi_simulated
Rice,Jaipur,2026-08-28,3682.19,0.95,mandi_simulated
Rice,Hyderabad,2026-08-28,3539.2,0.95,mandi_simulated
Rice,Bengaluru,2026-08-28,3646.44,0.95,mandi_simulated
Rice,Nashik,2026-08-29,3433.78,0.94,mandi_simulated
Rice,Pune,2026-08-29,3297.79,0.94,mandi_simulated
Rice,Karnal,2026-08-29,3433.78,0.94,mandi_simulated
Rice,Ludhiana,2026-08-29,3467.78,0.94,mandi_simulated
Rice,Nagpur,2026-08-29,3297.79,0.94,mandi_simulated
Rice,Ahmedabad,2026-08-29,3331.79,0.94,mandi_simulated
Rice,Indore,2026-08-29,3467.78,0.94,mandi_simulated
Rice,Jaipur,2026-08-29,3501.78,0.94,mandi_simulated
Rice,Hyderabad,2026-08-29,3365.79,0.94,mandi_simulated
Rice,Bengaluru,2026-08-29,3467.78,0.94,mandi_simulated
Rice,Nashik,2026-08-30,3407.49,0.93,mandi_simulated
Rice,Pune,2026-08-30,3272.54,0.93,mandi_simulated
Rice,Karnal,2026-08-30,3407.49,0.93,mandi_simulated
Rice,Ludhiana,2026-08-30,3441.22,0.93,mandi_simulated
Rice,Nagpur,2026-08-30,3272.54,0.93,mandi_simulated
Rice,Ahmedabad,2026-08-30,3306.27,0.93,mandi_simulated
Rice,Indore,2026-08-30,3441.22,0.93,mandi_simulated
Rice,Jaipur,2026-08-30,3474.96,0.93,mandi_simulated
Rice,Hyderabad,2026-08-30,3340.01,0.93,mandi_simulated
Rice,Bengaluru,2026-08-30,3441.22,0.93,mandi_simulated
Rice,Nashik,2026-08-31,3518.0,0.92,mandi_simulated
Rice,Pune,2026-08-31,3378.67,0.92,mandi_simulated
Rice,Karnal,2026-08-31,3518.0,0.92,mandi_simulated
Rice,Ludhiana,2026-08-31,3552.83,0.92,mandi_simulated
Rice,Nagpur,2026-08-31,3378.67,0.92,mandi_simulated
Rice,Ahmedabad,2026-08-31,3413.5,0.92,mandi_simulated
Rice,Indore,2026-08-31,3552.83,0.92,mandi_simulated
Rice,Jaipur,2026-08-31,3587.66,0.92,mandi_simulated
Rice,Hyderabad,2026-08-31,3448.34,0.92,mandi_simulated
Rice,Bengaluru,2026-08-31,3552.83,0.92,mandi_simulated
Rice,Nashik,2026-09-01,3620.84,0.91,mandi_simulated
Rice,Pune,2026-09-01,3477.44,0.91,mandi_simulated
Rice,Karnal,2026-09-01,3620.84,0.91,mandi_simulated
Rice,Ludhiana,2026-09-01,3656.69,0.91,mandi_simulated
Rice,Nagpur,2026-09-01,3477.44,0.91,mandi_simulated
Rice,Ahmedabad,2026-09-01,3513.29,0.91,mandi_simulated
Rice,Indore,2026-09-01,3656.69,0.91,mandi_simulated
Rice,Jaipur,2026-09-01,3692.54,0.91,mandi_simulated
Rice,Hyderabad,2026-09-01,3549.14,0.91,mandi_simulated
Rice,Bengaluru,2026-09-01,3656.69,0.91,mandi_simulated
Rice,Nashik,2026-09-02,3522.23,0.9,mandi_simulated
Rice,Pune,2026-09-02,3382.73,0.9,mandi_simulated
Rice,Karnal,2026-09-02,3522.23,0.9,mandi_simulated
Rice,Ludhiana,2026-09-02,3557.1,0.9,mandi_simulated
Rice,Nagpur,2026-09-02,3382.73,0.9,mandi_simulated
Rice,Ahmedabad,2026-09-02,3417.61,0.9,mandi_simulated
Rice,Indore,2026-09-02,3557.1,0.9,mandi_simulated
Rice,Jaipur,2026-09-02,3591.97,0.9,mandi_simulated
Rice,Hyderabad,2026-09-02,3452.48,0.9,mandi_simulated
Rice,Bengaluru,2026-09-02,3557.1,0.9,mandi_simulated
Rice,Nashik,2026-09-03,3626.07,0.89,mandi_simulated
Rice,Pune,2026-09-03,3482.46,0.89,mandi_simulated
Rice,Karnal,2026-09-03,3626.07,0.89,mandi_simulated
Rice,Ludhiana,2026-09-03,3661.97,0.89,mandi_simulated
Rice,Nagpur,2026-09-03,3482.46,0.89,mandi_simulated
Rice,Ahmedabad,2026-09-03,3518.36,0.89,mandi_simulated
Rice,Indore,2026-09-03,3661.97,0.89,mandi_simulated
Rice,Jaipur,2026-09-03,3697.87,0.89,mandi_simulated
Rice,Hyderabad,2026-09-03,3554.26,0.89,mandi_simulated
Rice,Bengaluru,2026-09-03,3661.97,0.89,mandi_simulated
Rice,Nashik,2026-09-04,3619.01,0.87,mandi_simulated
Rice,Pune,2026-09-04,3475.69,0.87,mandi_simulated
Rice,Karnal,2026-09-04,3619.01,0.87,mandi_simulated
Rice,Ludhiana,2026-09-04,3654.85,0.87,mandi_simulated
Rice,Nagpur,2026-09-04,3475.69,0.87,mandi_simulated
Rice,Ahmedabad,2026-09-04,3511.52,0.87,mandi_simulated
Rice,Indore,2026-09-04,3654.85,0.87,mandi_simulated
Rice,Jaipur,2026-09-04,3690.68,0.87,mandi_simulated
Rice,Hyderabad,2026-09-04,3547.35,0.87,mandi_simulated
Rice,Bengaluru,2026-09-04,3654.85,0.87,mandi_simulated
Rice,Nashik,2026-09-05,3602.61,0.85,mandi_simulated
Rice,Pune,2026-09-05,3459.93,0.85,mandi_simulated
Rice,Karnal,2026-09-05,3602.61,0.85,mandi_simulated
Rice,Ludhiana,2026-09-05,3638.28,0.85,mandi_simulated
Rice,Nagpur,2026-09-05,3459.93,0.85,mandi_simulated
Rice,Ahmedabad,2026-09-05,3495.6,0.85,mandi_simulated
Rice,Indore,2026-09-05,3638.28,0.85,mandi_simulated
Rice,Jaipur,2026-09-05,3673.94,0.85,mandi_simulated
Rice,Hyderabad,2026-09-05,3531.27,0.85,mandi_simulated
Rice,Bengaluru,2026-09-05,3638.28,0.85,mandi_simulated
Rice,Nashik,2026-09-06,3678.69,0.83,mandi_simulated
Rice,Pune,2026-09-06,3533.0,0.83,mandi_simulated
Rice,Karnal,2026-09-06,3678.69,0.83,mandi_simulated
Rice,Ludhiana,2026-09-06,3715.12,0.83,mandi_simulated
Rice,Nagpur,2026-09-06,3533.0,0.83,mandi_simulated
Rice,Ahmedabad,2026-09-06,3569.42,0.83,mandi_simulated
Rice,Indore,2026-09-06,3715.12,0.83,mandi_simulated
Rice,Jaipur,2026-09-06,3751.54,0.83,mandi_simulated
Rice,Hyderabad,2026-09-06,3605.85,0.83,mandi_simulated
Rice,Bengaluru,2026-09-06,3715.12,0.83,mandi_simulated
Rice,Nashik,2026-09-07,3604.34,0.81,mandi_simulated
Rice,Pune,2026-09-07,3461.6,0.81,mandi_simulated
Rice,Karnal,2026-09-07,3604.34,0.81,mandi_simulated
Rice,Ludhiana,2026-09-07,3640.03,0.81,mandi_simulated
Rice,Nagpur,2026-09-07,3461.6,0.81,mandi_simulated
Rice,Ahmedabad,2026-09-07,3497.28,0.81,mandi_simulated
Rice,Indore,2026-09-07,3640.03,0.81,mandi_simulated
Rice,Jaipur,2026-09-07,3675.72,0.81,mandi_simulated
Rice,Hyderabad,2026-09-07,3532.97,0.81,mandi_simulated
Rice,Bengaluru,2026-09-07,3640.03,0.81,mandi_simulated
Rice,Nashik,2026-09-08,3758.22,0.79,mandi_simulated
Rice,Pune,2026-09-08,3609.38,0.79,mandi_simulated
Rice,Karnal,2026-09-08,3758.22,0.79,mandi_simulated
Rice,Ludhiana,2026-09-08,3795.43,0.79,mandi_simulated
Rice,Nagpur,2026-09-08,3609.38,0.79,mandi_simulated
Rice,Ahmedabad,2026-09-08,3646.59,0.79,mandi_simulated
Rice,Indore,2026-09-08,3795.43,0.79,mandi_simulated
Rice,Jaipur,2026-09-08,3832.64,0.79,mandi_simulated
Rice,Hyderabad,2026-09-08,3683.8,0.79,mandi_simulated
Rice,Bengaluru,2026-09-08,3795.43,0.79,mandi_simulated
Potato,Nashik,2026-03-09,2350.41,0.61,mandi_simulated
Potato,Pune,2026-03-09,2258.24,0.61,mandi_simulated
Potato,Karnal,2026-03-09,2304.32,0.61,mandi_simulated
Potato,Ludhiana,2026-03-09,2304.32,0.61,mandi_simulated
Potato,Nagpur,2026-03-09,2373.45,0.61,mandi_simulated
Potato,Ahmedabad,2026-03-09,2281.28,0.61,mandi_simulated
Potato,Indore,2026-03-09,2327.37,0.61,mandi_simulated
Potato,Jaipur,2026-03-09,2281.28,0.61,mandi_simulated
Potato,Hyderabad,2026-03-09,2258.24,0.61,mandi_simulated
Potato,Bengaluru,2026-03-09,2235.19,0.61,mandi_simulated
Potato,Nashik,2026-03-10,2545.47,0.58,mandi_simulated
Potato,Pune,2026-03-10,2445.65,0.58,mandi_simulated
Potato,Karnal,2026-03-10,2495.56,0.58,mandi_simulated
Potato,Ludhiana,2026-03-10,2495.56,0.58,mandi_simulated
Potato,Nagpur,2026-03-10,2570.43,0.58,mandi_simulated
Potato,Ahmedabad,2026-03-10,2470.6,0.58,mandi_simulated
Potato,Indore,2026-03-10,2520.52,0.58,mandi_simulated
Potato,Jaipur,2026-03-10,2470.6,0.58,mandi_simulated
Potato,Hyderabad,2026-03-10,2445.65,0.58,mandi_simulated
Potato,Bengaluru,2026-03-10,2420.69,0.58,mandi_simulated
Potato,Nashik,2026-03-11,2482.87,0.55,mandi_simulated
Potato,Pune,2026-03-11,2385.5,0.55,mandi_simulated
Potato,Karnal,2026-03-11,2434.19,0.55,mandi_simulated
Potato,Ludhiana,2026-03-11,2434.19,0.55,mandi_simulated
Potato,Nagpur,2026-03-11,2507.21,0.55,mandi_simulated
Potato,Ahmedabad,2026-03-11,2409.84,0.55,mandi_simulated
Potato,Indore,2026-03-11,2458.53,0.55,mandi_simulated
Potato,Jaipur,2026-03-11,2409.84,0.55,mandi_simulated
Potato,Hyderabad,2026-03-11,2385.5,0.55,mandi_simulated
Potato,Bengaluru,2026-03-11,2361.16,0.55,mandi_simulated
Potato,Nashik,2026-03-12,2532.41,0.58,mandi_simulated
Potato,Pune,2026-03-12,2433.1,0.58,mandi_simulated
Potato,Karnal,2026-03-12,2482.75,0.58,mandi_simulated
Potato,Ludhiana,2026-03-12,2482.75,0.58,mandi_simulated
Potato,Nagpur,2026-03-12,2557.23,0.58,mandi_simulated
Potato,Ahmedabad,2026-03-12,2457.92,0.58,mandi_simulated
Potato,Indore,2026-03-12,2507.58,0.58,mandi_simulated
Potato,Jaipur,2026-03-12,2457.92,0.58,mandi_simulated
Potato,Hyderabad,2026-03-12,2433.1,0.58,mandi_simulated
Potato,Bengaluru,2026-03-12,2408.27,0.58,mandi_simulated
Potato,Nashik,2026-03-13,2550.41,0.61,mandi_simulated
Potato,Pune,2026-03-13,2450.39,0.61,mandi_simulated
Potato,Karnal,2026-03-13,2500.4,0.61,mandi_simulated
Potato,Ludhiana,2026-03-13,2500.4,0.61,mandi_simulated
Potato,Nagpur,2026-03-13,2575.41,0.61,mandi_simulated
Potato,Ahmedabad,2026-03-13,2475.4,0.61,mandi_simulated
Potato,Indore,2026-03-13,2525.41,0.61,mandi_simulated
Potato,Jaipur,2026-03-13,2475.4,0.61,mandi_simulated
Potato,Hyderabad,2026-03-13,2450.39,0.61,mandi_simulated
Potato,Bengaluru,2026-03-13,2425.39,0.61,mandi_simulated
Potato,Nashik,2026-03-14,2549.31,0.64,mandi_simulated
Potato,Pune,2026-03-14,2449.34,0.64,mandi_simulated
Potato,Karnal,2026-03-14,2499.32,0.64,mandi_simulated
Potato,Ludhiana,2026-03-14,2499.32,0.64,mandi_simulated
Potato,Nagpur,2026-03-14,2574.3,0.64,mandi_simulated
Potato,Ahmedabad,2026-03-14,2474.33,0.64,mandi_simulated
Potato,Indore,2026-03-14,2524.32,0.64,mandi_simulated
Potato,Jaipur,2026-03-14,2474.33,0.64,mandi_simulated
Potato,Hyderabad,2026-03-14,2449.34,0.64,mandi_simulated
Potato,Bengaluru,2026-03-14,2424.35,0.64,mandi_simulated
Potato,Nashik,2026-03-15,2500.2,0.66,mandi_simulated
Potato,Pune,2026-03-15,2402.15,0.66,mandi_simulated
Potato,Karnal,2026-03-15,2451.18,0.66,mandi_simulated
Potato,Ludhiana,2026-03-15,2451.18,0.66,mandi_simulated
Potato,Nagpur,2026-03-15,2524.71,0.66,mandi_simulated
Potato,Ahmedabad,2026-03-15,2426.66,0.66,mandi_simulated
Potato,Indore,2026-03-15,2475.69,0.66,mandi_simulated
Potato,Jaipur,2026-03-15,2426.66,0.66,mandi_simulated
Potato,Hyderabad,2026-03-15,2402.15,0.66,mandi_simulated
Potato,Bengaluru,2026-03-15,2377.64,0.66,mandi_simulated
Potato,Nashik,2026-03-16,2452.56,0.69,mandi_simulated
Potato,Pune,2026-03-16,2356.38,0.69,mandi_simulated
Potato,Karnal,2026-03-16,2404.47,0.69,mandi_simulated
Potato,Ludhiana,2026-03-16,2404.47,0.69,mandi_simulated
Potato,Nagpur,2026-03-16,2476.61,0.69,mandi_simulated
Potato,Ahmedabad,2026-03-16,2380.43,0.69,mandi_simulated
Potato,Indore,2026-03-16,2428.52,0.69,mandi_simulated
Potato,Jaipur,2026-03-16,2380.43,0.69,mandi_simulated
Potato,Hyderabad,2026-03-16,2356.38,0.69,mandi_simulated
Potato,Bengaluru,2026-03-16,2332.34,0.69,mandi_simulated
Potato,Nashik,2026-03-17,2585.31,0.72,mandi_simulated
Potato,Pune,2026-03-17,2483.92,0.72,mandi_simulated
Potato,Karnal,2026-03-17,2534.61,0.72,mandi_simulated
Potato,Ludhiana,2026-03-17,2534.61,0.72,mandi_simulated
Potato,Nagpur,2026-03-17,2610.65,0.72,mandi_simulated
Potato,Ahmedabad,2026-03-17,2509.27,0.72,mandi_simulated
Potato,Indore,2026-03-17,2559.96,0.72,mandi_simulated
Potato,Jaipur,2026-03-17,2509.27,0.72,mandi_simulated
Potato,Hyderabad,2026-03-17,2483.92,0.72,mandi_simulated
Potato,Bengaluru,2026-03-17,2458.58,0.72,mandi_simulated
Potato,Nashik,2026-03-18,2528.29,0.74,mandi_simulated
Potato,Pune,2026-03-18,2429.15,0.74,mandi_simulated
Potato,Karnal,2026-03-18,2478.72,0.74,mandi_simulated
Potato,Ludhiana,2026-03-18,2478.72,0.74,mandi_simulated
Potato,Nagpur,2026-03-18,2553.08,0.74,mandi_simulated
Potato,Ahmedabad,2026-03-18,2453.93,0.74,mandi_simulated
Potato,Indore,2026-03-18,2503.51,0.74,mandi_simulated
Potato,Jaipur,2026-03-18,2453.93,0.74,mandi_simulated
Potato,Hyderabad,2026-03-18,2429.15,0.74,mandi_simulated
Potato,Bengaluru,2026-03-18,2404.36,0.74,mandi_simulated
Potato,Nashik,2026-03-19,2535.57,0.77,mandi_simulated
Potato,Pune,2026-03-19,2436.13,0.77,mandi_simulated
Potato,Karnal,2026-03-19,2485.85,0.77,mandi_simulated
Potato,Ludhiana,2026-03-19,2485.85,0.77,mandi_simulated
Potato,Nagpur,2026-03-19,2560.43,0.77,mandi_simulated
Potato,Ahmedabad,2026-03-19,2460.99,0.77,mandi_simulated
Potato,Indore,2026-03-19,2510.71,0.77,mandi_simulated
Potato,Jaipur,2026-03-19,2460.99,0.77,mandi_simulated
Potato,Hyderabad,2026-03-19,2436.13,0.77,mandi_simulated
Potato,Bengaluru,2026-03-19,2411.27,0.77,mandi_simulated
Potato,Nashik,2026-03-20,2655.98,0.79,mandi_simulated
Potato,Pune,2026-03-20,2551.83,0.79,mandi_simulated
Potato,Karnal,2026-03-20,2603.91,0.79,mandi_simulated
Potato,Ludhiana,2026-03-20,2603.91,0.79,mandi_simulated
Potato,Nagpur,2026-03-20,2682.02,0.79,mandi_simulated
Potato,Ahmedabad,2026-03-20,2577.87,0.79,mandi_simulated
Potato,Indore,2026-03-20,2629.95,0.79,mandi_simulated
Potato,Jaipur,2026-03-20,2577.87,0.79,mandi_simulated
Potato,Hyderabad,2026-03-20,2551.83,0.79,mandi_simulated
Potato,Bengaluru,2026-03-20,2525.79,0.79,mandi_simulated
Potato,Nashik,2026-03-21,2639.13,0.81,mandi_simulated
Potato,Pune,2026-03-21,2535.64,0.81,mandi_simulated
Potato,Karnal,2026-03-21,2587.39,0.81,mandi_simulated
Potato,Ludhiana,2026-03-21,2587.39,0.81,mandi_simulated
Potato,Nagpur,2026-03-21,2665.01,0.81,mandi_simulated
Potato,Ahmedabad,2026-03-21,2561.51,0.81,mandi_simulated
Potato,Indore,2026-03-21,2613.26,0.81,mandi_simulated
Potato,Jaipur,2026-03-21,2561.51,0.81,mandi_simulated
Potato,Hyderabad,2026-03-21,2535.64,0.81,mandi_simulated
Potato,Bengaluru,2026-03-21,2509.76,0.81,mandi_simulated
Potato,Nashik,2026-03-22,2560.75,0.83,mandi_simulated
Potato,Pune,2026-03-22,2460.33,0.83,mandi_simulated
Potato,Karnal,2026-03-22,2510.54,0.83,mandi_simulated
Potato,Ludhiana,2026-03-22,2510.54,0.83,mandi_simulated
Potato,Nagpur,2026-03-22,2585.86,0.83,mandi_simulated
Potato,Ahmedabad,2026-03-22,2485.44,0.83,mandi_simulated
Potato,Indore,2026-03-22,2535.65,0.83,mandi_simulated
Potato,Jaipur,2026-03-22,2485.44,0.83,mandi_simulated
Potato,Hyderabad,2026-03-22,2460.33,0.83,mandi_simulated
Potato,Bengaluru,2026-03-22,2435.23,0.83,mandi_simulated
Potato,Nashik,2026-03-23,2570.53,0.85,mandi_simulated
Potato,Pune,2026-03-23,2469.73,0.85,mandi_simulated
Potato,Karnal,2026-03-23,2520.13,0.85,mandi_simulated
Potato,Ludhiana,2026-03-23,2520.13,0.85,mandi_simulated
Potato,Nagpur,2026-03-23,2595.73,0.85,mandi_simulated
Potato,Ahmedabad,2026-03-23,2494.93,0.85,mandi_simulated
Potato,Indore,2026-03-23,2545.33,0.85,mandi_simulated
Potato,Jaipur,2026-03-23,2494.93,0.85,mandi_simulated
Potato,Hyderabad,2026-03-23,2469.73,0.85,mandi_simulated
Potato,Bengaluru,2026-03-23,2444.53,0.85,mandi_simulated
Potato,Nashik,2026-03-24,2598.42,0.87,mandi_simulated
Potato,Pune,2026-03-24,2496.52,0.87,mandi_simulated
Potato,Karnal,2026-03-24,2547.47,0.87,mandi_simulated
Potato,Ludhiana,2026-03-24,2547.47,0.87,mandi_simulated
Potato,Nagpur,2026-03-24,2623.89,0.87,mandi_simulated
Potato,Ahmedabad,2026-03-24,2522.0,0.87,mandi_simulated
Potato,Indore,2026-03-24,2572.94,0.87,mandi_simulated
Potato,Jaipur,2026-03-24,2522.0,0.87,mandi_simulated
Potato,Hyderabad,2026-03-24,2496.52,0.87,mandi_simulated
Potato,Bengaluru,2026-03-24,2471.05,0.87,mandi_simulated
Potato,Nashik,2026-03-25,2603.53,0.89,mandi_simulated
Potato,Pune,2026-03-25,2501.43,0.89,mandi_simulated
Potato,Karnal,2026-03-25,2552.48,0.89,mandi_simulated
Potato,Ludhiana,2026-03-25,2552.48,0.89,mandi_simulated
Potato,Nagpur,2026-03-25,2629.06,0.89,mandi_simulated
Potato,Ahmedabad,2026-03-25,2526.96,0.89,mandi_simulated
Potato,Indore,2026-03-25,2578.01,0.89,mandi_simulated
Potato,Jaipur,2026-03-25,2526.96,0.89,mandi_simulated
Potato,Hyderabad,2026-03-25,2501.43,0.89,mandi_simulated
Potato,Bengaluru,2026-03-25,2475.91,0.89,mandi_simulated
Potato,Nashik,2026-03-26,2586.59,0.9,mandi_simulated
Potato,Pune,2026-03-26,2485.16,0.9,mandi_simulated
Potato,Karnal,2026-03-26,2535.87,0.9,mandi_simulated
Potato,Ludhiana,2026-03-26,2535.87,0.9,mandi_simulated
Potato,Nagpur,2026-03-26,2611.95,0.9,mandi_simulated
Potato,Ahmedabad,2026-03-26,2510.52,0.9,mandi_simulated
Potato,Indore,2026-03-26,2561.23,0.9,mandi_simulated
Potato,Jaipur,2026-03-26,2510.52,0.9,mandi_simulated
Potato,Hyderabad,2026-03-26,2485.16,0.9,mandi_simulated
Potato,Bengaluru,2026-03-26,2459.8,0.9,mandi_simulated
Potato,Nashik,2026-03-27,2555.71,0.91,mandi_simulated
Potato,Pune,2026-03-27,2455.49,0.91,mandi_simulated
Potato,Karnal,2026-03-27,2505.6,0.91,mandi_simulated
Potato,Ludhiana,2026-03-27,2505.6,0.91,mandi_simulated
Potato,Nagpur,2026-03-27,2580.77,0.91,mandi_simulated
Potato,Ahmedabad,2026-03-27,2480.54,0.91,mandi_simulated
Potato,Indore,2026-03-27,2530.65,0.91,mandi_simulated
Potato,Jaipur,2026-03-27,2480.54,0.91,mandi_simulated
Potato,Hyderabad,2026-03-27,2455.49,0.91,mandi_simulated
Potato,Bengaluru,2026-03-27,2430.43,0.91,mandi_simulated
Potato,Nashik,2026-03-28,2621.23,0.93,mandi_simulated
Potato,Pune,2026-03-28,2518.44,0.93,mandi_simulated
Potato,Karnal,2026-03-28,2569.84,0.93,mandi_simulated
Potato,Ludhiana,2026-03-28,2569.84,0.93,mandi_simulated
Potato,Nagpur,2026-03-28,2646.93,0.93,mandi_simulated
Potato,Ahmedabad,2026-03-28,2544.14,0.93,mandi_simulated
Potato,Indore,2026-03-28,2595.54,0.93,mandi_simulated
Potato,Jaipur,2026-03-28,2544.14,0.93,mandi_simulated
Potato,Hyderabad,2026-03-28,2518.44,0.93,mandi_simulated
Potato,Bengaluru,2026-03-28,2492.74,0.93,mandi_simulated
Potato,Nashik,2026-03-29,2733.9,0.93,mandi_simulated
Potato,Pune,2026-03-29,2626.69,0.93,mandi_simulated
Potato,Karnal,2026-03-29,2680.29,0.93,mandi_simulated
Potato,Ludhiana,2026-03-29,2680.29,0.93,mandi_simulated
Potato,Nagpur,2026-03-29,2760.7,0.93,mandi_simulated
Potato,Ahmedabad,2026-03-29,2653.49,0.93,mandi_simulated
Potato,Indore,2026-03-29,2707.1,0.93,mandi_simulated
Potato,Jaipur,2026-03-29,2653.49,0.93,mandi_simulated
Potato,Hyderabad,2026-03-29,2626.69,0.93,mandi_simulated
Potato,Bengaluru,2026-03-29,2599.89,0.93,mandi_simulated
Potato,Nashik,2026-03-30,2680.26,0.94,mandi_simulated
Potato,Pune,2026-03-30,2575.15,0.94,mandi_simulated
Potato,Karnal,2026-03-30,2627.7,0.94,mandi_simulated
Potato,Ludhiana,2026-03-30,2627.7,0.94,mandi_simulated
Potato,Nagpur,2026-03-30,2706.53,0.94,mandi_simulated
Potato,Ahmedabad,2026-03-30,2601.42,0.94,mandi_simulated
Potato,Indore,2026-03-30,2653.98,0.94,mandi_simulated
Potato,Jaipur,2026-03-30,2601.42,0.94,mandi_simulated
Potato,Hyderabad,2026-03-30,2575.15,0.94,mandi_simulated
Potato,Bengaluru,2026-03-30,2548.87,0.94,mandi_simulated
Potato,Nashik,2026-03-31,2728.91,0.95,mandi_simulated
Potato,Pune,2026-03-31,2621.9,0.95,mandi_simulated
Potato,Karnal,2026-03-31,2675.41,0.95,mandi_simulated
Potato,Ludhiana,2026-03-31,2675.41,0.95,mandi_simulated
Potato,Nagpur,2026-03-31,2755.67,0.95,mandi_simulated
Potato,Ahmedabad,2026-03-31,2648.65,0.95,mandi_simulated
Potato,Indore,2026-03-31,2702.16,0.95,mandi_simulated
Potato,Jaipur,2026-03-31,2648.65,0.95,mandi_simulated
Potato,Hyderabad,2026-03-31,2621.9,0.95,mandi_simulated
Potato,Bengaluru,2026-03-31,2595.14,0.95,mandi_simulated
Potato,Nashik,2026-04-01,2668.15,0.95,mandi_simulated
Potato,Pune,2026-04-01,2563.52,0.95,mandi_simulated
Potato,Karnal,2026-04-01,2615.84,0.95,mandi_simulated
Potato,Ludhiana,2026-04-01,2615.84,0.95,mandi_simulated
Potato,Nagpur,2026-04-01,2694.31,0.95,mandi_simulated
Potato,Ahmedabad,2026-04-01,2589.68,0.95,mandi_simulated
Potato,Indore,2026-04-01,2641.99,0.95,mandi_simulated
Potato,Jaipur,2026-04-01,2589.68,0.95,mandi_simulated
Potato,Hyderabad,2026-04-01,2563.52,0.95,mandi_simulated
Potato,Bengaluru,2026-04-01,2537.36,0.95,mandi_simulated
Potato,Nashik,2026-04-02,2600.68,0.95,mandi_simulated
Potato,Pune,2026-04-02,2498.7,0.95,mandi_simulated
Potato,Karnal,2026-04-02,2549.69,0.95,mandi_simulated
Potato,Ludhiana,2026-04-02,2549.69,0.95,mandi_simulated
Potato,Nagpur,2026-04-02,2626.18,0.95,mandi_simulated
Potato,Ahmedabad,2026-04-02,2524.19,0.95,mandi_simulated
Potato,Indore,2026-04-02,2575.19,0.95,mandi_simulated
Potato,Jaipur,2026-04-02,2524.19,0.95,mandi_simulated
Potato,Hyderabad,2026-04-02,2498.7,0.95,mandi_simulated
Potato,Bengaluru,2026-04-02,2473.2,0.95,mandi_simulated
Potato,Nashik,2026-04-03,2650.99,0.95,mandi_simulated
Potato,Pune,2026-04-03,2547.03,0.95,mandi_simulated
Potato,Karnal,2026-04-03,2599.01,0.95,mandi_simulated
Potato,Ludhiana,2026-04-03,2599.01,0.95,mandi_simulated
Potato,Nagpur,2026-04-03,2676.98,0.95,mandi_simulated
Potato,Ahmedabad,2026-04-03,2573.02,0.95,mandi_simulated
Potato,Indore,2026-04-03,2625.0,0.95,mandi_simulated
Potato,Jaipur,2026-04-03,2573.02,0.95,mandi_simulated
Potato,Hyderabad,2026-04-03,2547.03,0.95,mandi_simulated
Potato,Bengaluru,2026-04-03,2521.04,0.95,mandi_simulated
Potato,Nashik,2026-04-04,2532.59,0.95,mandi_simulated
Potato,Pune,2026-04-04,2433.27,0.95,mandi_simulated
Potato,Karnal,2026-04-04,2482.93,0.95,mandi_simulated
Potato,Ludhiana,2026-04-04,2482.93,0.95,mandi_simulated
Potato,Nagpur,2026-04-04,2557.42,0.95,mandi_simulated
Potato,Ahmedabad,2026-04-04,2458.1,0.95,mandi_simulated
Potato,Indore,2026-04-04,2507.76,0.95,mandi_simulated
Potato,Jaipur,2026-04-04,2458.1,0.95,mandi_simulated
Potato,Hyderabad,2026-04-04,2433.27,0.95,mandi_simulated
Potato,Bengaluru,2026-04-04,2408.44,0.95,mandi_simulated
Potato,Nashik,2026-04-05,2589.35,0.94,mandi_simulated
Potato,Pune,2026-04-05,2487.81,0.94,mandi_simulated
Potato,Karnal,2026-04-05,2538.58,0.94,mandi_simulated
Potato,Ludhiana,2026-04-05,2538.58,0.94,mandi_simulated
Potato,Nagpur,2026-04-05,2614.73,0.94,mandi_simulated
Potato,Ahmedabad,2026-04-05,2513.19,0.94,mandi_simulated
Potato,Indore,2026-04-05,2563.96,0.94,mandi_simulated
Potato,Jaipur,2026-04-05,2513.19,0.94,mandi_simulated
Potato,Hyderabad,2026-04-05,2487.81,0.94,mandi_simulated
Potato,Bengaluru,2026-04-05,2462.42,0.94,mandi_simulated
Potato,Nashik,2026-04-06,2614.83,0.93,mandi_simulated
Potato,Pune,2026-04-06,2512.29,0.93,mandi_simulated
Potato,Karnal,2026-04-06,2563.56,0.93,mandi_simulated
Potato,Ludhiana,2026-04-06,2563.56,0.93,mandi_simulated
Potato,Nagpur,2026-04-06,2640.47,0.93,mandi_simulated
Potato,Ahmedabad,2026-04-06,2537.92,0.93,mandi_simulated
Potato,Indore,2026-04-06,2589.19,0.93,mandi_simulated
Potato,Jaipur,2026-04-06,2537.92,0.93,mandi_simulated
Potato,Hyderabad,2026-04-06,2512.29,0.93,mandi_simulated
Potato,Bengaluru,2026-04-06,2486.65,0.93,mandi_simulated
Potato,Nashik,2026-04-07,2640.81,0.92,mandi_simulated
Potato,Pune,2026-04-07,2537.25,0.92,mandi_simulated
Potato,Karnal,2026-04-07,2589.03,0.92,mandi_simulated
Potato,Ludhiana,2026-04-07,2589.03,0.92,mandi_simulated
Potato,Nagpur,2026-04-07,2666.7,0.92,mandi_simulated
Potato,Ahmedabad,2026-04-07,2563.14,0.92,mandi_simulated
Potato,Indore,2026-04-07,2614.92,0.92,mandi_simulated
Potato,Jaipur,2026-04-07,2563.14,0.92,mandi_simulated
Potato,Hyderabad,2026-04-07,2537.25,0.92,mandi_simulated
Potato,Bengaluru,2026-04-07,2511.36,0.92,mandi_simulated
Potato,Nashik,2026-04-08,2650.0,0.91,mandi_simulated
Potato,Pune,2026-04-08,2546.08,0.91,mandi_simulated
Potato,Karnal,2026-04-08,2598.04,0.91,mandi_simulated
Potato,Ludhiana,2026-04-08,2598.04,0.91,mandi_simulated
Potato,Nagpur,2026-04-08,2675.98,0.91,mandi_simulated
Potato,Ahmedabad,2026-04-08,2572.06,0.91,mandi_simulated
Potato,Indore,2026-04-08,2624.02,0.91,mandi_simulated
Potato,Jaipur,2026-04-08,2572.06,0.91,mandi_simulated
Potato,Hyderabad,2026-04-08,2546.08,0.91,mandi_simulated
Potato,Bengaluru,2026-04-08,2520.1,0.91,mandi_simulated
Potato,Nashik,2026-04-09,2603.05,0.9,mandi_simulated
Potato,Pune,2026-04-09,2500.97,0.9,mandi_simulated
Potato,Karnal,2026-04-09,2552.01,0.9,mandi_simulated
Potato,Ludhiana,2026-04-09,2552.01,0.9,mandi_simulated
Potato,Nagpur,2026-04-09,2628.57,0.9,mandi_simulated
Potato,Ahmedabad,2026-04-09,2526.49,0.9,mandi_simulated
Potato,Indore,2026-04-09,2577.53,0.9,mandi_simulated
Potato,Jaipur,2026-04-09,2526.49,0.9,mandi_simulated
Potato,Hyderabad,2026-04-09,2500.97,0.9,mandi_simulated
Potato,Bengaluru,2026-04-09,2475.45,0.9,mandi_simulated
Potato,Nashik,2026-04-10,2590.28,0.89,mandi_simulated
Potato,Pune,2026-04-10,2488.7,0.89,mandi_simulated
Potato,Karnal,2026-04-10,2539.49,0.89,mandi_simulated
Potato,Ludhiana,2026-04-10,2539.49,0.89,mandi_simulated
Potato,Nagpur,2026-04-10,2615.68,0.89,mandi_simulated
Potato,Ahmedabad,2026-04-10,2514.1,0.89,mandi_simulated
Potato,Indore,2026-04-10,2564.89,0.89,mandi_simulated
Potato,Jaipur,2026-04-10,2514.1,0.89,mandi_simulated
Potato,Hyderabad,2026-04-10,2488.7,0.89,mandi_simulated
Potato,Bengaluru,2026-04-10,2463.31,0.89,mandi_simulated
Potato,Nashik,2026-04-11,2534.14,0.87,mandi_simulated
Potato,Pune,2026-04-11,2434.76,0.87,mandi_simulated
Potato,Karnal,2026-04-11,2484.45,0.87,mandi_simulated
Potato,Ludhiana,2026-04-11,2484.45,0.87,mandi_simulated
Potato,Nagpur,2026-04-11,2558.98,0.87,mandi_simulated
Potato,Ahmedabad,2026-04-11,2459.6,0.87,mandi_simulated
Potato,Indore,2026-04-11,2509.29,0.87,mandi_simulated
Potato,Jaipur,2026-04-11,2459.6,0.87,mandi_simulated
Potato,Hyderabad,2026-04-11,2434.76,0.87,mandi_simulated
Potato,Bengaluru,2026-04-11,2409.91,0.87,mandi_simulated
Potato,Nashik,2026-04-12,2578.5,0.85,mandi_simulated
Potato,Pune,2026-04-12,2477.38,0.85,mandi_simulated
Potato,Karnal,2026-04-12,2527.94,0.85,mandi_simulated
Potato,Ludhiana,2026-04-12,2527.94,0.85,mandi_simulated
Potato,Nagpur,2026-04-12,2603.78,0.85,mandi_simulated
Potato,Ahmedabad,2026-04-12,2502.66,0.85,mandi_simulated
Potato,Indore,2026-04-12,2553.22,0.85,mandi_simulated
Potato,Jaipur,2026-04-12,2502.66,0.85,mandi_simulated
Potato,Hyderabad,2026-04-12,2477.38,0.85,mandi_simulated
Potato,Bengaluru,2026-04-12,2452.1,0.85,mandi_simulated
Potato,Nashik,2026-04-13,2656.49,0.83,mandi_simulated
Potato,Pune,2026-04-13,2552.31,0.83,mandi_simulated
Potato,Karnal,2026-04-13,2604.4,0.83,mandi_simulated
Potato,Ludhiana,2026-04-13,2604.4,0.83,mandi_simulated
Potato,Nagpur,2026-04-13,2682.53,0.83,mandi_simulated
Potato,Ahmedabad,2026-04-13,2578.36,0.83,mandi_simulated
Potato,Indore,2026-04-13,2630.45,0.83,mandi_simulated
Potato,Jaipur,2026-04-13,2578.36,0.83,mandi_simulated
Potato,Hyderabad,2026-04-13,2552.31,0.83,mandi_simulated
Potato,Bengaluru,2026-04-13,2526.27,0.83,mandi_simulated
Potato,Nashik,2026-04-14,2623.81,0.81,mandi_simulated
Potato,Pune,2026-04-14,2520.92,0.81,mandi_simulated
Potato,Karnal,2026-04-14,2572.36,0.81,mandi_simulated
Potato,Ludhiana,2026-04-14,2572.36,0.81,mandi_simulated
Potato,Nagpur,2026-04-14,2649.54,0.81,mandi_simulated
Potato,Ahmedabad,2026-04-14,2546.64,0.81,mandi_simulated
Potato,Indore,2026-04-14,2598.09,0.81,mandi_simulated
Potato,Jaipur,2026-04-14,2546.64,0.81,mandi_simulated
Potato,Hyderabad,2026-04-14,2520.92,0.81,mandi_simulated
Potato,Bengaluru,2026-04-14,2495.19,0.81,mandi_simulated
Potato,Nashik,2026-04-15,2484.35,0.79,mandi_simulated
Potato,Pune,2026-04-15,2386.92,0.79,mandi_simulated
Potato,Karnal,2026-04-15,2435.64,0.79,mandi_simulated
Potato,Ludhiana,2026-04-15,2435.64,0.79,mandi_simulated
Potato,Nagpur,2026-04-15,2508.71,0.79,mandi_simulated
Potato,Ahmedabad,2026-04-15,2411.28,0.79,mandi_simulated
Potato,Indore,2026-04-15,2459.99,0.79,mandi_simulated
Potato,Jaipur,2026-04-15,2411.28,0.79,mandi_simulated
Potato,Hyderabad,2026-04-15,2386.92,0.79,mandi_simulated
Potato,Bengaluru,2026-04-15,2362.57,0.79,mandi_simulated
Potato,Nashik,2026-04-16,2455.57,0.77,mandi_simulated
Potato,Pune,2026-04-16,2359.28,0.77,mandi_simulated
Potato,Karnal,2026-04-16,2407.43,0.77,mandi_simulated
Potato,Ludhiana,2026-04-16,2407.43,0.77,mandi_simulated
Potato,Nagpur,2026-04-16,2479.65,0.77,mandi_simulated
Potato,Ahmedabad,2026-04-16,2383.35,0.77,mandi_simulated
Potato,Indore,2026-04-16,2431.5,0.77,mandi_simulated
Potato,Jaipur,2026-04-16,2383.35,0.77,mandi_simulated
Potato,Hyderabad,2026-04-16,2359.28,0.77,mandi_simulated
Potato,Bengaluru,2026-04-16,2335.2,0.77,mandi_simulated
Potato,Nashik,2026-04-17,2530.78,0.74,mandi_simulated
Potato,Pune,2026-04-17,2431.53,0.74,mandi_simulated
Potato,Karnal,2026-04-17,2481.16,0.74,mandi_simulated
Potato,Ludhiana,2026-04-17,2481.16,0.74,mandi_simulated
Potato,Nagpur,2026-04-17,2555.59,0.74,mandi_simulated
Potato,Ahmedabad,2026-04-17,2456.35,0.74,mandi_simulated
Potato,Indore,2026-04-17,2505.97,0.74,mandi_simulated
Potato,Jaipur,2026-04-17,2456.35,0.74,mandi_simulated
Potato,Hyderabad,2026-04-17,2431.53,0.74,mandi_simulated
Potato,Bengaluru,2026-04-17,2406.72,0.74,mandi_simulated
Potato,Nashik,2026-04-18,2541.73,0.72,mandi_simulated
Potato,Pune,2026-04-18,2442.05,0.72,mandi_simulated
Potato,Karnal,2026-04-18,2491.89,0.72,mandi_simulated
Potato,Ludhiana,2026-04-18,2491.89,0.72,mandi_simulated
Potato,Nagpur,2026-04-18,2566.65,0.72,mandi_simulated
Potato,Ahmedabad,2026-04-18,2466.97,0.72,mandi_simulated
Potato,Indore,2026-04-18,2516.81,0.72,mandi_simulated
Potato,Jaipur,2026-04-18,2466.97,0.72,mandi_simulated
Potato,Hyderabad,2026-04-18,2442.05,0.72,mandi_simulated
Potato,Bengaluru,2026-04-18,2417.13,0.72,mandi_simulated
Potato,Nashik,2026-04-19,2468.99,0.69,mandi_simulated
Potato,Pune,2026-04-19,2372.17,0.69,mandi_simulated
Potato,Karnal,2026-04-19,2420.58,0.69,mandi_simulated
Potato,Ludhiana,2026-04-19,2420.58,0.69,mandi_simulated
Potato,Nagpur,2026-04-19,2493.2,0.69,mandi_simulated
Potato,Ahmedabad,2026-04-19,2396.37,0.69,mandi_simulated
Potato,Indore,2026-04-19,2444.79,0.69,mandi_simulated
Potato,Jaipur,2026-04-19,2396.37,0.69,mandi_simulated
Potato,Hyderabad,2026-04-19,2372.17,0.69,mandi_simulated
Potato,Bengaluru,2026-04-19,2347.96,0.69,mandi_simulated
Potato,Nashik,2026-04-20,2552.11,0.66,mandi_simulated
Potato,Pune,2026-04-20,2452.03,0.66,mandi_simulated
Potato,Karnal,2026-04-20,2502.07,0.66,mandi_simulated
Potato,Ludhiana,2026-04-20,2502.07,0.66,mandi_simulated
Potato,Nagpur,2026-04-20,2577.14,0.66,mandi_simulated
Potato,Ahmedabad,2026-04-20,2477.05,0.66,mandi_simulated
Potato,Indore,2026-04-20,2527.09,0.66,mandi_simulated
Potato,Jaipur,2026-04-20,2477.05,0.66,mandi_simulated
Potato,Hyderabad,2026-04-20,2452.03,0.66,mandi_simulated
Potato,Bengaluru,2026-04-20,2427.01,0.66,mandi_simulated
Potato,Nashik,2026-04-21,2524.99,0.63,mandi_simulated
Potato,Pune,2026-04-21,2425.97,0.63,mandi_simulated
Potato,Karnal,2026-04-21,2475.48,0.63,mandi_simulated
Potato,Ludhiana,2026-04-21,2475.48,0.63,mandi_simulated
Potato,Nagpur,2026-04-21,2549.74,0.63,mandi_simulated
Potato,Ahmedabad,2026-04-21,2450.72,0.63,mandi_simulated
Potato,Indore,2026-04-21,2500.23,0.63,mandi_simulated
Potato,Jaipur,2026-04-21,2450.72,0.63,mandi_simulated
Potato,Hyderabad,2026-04-21,2425.97,0.63,mandi_simulated
Potato,Bengaluru,2026-04-21,2401.21,0.63,mandi_simulated
Potato,Nashik,2026-04-22,2495.69,0.61,mandi_simulated
Potato,Pune,2026-04-22,2397.82,0.61,mandi_simulated
Potato,Karnal,2026-04-22,2446.76,0.61,mandi_simulated
Potato,Ludhiana,2026-04-22,2446.76,0.61,mandi_simulated
Potato,Nagpur,2026-04-22,2520.16,0.61,mandi_simulated
Potato,Ahmedabad,2026-04-22,2422.29,0.61,mandi_simulated
Potato,Indore,2026-04-22,2471.22,0.61,mandi_simulated
Potato,Jaipur,2026-04-22,2422.29,0.61,mandi_simulated
Potato,Hyderabad,2026-04-22,2397.82,0.61,mandi_simulated
Potato,Bengaluru,2026-04-22,2373.35,0.61,mandi_simulated
Potato,Nashik,2026-04-23,2394.07,0.58,mandi_simulated
Potato,Pune,2026-04-23,2300.19,0.58,mandi_simulated
Potato,Karnal,2026-04-23,2347.13,0.58,mandi_simulated
Potato,Ludhiana,2026-04-23,2347.13,0.58,mandi_simulated
Potato,Nagpur,2026-04-23,2417.54,0.58,mandi_simulated
Potato,Ahmedabad,2026-04-23,2323.66,0.58,mandi_simulated
Potato,Indore,2026-04-23,2370.6,0.58,mandi_simulated
Potato,Jaipur,2026-04-23,2323.66,0.58,mandi_simulated
Potato,Hyderabad,2026-04-23,2300.19,0.58,mandi_simulated
Potato,Bengaluru,2026-04-23,2276.72,0.58,mandi_simulated
Potato,Nashik,2026-04-24,2375.75,0.55,mandi_simulated
Potato,Pune,2026-04-24,2282.58,0.55,mandi_simulated
Potato,Karnal,2026-04-24,2329.16,0.55,mandi_simulated
Potato,Ludhiana,2026-04-24,2329.16,0.55,mandi_simulated
Potato,Nagpur,2026-04-24,2399.04,0.55,mandi_simulated
Potato,Ahmedabad,2026-04-24,2305.87,0.55,mandi_simulated
Potato,Indore,2026-04-24,2352.45,0.55,mandi_simulated
Potato,Jaipur,2026-04-24,2305.87,0.55,mandi_simulated
Potato,Hyderabad,2026-04-24,2282.58,0.55,mandi_simulated
Potato,Bengaluru,2026-04-24,2259.29,0.55,mandi_simulated
Potato,Nashik,2026-04-25,2328.64,0.58,mandi_simulated
Potato,Pune,2026-04-25,2237.33,0.58,mandi_simulated
Potato,Karnal,2026-04-25,2282.99,0.58,mandi_simulated
Potato,Ludhiana,2026-04-25,2282.99,0.58,mandi_simulated
Potato,Nagpur,2026-04-25,2351.47,0.58,mandi_simulated
Potato,Ahmedabad,2026-04-25,2260.16,0.58,mandi_simulated
Potato,Indore,2026-04-25,2305.81,0.58,mandi_simulated
Potato,Jaipur,2026-04-25,2260.16,0.58,mandi_simulated
Potato,Hyderabad,2026-04-25,2237.33,0.58,mandi_simulated
Potato,Bengaluru,2026-04-25,2214.5,0.58,mandi_simulated
Potato,Nashik,2026-04-26,2358.14,0.61,mandi_simulated
Potato,Pune,2026-04-26,2265.67,0.61,mandi_simulated
Potato,Karnal,2026-04-26,2311.91,0.61,mandi_simulated
Potato,Ludhiana,2026-04-26,2311.91,0.61,mandi_simulated
Potato,Nagpur,2026-04-26,2381.26,0.61,mandi_simulated
Potato,Ahmedabad,2026-04-26,2288.79,0.61,mandi_simulated
Potato,Indore,2026-04-26,2335.02,0.61,mandi_simulated
Potato,Jaipur,2026-04-26,2288.79,0.61,mandi_simulated
Potato,Hyderabad,2026-04-26,2265.67,0.61,mandi_simulated
Potato,Bengaluru,2026-04-26,2242.55,0.61,mandi_simulated
Potato,Nashik,2026-04-27,2389.26,0.64,mandi_simulated
Potato,Pune,2026-04-27,2295.56,0.64,mandi_simulated
Potato,Karnal,2026-04-27,2342.41,0.64,mandi_simulated
Potato,Ludhiana,2026-04-27,2342.41,0.64,mandi_simulated
Potato,Nagpur,2026-04-27,2412.68,0.64,mandi_simulated
Potato,Ahmedabad,2026-04-27,2318.98,0.64,mandi_simulated
Potato,Indore,2026-04-27,2365.83,0.64,mandi_simulated
Potato,Jaipur,2026-04-27,2318.98,0.64,mandi_simulated
Potato,Hyderabad,2026-04-27,2295.56,0.64,mandi_simulated
Potato,Bengaluru,2026-04-27,2272.14,0.64,mandi_simulated
Potato,Nashik,2026-04-28,2447.64,0.66,mandi_simulated
Potato,Pune,2026-04-28,2351.65,0.66,mandi_simulated
Potato,Karnal,2026-04-28,2399.64,0.66,mandi_simulated
Potato,Ludhiana,2026-04-28,2399.64,0.66,mandi_simulated
Potato,Nagpur,2026-04-28,2471.63,0.66,mandi_simulated
Potato,Ahmedabad,2026-04-28,2375.65,0.66,mandi_simulated
Potato,Indore,2026-04-28,2423.64,0.66,mandi_simulated
Potato,Jaipur,2026-04-28,2375.65,0.66,mandi_simulated
Potato,Hyderabad,2026-04-28,2351.65,0.66,mandi_simulated
Potato,Bengaluru,2026-04-28,2327.66,0.66,mandi_simulated
Potato,Nashik,2026-04-29,2287.41,0.69,mandi_simulated
Potato,Pune,2026-04-29,2197.71,0.69,mandi_simulated
Potato,Karnal,2026-04-29,2242.56,0.69,mandi_simulated
Potato,Ludhiana,2026-04-29,2242.56,0.69,mandi_simulated
Potato,Nagpur,2026-04-29,2309.84,0.69,mandi_simulated
Potato,Ahmedabad,2026-04-29,2220.13,0.69,mandi_simulated
Potato,Indore,2026-04-29,2264.98,0.69,mandi_simulated
Potato,Jaipur,2026-04-29,2220.13,0.69,mandi_simulated
Potato,Hyderabad,2026-04-29,2197.71,0.69,mandi_simulated
Potato,Bengaluru,2026-04-29,2175.28,0.69,mandi_simulated
Potato,Nashik,2026-04-30,2339.93,0.72,mandi_simulated
Potato,Pune,2026-04-30,2248.17,0.72,mandi_simulated
Potato,Karnal,2026-04-30,2294.05,0.72,mandi_simulated
Potato,Ludhiana,2026-04-30,2294.05,0.72,mandi_simulated
Potato,Nagpur,2026-04-30,2362.87,0.72,mandi_simulated
Potato,Ahmedabad,2026-04-30,2271.11,0.72,mandi_simulated
Potato,Indore,2026-04-30,2316.99,0.72,mandi_simulated
Potato,Jaipur,2026-04-30,2271.11,0.72,mandi_simulated
Potato,Hyderabad,2026-04-30,2248.17,0.72,mandi_simulated
Potato,Bengaluru,2026-04-30,2225.23,0.72,mandi_simulated
Potato,Nashik,2026-05-01,2368.56,0.74,mandi_simulated
Potato,Pune,2026-05-01,2275.67,0.74,mandi_simulated
Potato,Karnal,2026-05-01,2322.11,0.74,mandi_simulated
Potato,Ludhiana,2026-05-01,2322.11,0.74,mandi_simulated
Potato,Nagpur,2026-05-01,2391.78,0.74,mandi_simulated
Potato,Ahmedabad,2026-05-01,2298.89,0.74,mandi_simulated
Potato,Indore,2026-05-01,2345.34,0.74,mandi_simulated
Potato,Jaipur,2026-05-01,2298.89,0.74,mandi_simulated
Potato,Hyderabad,2026-05-01,2275.67,0.74,mandi_simulated
Potato,Bengaluru,2026-05-01,2252.45,0.74,mandi_simulated
Potato,Nashik,2026-05-02,2275.86,0.77,mandi_simulated
Potato,Pune,2026-05-02,2186.61,0.77,mandi_simulated
Potato,Karnal,2026-05-02,2231.24,0.77,mandi_simulated
Potato,Ludhiana,2026-05-02,2231.24,0.77,mandi_simulated
Potato,Nagpur,2026-05-02,2298.17,0.77,mandi_simulated
Potato,Ahmedabad,2026-05-02,2208.92,0.77,mandi_simulated
Potato,Indore,2026-05-02,2253.55,0.77,mandi_simulated
Potato,Jaipur,2026-05-02,2208.92,0.77,mandi_simulated
Potato,Hyderabad,2026-05-02,2186.61,0.77,mandi_simulated
Potato,Bengaluru,2026-05-02,2164.3,0.77,mandi_simulated
Potato,Nashik,2026-05-03,2358.59,0.79,mandi_simulated
Potato,Pune,2026-05-03,2266.1,0.79,mandi_simulated
Potato,Karnal,2026-05-03,2312.35,0.79,mandi_simulated
Potato,Ludhiana,2026-05-03,2312.35,0.79,mandi_simulated
Potato,Nagpur,2026-05-03,2381.72,0.79,mandi_simulated
Potato,Ahmedabad,2026-05-03,2289.22,0.79,mandi_simulated
Potato,Indore,2026-05-03,2335.47,0.79,mandi_simulated
Potato,Jaipur,2026-05-03,2289.22,0.79,mandi_simulated
Potato,Hyderabad,2026-05-03,2266.1,0.79,mandi_simulated
Potato,Bengaluru,2026-05-03,2242.98,0.79,mandi_simulated
Potato,Nashik,2026-05-04,2310.92,0.81,mandi_simulated
Potato,Pune,2026-05-04,2220.29,0.81,mandi_simulated
Potato,Karnal,2026-05-04,2265.61,0.81,mandi_simulated
Potato,Ludhiana,2026-05-04,2265.61,0.81,mandi_simulated
Potato,Nagpur,2026-05-04,2333.57,0.81,mandi_simulated
Potato,Ahmedabad,2026-05-04,2242.95,0.81,mandi_simulated
Potato,Indore,2026-05-04,2288.26,0.81,mandi_simulated
Potato,Jaipur,2026-05-04,2242.95,0.81,mandi_simulated
Potato,Hyderabad,2026-05-04,2220.29,0.81,mandi_simulated
Potato,Bengaluru,2026-05-04,2197.64,0.81,mandi_simulated
Potato,Nashik,2026-05-05,2255.31,0.83,mandi_simulated
Potato,Pune,2026-05-05,2166.86,0.83,mandi_simulated
Potato,Karnal,2026-05-05,2211.08,0.83,mandi_simulated
Potato,Ludhiana,2026-05-05,2211.08,0.83,mandi_simulated
Potato,Nagpur,2026-05-05,2277.42,0.83,mandi_simulated
Potato,Ahmedabad,2026-05-05,2188.97,0.83,mandi_simulated
Potato,Indore,2026-05-05,2233.19,0.83,mandi_simulated
Potato,Jaipur,2026-05-05,2188.97,0.83,mandi_simulated
Potato,Hyderabad,2026-05-05,2166.86,0.83,mandi_simulated
Potato,Bengaluru,2026-05-05,2144.75,0.83,mandi_simulated
Potato,Nashik,2026-05-06,2322.31,0.85,mandi_simulated
Potato,Pune,2026-05-06,2231.24,0.85,mandi_simulated
Potato,Karnal,2026-05-06,2276.78,0.85,mandi_simulated
Potato,Ludhiana,2026-05-06,2276.78,0.85,mandi_simulated
Potato,Nagpur,2026-05-06,2345.08,0.85,mandi_simulated
Potato,Ahmedabad,2026-05-06,2254.01,0.85,mandi_simulated
Potato,Indore,2026-05-06,2299.54,0.85,mandi_simulated
Potato,Jaipur,2026-05-06,2254.01,0.85,mandi_simulated
Potato,Hyderabad,2026-05-06,2231.24,0.85,mandi_simulated
Potato,Bengaluru,2026-05-06,2208.47,0.85,mandi_simulated
Potato,Nashik,2026-05-07,2195.23,0.87,mandi_simulated
Potato,Pune,2026-05-07,2109.14,0.87,mandi_simulated
Potato,Karnal,2026-05-07,2152.19,0.87,mandi_simulated
Potato,Ludhiana,2026-05-07,2152.19,0.87,mandi_simulated
Potato,Nagpur,2026-05-07,2216.75,0.87,mandi_simulated
Potato,Ahmedabad,2026-05-07,2130.66,0.87,mandi_simulated
Potato,Indore,2026-05-07,2173.71,0.87,mandi_simulated
Potato,Jaipur,2026-05-07,2130.66,0.87,mandi_simulated
Potato,Hyderabad,2026-05-07,2109.14,0.87,mandi_simulated
Potato,Bengaluru,2026-05-07,2087.62,0.87,mandi_simulated
Potato,Nashik,2026-05-08,2324.14,0.89,mandi_simulated
Potato,Pune,2026-05-08,2233.0,0.89,mandi_simulated
Potato,Karnal,2026-05-08,2278.57,0.89,mandi_simulated
Potato,Ludhiana,2026-05-08,2278.57,0.89,mandi_simulated
Potato,Nagpur,2026-05-08,2346.93,0.89,mandi_simulated
Potato,Ahmedabad,2026-05-08,2255.78,0.89,mandi_simulated
Potato,Indore,2026-05-08,2301.36,0.89,mandi_simulated
Potato,Jaipur,2026-05-08,2255.78,0.89,mandi_simulated
Potato,Hyderabad,2026-05-08,2233.0,0.89,mandi_simulated
Potato,Bengaluru,2026-05-08,2210.21,0.89,mandi_simulated
Potato,Nashik,2026-05-09,2321.06,0.9,mandi_simulated
Potato,Pune,2026-05-09,2230.04,0.9,mandi_simulated
Potato,Karnal,2026-05-09,2275.55,0.9,mandi_simulated
Potato,Ludhiana,2026-05-09,2275.55,0.9,mandi_simulated
Potato,Nagpur,2026-05-09,2343.82,0.9,mandi_simulated
Potato,Ahmedabad,2026-05-09,2252.8,0.9,mandi_simulated
Potato,Indore,2026-05-09,2298.31,0.9,mandi_simulated
Potato,Jaipur,2026-05-09,2252.8,0.9,mandi_simulated
Potato,Hyderabad,2026-05-09,2230.04,0.9,mandi_simulated
Potato,Bengaluru,2026-05-09,2207.29,0.9,mandi_simulated
Potato,Nashik,2026-05-10,2195.09,0.91,mandi_simulated
Potato,Pune,2026-05-10,2109.01,0.91,mandi_simulated
Potato,Karnal,2026-05-10,2152.05,0.91,mandi_simulated
Potato,Ludhiana,2026-05-10,2152.05,0.91,mandi_simulated
Potato,Nagpur,2026-05-10,2216.61,0.91,mandi_simulated
Potato,Ahmedabad,2026-05-10,2130.53,0.91,mandi_simulated
Potato,Indore,2026-05-10,2173.57,0.91,mandi_simulated
Potato,Jaipur,2026-05-10,2130.53,0.91,mandi_simulated
Potato,Hyderabad,2026-05-10,2109.01,0.91,mandi_simulated
Potato,Bengaluru,2026-05-10,2087.49,0.91,mandi_simulated
Potato,Nashik,2026-05-11,2248.2,0.93,mandi_simulated
Potato,Pune,2026-05-11,2160.04,0.93,mandi_simulated
Potato,Karnal,2026-05-11,2204.12,0.93,mandi_simulated
Potato,Ludhiana,2026-05-11,2204.12,0.93,mandi_simulated
Potato,Nagpur,2026-05-11,2270.24,0.93,mandi_simulated
Potato,Ahmedabad,2026-05-11,2182.08,0.93,mandi_simulated
Potato,Indore,2026-05-11,2226.16,0.93,mandi_simulated
Potato,Jaipur,2026-05-11,2182.08,0.93,mandi_simulated
Potato,Hyderabad,2026-05-11,2160.04,0.93,mandi_simulated
Potato,Bengaluru,2026-05-11,2138.0,0.93,mandi_simulated
Potato,Nashik,2026-05-12,2199.43,0.93,mandi_simulated
Potato,Pune,2026-05-12,2113.18,0.93,mandi_simulated
Potato,Karnal,2026-05-12,2156.3,0.93,mandi_simulated
Potato,Ludhiana,2026-05-12,2156.3,0.93,mandi_simulated
Potato,Nagpur,2026-05-12,2220.99,0.93,mandi_simulated
Potato,Ahmedabad,2026-05-12,2134.74,0.93,mandi_simulated
Potato,Indore,2026-05-12,2177.87,0.93,mandi_simulated
Potato,Jaipur,2026-05-12,2134.74,0.93,mandi_simulated
Potato,Hyderabad,2026-05-12,2113.18,0.93,mandi_simulated
Potato,Bengaluru,2026-05-12,2091.61,0.93,mandi_simulated
Potato,Nashik,2026-05-13,2337.76,0.94,mandi_simulated
Potato,Pune,2026-05-13,2246.08,0.94,mandi_simulated
Potato,Karnal,2026-05-13,2291.92,0.94,mandi_simulated
Potato,Ludhiana,2026-05-13,2291.92,0.94,mandi_simulated
Potato,Nagpur,2026-05-13,2360.68,0.94,mandi_simulated
Potato,Ahmedabad,2026-05-13,2269.0,0.94,mandi_simulated
Potato,Indore,2026-05-13,2314.84,0.94,mandi_simulated
Potato,Jaipur,2026-05-13,2269.0,0.94,mandi_simulated
Potato,Hyderabad,2026-05-13,2246.08,0.94,mandi_simulated
Potato,Bengaluru,2026-05-13,2223.16,0.94,mandi_simulated
Potato,Nashik,2026-05-14,2256.47,0.95,mandi_simulated
Potato,Pune,2026-05-14,2167.98,0.95,mandi_simulated
Potato,Karnal,2026-05-14,2212.23,0.95,mandi_simulated
Potato,Ludhiana,2026-05-14,2212.23,0.95,mandi_simulated
Potato,Nagpur,2026-05-14,2278.59,0.95,mandi_simulated
Potato,Ahmedabad,2026-05-14,2190.1,0.95,mandi_simulated
Potato,Indore,2026-05-14,2234.35,0.95,mandi_simulated
Potato,Jaipur,2026-05-14,2190.1,0.95,mandi_simulated
Potato,Hyderabad,2026-05-14,2167.98,0.95,mandi_simulated
Potato,Bengaluru,2026-05-14,2145.86,0.95,mandi_simulated
Potato,Nashik,2026-05-15,2171.24,0.95,mandi_simulated
Potato,Pune,2026-05-15,2086.09,0.95,mandi_simulated
Potato,Karnal,2026-05-15,2128.66,0.95,mandi_simulated
Potato,Ludhiana,2026-05-15,2128.66,0.95,mandi_simulated
Potato,Nagpur,2026-05-15,2192.52,0.95,mandi_simulated
Potato,Ahmedabad,2026-05-15,2107.38,0.95,mandi_simulated
Potato,Indore,2026-05-15,2149.95,0.95,mandi_simulated
Potato,Jaipur,2026-05-15,2107.38,0.95,mandi_simulated
Potato,Hyderabad,2026-05-15,2086.09,0.95,mandi_simulated
Potato,Bengaluru,2026-05-15,2064.8,0.95,mandi_simulated
Potato,Nashik,2026-05-16,2207.09,0.95,mandi_simulated
Potato,Pune,2026-05-16,2120.54,0.95,mandi_simulated
Potato,Karnal,2026-05-16,2163.81,0.95,mandi_simulated
Potato,Ludhiana,2026-05-16,2163.81,0.95,mandi_simulated
Potato,Nagpur,2026-05-16,2228.73,0.95,mandi_simulated
Potato,Ahmedabad,2026-05-16,2142.17,0.95,mandi_simulated
Potato,Indore,2026-05-16,2185.45,0.95,mandi_simulated
Potato,Jaipur,2026-05-16,2142.17,0.95,mandi_simulated
Potato,Hyderabad,2026-05-16,2120.54,0.95,mandi_simulated
Potato,Bengaluru,2026-05-16,2098.9,0.95,mandi_simulated
Potato,Nashik,2026-05-17,2316.02,0.95,mandi_simulated
Potato,Pune,2026-05-17,2225.2,0.95,mandi_simulated
Potato,Karnal,2026-05-17,2270.61,0.95,mandi_simulated
Potato,Ludhiana,2026-05-17,2270.61,0.95,mandi_simulated
Potato,Nagpur,2026-05-17,2338.73,0.95,mandi_simulated
Potato,Ahmedabad,2026-05-17,2247.91,0.95,mandi_simulated
Potato,Indore,2026-05-17,2293.32,0.95,mandi_simulated
Potato,Jaipur,2026-05-17,2247.91,0.95,mandi_simulated
Potato,Hyderabad,2026-05-17,2225.2,0.95,mandi_simulated
Potato,Bengaluru,2026-05-17,2202.49,0.95,mandi_simulated
Potato,Nashik,2026-05-18,2247.28,0.95,mandi_simulated
Potato,Pune,2026-05-18,2159.15,0.95,mandi_simulated
Potato,Karnal,2026-05-18,2203.22,0.95,mandi_simulated
Potato,Ludhiana,2026-05-18,2203.22,0.95,mandi_simulated
Potato,Nagpur,2026-05-18,2269.31,0.95,mandi_simulated
Potato,Ahmedabad,2026-05-18,2181.18,0.95,mandi_simulated
Potato,Indore,2026-05-18,2225.25,0.95,mandi_simulated
Potato,Jaipur,2026-05-18,2181.18,0.95,mandi_simulated
Potato,Hyderabad,2026-05-18,2159.15,0.95,mandi_simulated
Potato,Bengaluru,2026-05-18,2137.12,0.95,mandi_simulated
Potato,Nashik,2026-05-19,2312.42,0.94,mandi_simulated
Potato,Pune,2026-05-19,2221.74,0.94,mandi_simulated
Potato,Karnal,2026-05-19,2267.08,0.94,mandi_simulated
Potato,Ludhiana,2026-05-19,2267.08,0.94,mandi_simulated
Potato,Nagpur,2026-05-19,2335.1,0.94,mandi_simulated
Potato,Ahmedabad,2026-05-19,2244.41,0.94,mandi_simulated
Potato,Indore,2026-05-19,2289.75,0.94,mandi_simulated
Potato,Jaipur,2026-05-19,2244.41,0.94,mandi_simulated
Potato,Hyderabad,2026-05-19,2221.74,0.94,mandi_simulated
Potato,Bengaluru,2026-05-19,2199.07,0.94,mandi_simulated
Potato,Nashik,2026-05-20,2292.07,0.93,mandi_simulated
Potato,Pune,2026-05-20,2202.18,0.93,mandi_simulated
Potato,Karnal,2026-05-20,2247.12,0.93,mandi_simulated
Potato,Ludhiana,2026-05-20,2247.12,0.93,mandi_simulated
Potato,Nagpur,2026-05-20,2314.54,0.93,mandi_simulated
Potato,Ahmedabad,2026-05-20,2224.65,0.93,mandi_simulated
Potato,Indore,2026-05-20,2269.6,0.93,mandi_simulated
Potato,Jaipur,2026-05-20,2224.65,0.93,mandi_simulated
Potato,Hyderabad,2026-05-20,2202.18,0.93,mandi_simulated
Potato,Bengaluru,2026-05-20,2179.71,0.93,mandi_simulated
Potato,Nashik,2026-05-21,2354.88,0.92,mandi_simulated
Potato,Pune,2026-05-21,2262.53,0.92,mandi_simulated
Potato,Karnal,2026-05-21,2308.71,0.92,mandi_simulated
Potato,Ludhiana,2026-05-21,2308.71,0.92,mandi_simulated
Potato,Nagpur,2026-05-21,2377.97,0.92,mandi_simulated
Potato,Ahmedabad,2026-05-21,2285.62,0.92,mandi_simulated
Potato,Indore,2026-05-21,2331.79,0.92,mandi_simulated
Potato,Jaipur,2026-05-21,2285.62,0.92,mandi_simulated
Potato,Hyderabad,2026-05-21,2262.53,0.92,mandi_simulated
Potato,Bengaluru,2026-05-21,2239.45,0.92,mandi_simulated
Potato,Nashik,2026-05-22,2289.33,0.91,mandi_simulated
Potato,Pune,2026-05-22,2199.55,0.91,mandi_simulated
Potato,Karnal,2026-05-22,2244.44,0.91,mandi_simulated
Potato,Ludhiana,2026-05-22,2244.44,0.91,mandi_simulated
Potato,Nagpur,2026-05-22,2311.77,0.91,mandi_simulated
Potato,Ahmedabad,2026-05-22,2222.0,0.91,mandi_simulated
Potato,Indore,2026-05-22,2266.89,0.91,mandi_simulated
Potato,Jaipur,2026-05-22,2222.0,0.91,mandi_simulated
Potato,Hyderabad,2026-05-22,2199.55,0.91,mandi_simulated
Potato,Bengaluru,2026-05-22,2177.11,0.91,mandi_simulated
Potato,Nashik,2026-05-23,2360.43,0.9,mandi_simulated
Potato,Pune,2026-05-23,2267.86,0.9,mandi_simulated
Potato,Karnal,2026-05-23,2314.14,0.9,mandi_simulated
Potato,Ludhiana,2026-05-23,2314.14,0.9,mandi_simulated
Potato,Nagpur,2026-05-23,2383.57,0.9,mandi_simulated
Potato,Ahmedabad,2026-05-23,2291.0,0.9,mandi_simulated
Potato,Indore,2026-05-23,2337.29,0.9,mandi_simulated
Potato,Jaipur,2026-05-23,2291.0,0.9,mandi_simulated
Potato,Hyderabad,2026-05-23,2267.86,0.9,mandi_simulated
Potato,Bengaluru,2026-05-23,2244.72,0.9,mandi_simulated
Potato,Nashik,2026-05-24,2357.21,0.89,mandi_simulated
Potato,Pune,2026-05-24,2264.77,0.89,mandi_simulated
Potato,Karnal,2026-05-24,2310.99,0.89,mandi_simulated
Potato,Ludhiana,2026-05-24,2310.99,0.89,mandi_simulated
Potato,Nagpur,2026-05-24,2380.32,0.89,mandi_simulated
Potato,Ahmedabad,2026-05-24,2287.88,0.89,mandi_simulated
Potato,Indore,2026-05-24,2334.1,0.89,mandi_simulated
Potato,Jaipur,2026-05-24,2287.88,0.89,mandi_simulated
Potato,Hyderabad,2026-05-24,2264.77,0.89,mandi_simulated
Potato,Bengaluru,2026-05-24,2241.66,0.89,mandi_simulated
Potato,Nashik,2026-05-25,2314.35,0.87,mandi_simulated
Potato,Pune,2026-05-25,2223.59,0.87,mandi_simulated
Potato,Karnal,2026-05-25,2268.97,0.87,mandi_simulated
Potato,Ludhiana,2026-05-25,2268.97,0.87,mandi_simulated
Potato,Nagpur,2026-05-25,2337.04,0.87,mandi_simulated
Potato,Ahmedabad,2026-05-25,2246.28,0.87,mandi_simulated
Potato,Indore,2026-05-25,2291.66,0.87,mandi_simulated
Potato,Jaipur,2026-05-25,2246.28,0.87,mandi_simulated
Potato,Hyderabad,2026-05-25,2223.59,0.87,mandi_simulated
Potato,Bengaluru,2026-05-25,2200.9,0.87,mandi_simulated
Potato,Nashik,2026-05-26,2342.85,0.85,mandi_simulated
Potato,Pune,2026-05-26,2250.98,0.85,mandi_simulated
Potato,Karnal,2026-05-26,2296.91,0.85,mandi_simulated
Potato,Ludhiana,2026-05-26,2296.91,0.85,mandi_simulated
Potato,Nagpur,2026-05-26,2365.82,0.85,mandi_simulated
Potato,Ahmedabad,2026-05-26,2273.94,0.85,mandi_simulated
Potato,Indore,2026-05-26,2319.88,0.85,mandi_simulated
Potato,Jaipur,2026-05-26,2273.94,0.85,mandi_simulated
Potato,Hyderabad,2026-05-26,2250.98,0.85,mandi_simulated
Potato,Bengaluru,2026-05-26,2228.01,0.85,mandi_simulated
Potato,Nashik,2026-05-27,2312.84,0.83,mandi_simulated
Potato,Pune,2026-05-27,2222.14,0.83,mandi_simulated
Potato,Karnal,2026-05-27,2267.49,0.83,mandi_simulated
Potato,Ludhiana,2026-05-27,2267.49,0.83,mandi_simulated
Potato,Nagpur,2026-05-27,2335.52,0.83,mandi_simulated
Potato,Ahmedabad,2026-05-27,2244.82,0.83,mandi_simulated
Potato,Indore,2026-05-27,2290.17,0.83,mandi_simulated
Potato,Jaipur,2026-05-27,2244.82,0.83,mandi_simulated
Potato,Hyderabad,2026-05-27,2222.14,0.83,mandi_simulated
Potato,Bengaluru,2026-05-27,2199.47,0.83,mandi_simulated
Potato,Nashik,2026-05-28,2383.53,0.81,mandi_simulated
Potato,Pune,2026-05-28,2290.05,0.81,mandi_simulated
Potato,Karnal,2026-05-28,2336.79,0.81,mandi_simulated
Potato,Ludhiana,2026-05-28,2336.79,0.81,mandi_simulated
Potato,Nagpur,2026-05-28,2406.89,0.81,mandi_simulated
Potato,Ahmedabad,2026-05-28,2313.42,0.81,mandi_simulated
Potato,Indore,2026-05-28,2360.16,0.81,mandi_simulated
Potato,Jaipur,2026-05-28,2313.42,0.81,mandi_simulated
Potato,Hyderabad,2026-05-28,2290.05,0.81,mandi_simulated
Potato,Bengaluru,2026-05-28,2266.69,0.81,mandi_simulated
Potato,Nashik,2026-05-29,2341.82,0.79,mandi_simulated
Potato,Pune,2026-05-29,2249.99,0.79,mandi_simulated
Potato,Karnal,2026-05-29,2295.9,0.79,mandi_simulated
Potato,Ludhiana,2026-05-29,2295.9,0.79,mandi_simulated
Potato,Nagpur,2026-05-29,2364.78,0.79,mandi_simulated
Potato,Ahmedabad,2026-05-29,2272.95,0.79,mandi_simulated
Potato,Indore,2026-05-29,2318.86,0.79,mandi_simulated
Potato,Jaipur,2026-05-29,2272.95,0.79,mandi_simulated
Potato,Hyderabad,2026-05-29,2249.99,0.79,mandi_simulated
Potato,Bengaluru,2026-05-29,2227.03,0.79,mandi_simulated
Potato,Nashik,2026-05-30,2418.71,0.77,mandi_simulated
Potato,Pune,2026-05-30,2323.86,0.77,mandi_simulated
Potato,Karnal,2026-05-30,2371.29,0.77,mandi_simulated
Potato,Ludhiana,2026-05-30,2371.29,0.77,mandi_simulated
Potato,Nagpur,2026-05-30,2442.42,0.77,mandi_simulated
Potato,Ahmedabad,2026-05-30,2347.57,0.77,mandi_simulated
Potato,Indore,2026-05-30,2395.0,0.77,mandi_simulated
Potato,Jaipur,2026-05-30,2347.57,0.77,mandi_simulated
Potato,Hyderabad,2026-05-30,2323.86,0.77,mandi_simulated
Potato,Bengaluru,2026-05-30,2300.15,0.77,mandi_simulated
Potato,Nashik,2026-05-31,2401.98,0.74,mandi_simulated
Potato,Pune,2026-05-31,2307.79,0.74,mandi_simulated
Potato,Karnal,2026-05-31,2354.89,0.74,mandi_simulated
Potato,Ludhiana,2026-05-31,2354.89,0.74,mandi_simulated
Potato,Nagpur,2026-05-31,2425.53,0.74,mandi_simulated
Potato,Ahmedabad,2026-05-31,2331.34,0.74,mandi_simulated
Potato,Indore,2026-05-31,2378.44,0.74,mandi_simulated
Potato,Jaipur,2026-05-31,2331.34,0.74,mandi_simulated
Potato,Hyderabad,2026-05-31,2307.79,0.74,mandi_simulated
Potato,Bengaluru,2026-05-31,2284.24,0.74,mandi_simulated
Potato,Nashik,2026-06-01,2363.55,0.71,mandi_simulated
Potato,Pune,2026-06-01,2270.86,0.71,mandi_simulated
Potato,Karnal,2026-06-01,2317.2,0.71,mandi_simulated
Potato,Ludhiana,2026-06-01,2317.2,0.71,mandi_simulated
Potato,Nagpur,2026-06-01,2386.72,0.71,mandi_simulated
Potato,Ahmedabad,2026-06-01,2294.03,0.71,mandi_simulated
Potato,Indore,2026-06-01,2340.37,0.71,mandi_simulated
Potato,Jaipur,2026-06-01,2294.03,0.71,mandi_simulated
Potato,Hyderabad,2026-06-01,2270.86,0.71,mandi_simulated
Potato,Bengaluru,2026-06-01,2247.69,0.71,mandi_simulated
Potato,Nashik,2026-06-02,2335.15,0.69,mandi_simulated
Potato,Pune,2026-06-02,2243.57,0.69,mandi_simulated
Potato,Karnal,2026-06-02,2289.36,0.69,mandi_simulated
Potato,Ludhiana,2026-06-02,2289.36,0.69,mandi_simulated
Potato,Nagpur,2026-06-02,2358.04,0.69,mandi_simulated
Potato,Ahmedabad,2026-06-02,2266.47,0.69,mandi_simulated
Potato,Indore,2026-06-02,2312.26,0.69,mandi_simulated
Potato,Jaipur,2026-06-02,2266.47,0.69,mandi_simulated
Potato,Hyderabad,2026-06-02,2243.57,0.69,mandi_simulated
Potato,Bengaluru,2026-06-02,2220.68,0.69,mandi_simulated
Potato,Nashik,2026-06-03,2345.61,0.66,mandi_simulated
Potato,Pune,2026-06-03,2253.63,0.66,mandi_simulated
Potato,Karnal,2026-06-03,2299.62,0.66,mandi_simulated
Potato,Ludhiana,2026-06-03,2299.62,0.66,mandi_simulated
Potato,Nagpur,2026-06-03,2368.61,0.66,mandi_simulated
Potato,Ahmedabad,2026-06-03,2276.62,0.66,mandi_simulated
Potato,Indore,2026-06-03,2322.61,0.66,mandi_simulated
Potato,Jaipur,2026-06-03,2276.62,0.66,mandi_simulated
Potato,Hyderabad,2026-06-03,2253.63,0.66,mandi_simulated
Potato,Bengaluru,2026-06-03,2230.63,0.66,mandi_simulated
Potato,Nashik,2026-06-04,2433.79,0.63,mandi_simulated
Potato,Pune,2026-06-04,2338.35,0.63,mandi_simulated
Potato,Karnal,2026-06-04,2386.07,0.63,mandi_simulated
Potato,Ludhiana,2026-06-04,2386.07,0.63,mandi_simulated
Potato,Nagpur,2026-06-04,2457.65,0.63,mandi_simulated
Potato,Ahmedabad,2026-06-04,2362.21,0.63,mandi_simulated
Potato,Indore,2026-06-04,2409.93,0.63,mandi_simulated
Potato,Jaipur,2026-06-04,2362.21,0.63,mandi_simulated
Potato,Hyderabad,2026-06-04,2338.35,0.63,mandi_simulated
Potato,Bengaluru,2026-06-04,2314.49,0.63,mandi_simulated
Potato,Nashik,2026-06-05,2472.22,0.61,mandi_simulated
Potato,Pune,2026-06-05,2375.27,0.61,mandi_simulated
Potato,Karnal,2026-06-05,2423.75,0.61,mandi_simulated
Potato,Ludhiana,2026-06-05,2423.75,0.61,mandi_simulated
Potato,Nagpur,2026-06-05,2496.46,0.61,mandi_simulated
Potato,Ahmedabad,2026-06-05,2399.51,0.61,mandi_simulated
Potato,Indore,2026-06-05,2447.98,0.61,mandi_simulated
Potato,Jaipur,2026-06-05,2399.51,0.61,mandi_simulated
Potato,Hyderabad,2026-06-05,2375.27,0.61,mandi_simulated
Potato,Bengaluru,2026-06-05,2351.03,0.61,mandi_simulated
Potato,Nashik,2026-06-06,2438.49,0.58,mandi_simulated
Potato,Pune,2026-06-06,2342.86,0.58,mandi_simulated
Potato,Karnal,2026-06-06,2390.67,0.58,mandi_simulated
Potato,Ludhiana,2026-06-06,2390.67,0.58,mandi_simulated
Potato,Nagpur,2026-06-06,2462.39,0.58,mandi_simulated
Potato,Ahmedabad,2026-06-06,2366.77,0.58,mandi_simulated
Potato,Indore,2026-06-06,2414.58,0.58,mandi_simulated
Potato,Jaipur,2026-06-06,2366.77,0.58,mandi_simulated
Potato,Hyderabad,2026-06-06,2342.86,0.58,mandi_simulated
Potato,Bengaluru,2026-06-06,2318.95,0.58,mandi_simulated
Potato,Nashik,2026-06-07,2472.82,0.55,mandi_simulated
Potato,Pune,2026-06-07,2375.85,0.55,mandi_simulated
Potato,Karnal,2026-06-07,2424.34,0.55,mandi_simulated
Potato,Ludhiana,2026-06-07,2424.34,0.55,mandi_simulated
Potato,Nagpur,2026-06-07,2497.07,0.55,mandi_simulated
Potato,Ahmedabad,2026-06-07,2400.09,0.55,mandi_simulated
Potato,Indore,2026-06-07,2448.58,0.55,mandi_simulated
Potato,Jaipur,2026-06-07,2400.09,0.55,mandi_simulated
Potato,Hyderabad,2026-06-07,2375.85,0.55,mandi_simulated
Potato,Bengaluru,2026-06-07,2351.61,0.55,mandi_simulated
Potato,Nashik,2026-06-08,2417.27,0.58,mandi_simulated
Potato,Pune,2026-06-08,2322.48,0.58,mandi_simulated
Potato,Karnal,2026-06-08,2369.87,0.58,mandi_simulated
Potato,Ludhiana,2026-06-08,2369.87,0.58,mandi_simulated
Potato,Nagpur,2026-06-08,2440.97,0.58,mandi_simulated
Potato,Ahmedabad,2026-06-08,2346.18,0.58,mandi_simulated
Potato,Indore,2026-06-08,2393.57,0.58,mandi_simulated
Potato,Jaipur,2026-06-08,2346.18,0.58,mandi_simulated
Potato,Hyderabad,2026-06-08,2322.48,0.58,mandi_simulated
Potato,Bengaluru,2026-06-08,2298.78,0.58,mandi_simulated
Potato,Nashik,2026-06-09,2391.59,0.61,mandi_simulated
Potato,Pune,2026-06-09,2297.8,0.61,mandi_simulated
Potato,Karnal,2026-06-09,2344.69,0.61,mandi_simulated
Potato,Ludhiana,2026-06-09,2344.69,0.61,mandi_simulated
Potato,Nagpur,2026-06-09,2415.04,0.61,mandi_simulated
Potato,Ahmedabad,2026-06-09,2321.25,0.61,mandi_simulated
Potato,Indore,2026-06-09,2368.14,0.61,mandi_simulated
Potato,Jaipur,2026-06-09,2321.25,0.61,mandi_simulated
Potato,Hyderabad,2026-06-09,2297.8,0.61,mandi_simulated
Potato,Bengaluru,2026-06-09,2274.35,0.61,mandi_simulated
Potato,Nashik,2026-06-10,2446.06,0.64,mandi_simulated
Potato,Pune,2026-06-10,2350.13,0.64,mandi_simulated
Potato,Karnal,2026-06-10,2398.09,0.64,mandi_simulated
Potato,Ludhiana,2026-06-10,2398.09,0.64,mandi_simulated
Potato,Nagpur,2026-06-10,2470.04,0.64,mandi_simulated
Potato,Ahmedabad,2026-06-10,2374.11,0.64,mandi_simulated
Potato,Indore,2026-06-10,2422.08,0.64,mandi_simulated
Potato,Jaipur,2026-06-10,2374.11,0.64,mandi_simulated
Potato,Hyderabad,2026-06-10,2350.13,0.64,mandi_simulated
Potato,Bengaluru,2026-06-10,2326.15,0.64,mandi_simulated
Potato,Nashik,2026-06-11,2456.29,0.66,mandi_simulated
Potato,Pune,2026-06-11,2359.96,0.66,mandi_simulated
Potato,Karnal,2026-06-11,2408.13,0.66,mandi_simulated
Potato,Ludhiana,2026-06-11,2408.13,0.66,mandi_simulated
Potato,Nagpur,2026-06-11,2480.37,0.66,mandi_simulated
Potato,Ahmedabad,2026-06-11,2384.04,0.66,mandi_simulated
Potato,Indore,2026-06-11,2432.21,0.66,mandi_simulated
Potato,Jaipur,2026-06-11,2384.04,0.66,mandi_simulated
Potato,Hyderabad,2026-06-11,2359.96,0.66,mandi_simulated
Potato,Bengaluru,2026-06-11,2335.88,0.66,mandi_simulated
Potato,Nashik,2026-06-12,2478.71,0.69,mandi_simulated
Potato,Pune,2026-06-12,2381.5,0.69,mandi_simulated
Potato,Karnal,2026-06-12,2430.1,0.69,mandi_simulated
Potato,Ludhiana,2026-06-12,2430.1,0.69,mandi_simulated
Potato,Nagpur,2026-06-12,2503.01,0.69,mandi_simulated
Potato,Ahmedabad,2026-06-12,2405.8,0.69,mandi_simulated
Potato,Indore,2026-06-12,2454.41,0.69,mandi_simulated
Potato,Jaipur,2026-06-12,2405.8,0.69,mandi_simulated
Potato,Hyderabad,2026-06-12,2381.5,0.69,mandi_simulated
Potato,Bengaluru,2026-06-12,2357.2,0.69,mandi_simulated
Potato,Nashik,2026-06-13,2535.77,0.72,mandi_simulated
Potato,Pune,2026-06-13,2436.33,0.72,mandi_simulated
Potato,Karnal,2026-06-13,2486.05,0.72,mandi_simulated
Potato,Ludhiana,2026-06-13,2486.05,0.72,mandi_simulated
Potato,Nagpur,2026-06-13,2560.64,0.72,mandi_simulated
Potato,Ahmedabad,2026-06-13,2461.19,0.72,mandi_simulated
Potato,Indore,2026-06-13,2510.91,0.72,mandi_simulated
Potato,Jaipur,2026-06-13,2461.19,0.72,mandi_simulated
Potato,Hyderabad,2026-06-13,2436.33,0.72,mandi_simulated
Potato,Bengaluru,2026-06-13,2411.47,0.72,mandi_simulated
Potato,Nashik,2026-06-14,2466.46,0.74,mandi_simulated
Potato,Pune,2026-06-14,2369.74,0.74,mandi_simulated
Potato,Karnal,2026-06-14,2418.1,0.74,mandi_simulated
Potato,Ludhiana,2026-06-14,2418.1,0.74,mandi_simulated
Potato,Nagpur,2026-06-14,2490.64,0.74,mandi_simulated
Potato,Ahmedabad,2026-06-14,2393.92,0.74,mandi_simulated
Potato,Indore,2026-06-14,2442.28,0.74,mandi_simulated
Potato,Jaipur,2026-06-14,2393.92,0.74,mandi_simulated
Potato,Hyderabad,2026-06-14,2369.74,0.74,mandi_simulated
Potato,Bengaluru,2026-06-14,2345.56,0.74,mandi_simulated
Potato,Nashik,2026-06-15,2496.92,0.77,mandi_simulated
Potato,Pune,2026-06-15,2399.0,0.77,mandi_simulated
Potato,Karnal,2026-06-15,2447.96,0.77,mandi_simulated
Potato,Ludhiana,2026-06-15,2447.96,0.77,mandi_simulated
Potato,Nagpur,2026-06-15,2521.4,0.77,mandi_simulated
Potato,Ahmedabad,2026-06-15,2423.48,0.77,mandi_simulated
Potato,Indore,2026-06-15,2472.44,0.77,mandi_simulated
Potato,Jaipur,2026-06-15,2423.48,0.77,mandi_simulated
Potato,Hyderabad,2026-06-15,2399.0,0.77,mandi_simulated
Potato,Bengaluru,2026-06-15,2374.52,0.77,mandi_simulated
Potato,Nashik,2026-06-16,2602.88,0.79,mandi_simulated
Potato,Pune,2026-06-16,2500.81,0.79,mandi_simulated
Potato,Karnal,2026-06-16,2551.84,0.79,mandi_simulated
Potato,Ludhiana,2026-06-16,2551.84,0.79,mandi_simulated
Potato,Nagpur,2026-06-16,2628.4,0.79,mandi_simulated
Potato,Ahmedabad,2026-06-16,2526.33,0.79,mandi_simulated
Potato,Indore,2026-06-16,2577.36,0.79,mandi_simulated
Potato,Jaipur,2026-06-16,2526.33,0.79,mandi_simulated
Potato,Hyderabad,2026-06-16,2500.81,0.79,mandi_simulated
Potato,Bengaluru,2026-06-16,2475.29,0.79,mandi_simulated
Potato,Nashik,2026-06-17,2616.39,0.81,mandi_simulated
Potato,Pune,2026-06-17,2513.78,0.81,mandi_simulated
Potato,Karnal,2026-06-17,2565.09,0.81,mandi_simulated
Potato,Ludhiana,2026-06-17,2565.09,0.81,mandi_simulated
Potato,Nagpur,2026-06-17,2642.04,0.81,mandi_simulated
Potato,Ahmedabad,2026-06-17,2539.43,0.81,mandi_simulated
Potato,Indore,2026-06-17,2590.74,0.81,mandi_simulated
Potato,Jaipur,2026-06-17,2539.43,0.81,mandi_simulated
Potato,Hyderabad,2026-06-17,2513.78,0.81,mandi_simulated
Potato,Bengaluru,2026-06-17,2488.13,0.81,mandi_simulated
Potato,Nashik,2026-06-18,2493.96,0.83,mandi_simulated
Potato,Pune,2026-06-18,2396.16,0.83,mandi_simulated
Potato,Karnal,2026-06-18,2445.06,0.83,mandi_simulated
Potato,Ludhiana,2026-06-18,2445.06,0.83,mandi_simulated
Potato,Nagpur,2026-06-18,2518.41,0.83,mandi_simulated
Potato,Ahmedabad,2026-06-18,2420.61,0.83,mandi_simulated
Potato,Indore,2026-06-18,2469.51,0.83,mandi_simulated
Potato,Jaipur,2026-06-18,2420.61,0.83,mandi_simulated
Potato,Hyderabad,2026-06-18,2396.16,0.83,mandi_simulated
Potato,Bengaluru,2026-06-18,2371.7,0.83,mandi_simulated
Potato,Nashik,2026-06-19,2574.37,0.85,mandi_simulated
Potato,Pune,2026-06-19,2473.41,0.85,mandi_simulated
Potato,Karnal,2026-06-19,2523.89,0.85,mandi_simulated
Potato,Ludhiana,2026-06-19,2523.89,0.85,mandi_simulated
Potato,Nagpur,2026-06-19,2599.6,0.85,mandi_simulated
Potato,Ahmedabad,2026-06-19,2498.65,0.85,mandi_simulated
Potato,Indore,2026-06-19,2549.13,0.85,mandi_simulated
Potato,Jaipur,2026-06-19,2498.65,0.85,mandi_simulated
Potato,Hyderabad,2026-06-19,2473.41,0.85,mandi_simulated
Potato,Bengaluru,2026-06-19,2448.17,0.85,mandi_simulated
Potato,Nashik,2026-06-20,2611.2,0.87,mandi_simulated
Potato,Pune,2026-06-20,2508.8,0.87,mandi_simulated
Potato,Karnal,2026-06-20,2560.0,0.87,mandi_simulated
Potato,Ludhiana,2026-06-20,2560.0,0.87,mandi_simulated
Potato,Nagpur,2026-06-20,2636.8,0.87,mandi_simulated
Potato,Ahmedabad,2026-06-20,2534.4,0.87,mandi_simulated
Potato,Indore,2026-06-20,2585.6,0.87,mandi_simulated
Potato,Jaipur,2026-06-20,2534.4,0.87,mandi_simulated
Potato,Hyderabad,2026-06-20,2508.8,0.87,mandi_simulated
Potato,Bengaluru,2026-06-20,2483.2,0.87,mandi_simulated
Potato,Nashik,2026-06-21,2592.77,0.89,mandi_simulated
Potato,Pune,2026-06-21,2491.09,0.89,mandi_simulated
Potato,Karnal,2026-06-21,2541.93,0.89,mandi_simulated
Potato,Ludhiana,2026-06-21,2541.93,0.89,mandi_simulated
Potato,Nagpur,2026-06-21,2618.19,0.89,mandi_simulated
Potato,Ahmedabad,2026-06-21,2516.51,0.89,mandi_simulated
Potato,Indore,2026-06-21,2567.35,0.89,mandi_simulated
Potato,Jaipur,2026-06-21,2516.51,0.89,mandi_simulated
Potato,Hyderabad,2026-06-21,2491.09,0.89,mandi_simulated
Potato,Bengaluru,2026-06-21,2465.67,0.89,mandi_simulated
Potato,Nashik,2026-06-22,2556.21,0.9,mandi_simulated
Potato,Pune,2026-06-22,2455.97,0.9,mandi_simulated
Potato,Karnal,2026-06-22,2506.09,0.9,mandi_simulated
Potato,Ludhiana,2026-06-22,2506.09,0.9,mandi_simulated
Potato,Nagpur,2026-06-22,2581.27,0.9,mandi_simulated
Potato,Ahmedabad,2026-06-22,2481.03,0.9,mandi_simulated
Potato,Indore,2026-06-22,2531.15,0.9,mandi_simulated
Potato,Jaipur,2026-06-22,2481.03,0.9,mandi_simulated
Potato,Hyderabad,2026-06-22,2455.97,0.9,mandi_simulated
Potato,Bengaluru,2026-06-22,2430.91,0.9,mandi_simulated
Potato,Nashik,2026-06-23,2607.26,0.91,mandi_simulated
Potato,Pune,2026-06-23,2505.01,0.91,mandi_simulated
Potato,Karnal,2026-06-23,2556.13,0.91,mandi_simulated
Potato,Ludhiana,2026-06-23,2556.13,0.91,mandi_simulated
Potato,Nagpur,2026-06-23,2632.82,0.91,mandi_simulated
Potato,Ahmedabad,2026-06-23,2530.57,0.91,mandi_simulated
Potato,Indore,2026-06-23,2581.69,0.91,mandi_simulated
Potato,Jaipur,2026-06-23,2530.57,0.91,mandi_simulated
Potato,Hyderabad,2026-06-23,2505.01,0.91,mandi_simulated
Potato,Bengaluru,2026-06-23,2479.45,0.91,mandi_simulated
Potato,Nashik,2026-06-24,2714.74,0.93,mandi_simulated
Potato,Pune,2026-06-24,2608.28,0.93,mandi_simulated
Potato,Karnal,2026-06-24,2661.51,0.93,mandi_simulated
Potato,Ludhiana,2026-06-24,2661.51,0.93,mandi_simulated
Potato,Nagpur,2026-06-24,2741.36,0.93,mandi_simulated
Potato,Ahmedabad,2026-06-24,2634.9,0.93,mandi_simulated
Potato,Indore,2026-06-24,2688.13,0.93,mandi_simulated
Potato,Jaipur,2026-06-24,2634.9,0.93,mandi_simulated
Potato,Hyderabad,2026-06-24,2608.28,0.93,mandi_simulated
Potato,Bengaluru,2026-06-24,2581.67,0.93,mandi_simulated
Potato,Nashik,2026-06-25,2651.97,0.93,mandi_simulated
Potato,Pune,2026-06-25,2547.97,0.93,mandi_simulated
Potato,Karnal,2026-06-25,2599.97,0.93,mandi_simulated
Potato,Ludhiana,2026-06-25,2599.97,0.93,mandi_simulated
Potato,Nagpur,2026-06-25,2677.97,0.93,mandi_simulated
Potato,Ahmedabad,2026-06-25,2573.97,0.93,mandi_simulated
Potato,Indore,2026-06-25,2625.97,0.93,mandi_simulated
Potato,Jaipur,2026-06-25,2573.97,0.93,mandi_simulated
Potato,Hyderabad,2026-06-25,2547.97,0.93,mandi_simulated
Potato,Bengaluru,2026-06-25,2521.98,0.93,mandi_simulated
Potato,Nashik,2026-06-26,2679.29,0.94,mandi_simulated
Potato,Pune,2026-06-26,2574.22,0.94,mandi_simulated
Potato,Karnal,2026-06-26,2626.75,0.94,mandi_simulated
Potato,Ludhiana,2026-06-26,2626.75,0.94,mandi_simulated
Potato,Nagpur,2026-06-26,2705.55,0.94,mandi_simulated
Potato,Ahmedabad,2026-06-26,2600.48,0.94,mandi_simulated
Potato,Indore,2026-06-26,2653.02,0.94,mandi_simulated
Potato,Jaipur,2026-06-26,2600.48,0.94,mandi_simulated
Potato,Hyderabad,2026-06-26,2574.22,0.94,mandi_simulated
Potato,Bengaluru,2026-06-26,2547.95,0.94,mandi_simulated
Potato,Nashik,2026-06-27,2716.23,0.95,mandi_simulated
Potato,Pune,2026-06-27,2609.71,0.95,mandi_simulated
Potato,Karnal,2026-06-27,2662.97,0.95,mandi_simulated
Potato,Ludhiana,2026-06-27,2662.97,0.95,mandi_simulated
Potato,Nagpur,2026-06-27,2742.86,0.95,mandi_simulated
Potato,Ahmedabad,2026-06-27,2636.34,0.95,mandi_simulated
Potato,Indore,2026-06-27,2689.6,0.95,mandi_simulated
Potato,Jaipur,2026-06-27,2636.34,0.95,mandi_simulated
Potato,Hyderabad,2026-06-27,2609.71,0.95,mandi_simulated
Potato,Bengaluru,2026-06-27,2583.08,0.95,mandi_simulated
Potato,Nashik,2026-06-28,2698.92,0.95,mandi_simulated
Potato,Pune,2026-06-28,2593.08,0.95,mandi_simulated
Potato,Karnal,2026-06-28,2646.0,0.95,mandi_simulated
Potato,Ludhiana,2026-06-28,2646.0,0.95,mandi_simulated
Potato,Nagpur,2026-06-28,2725.38,0.95,mandi_simulated
Potato,Ahmedabad,2026-06-28,2619.54,0.95,mandi_simulated
Potato,Indore,2026-06-28,2672.46,0.95,mandi_simulated
Potato,Jaipur,2026-06-28,2619.54,0.95,mandi_simulated
Potato,Hyderabad,2026-06-28,2593.08,0.95,mandi_simulated
Potato,Bengaluru,2026-06-28,2566.62,0.95,mandi_simulated
Potato,Nashik,2026-06-29,2618.42,0.95,mandi_simulated
Potato,Pune,2026-06-29,2515.74,0.95,mandi_simulated
Potato,Karnal,2026-06-29,2567.08,0.95,mandi_simulated
Potato,Ludhiana,2026-06-29,2567.08,0.95,mandi_simulated
Potato,Nagpur,2026-06-29,2644.09,0.95,mandi_simulated
Potato,Ahmedabad,2026-06-29,2541.41,0.95,mandi_simulated
Potato,Indore,2026-06-29,2592.75,0.95,mandi_simulated
Potato,Jaipur,2026-06-29,2541.41,0.95,mandi_simulated
Potato,Hyderabad,2026-06-29,2515.74,0.95,mandi_simulated
Potato,Bengaluru,2026-06-29,2490.07,0.95,mandi_simulated
Potato,Nashik,2026-06-30,2539.22,0.95,mandi_simulated
Potato,Pune,2026-06-30,2439.64,0.95,mandi_simulated
Potato,Karnal,2026-06-30,2489.43,0.95,mandi_simulated
Potato,Ludhiana,2026-06-30,2489.43,0.95,mandi_simulated
Potato,Nagpur,2026-06-30,2564.11,0.95,mandi_simulated
Potato,Ahmedabad,2026-06-30,2464.54,0.95,mandi_simulated
Potato,Indore,2026-06-30,2514.32,0.95,mandi_simulated
Potato,Jaipur,2026-06-30,2464.54,0.95,mandi_simulated
Potato,Hyderabad,2026-06-30,2439.64,0.95,mandi_simulated
Potato,Bengaluru,2026-06-30,2414.75,0.95,mandi_simulated
Potato,Nashik,2026-07-01,2611.43,0.95,mandi_simulated
Potato,Pune,2026-07-01,2509.02,0.95,mandi_simulated
Potato,Karnal,2026-07-01,2560.22,0.95,mandi_simulated
Potato,Ludhiana,2026-07-01,2560.22,0.95,mandi_simulated
Potato,Nagpur,2026-07-01,2637.03,0.95,mandi_simulated
Potato,Ahmedabad,2026-07-01,2534.62,0.95,mandi_simulated
Potato,Indore,2026-07-01,2585.82,0.95,mandi_simulated
Potato,Jaipur,2026-07-01,2534.62,0.95,mandi_simulated
Potato,Hyderabad,2026-07-01,2509.02,0.95,mandi_simulated
Potato,Bengaluru,2026-07-01,2483.41,0.95,mandi_simulated
Potato,Nashik,2026-07-02,2694.42,0.94,mandi_simulated
Potato,Pune,2026-07-02,2588.75,0.94,mandi_simulated
Potato,Karnal,2026-07-02,2641.58,0.94,mandi_simulated
Potato,Ludhiana,2026-07-02,2641.58,0.94,mandi_simulated
Potato,Nagpur,2026-07-02,2720.83,0.94,mandi_simulated
Potato,Ahmedabad,2026-07-02,2615.17,0.94,mandi_simulated
Potato,Indore,2026-07-02,2668.0,0.94,mandi_simulated
Potato,Jaipur,2026-07-02,2615.17,0.94,mandi_simulated
Potato,Hyderabad,2026-07-02,2588.75,0.94,mandi_simulated
Potato,Bengaluru,2026-07-02,2562.34,0.94,mandi_simulated
Potato,Nashik,2026-07-03,2712.62,0.93,mandi_simulated
Potato,Pune,2026-07-03,2606.24,0.93,mandi_simulated
Potato,Karnal,2026-07-03,2659.43,0.93,mandi_simulated
Potato,Ludhiana,2026-07-03,2659.43,0.93,mandi_simulated
Potato,Nagpur,2026-07-03,2739.21,0.93,mandi_simulated
Potato,Ahmedabad,2026-07-03,2632.83,0.93,mandi_simulated
Potato,Indore,2026-07-03,2686.02,0.93,mandi_simulated
Potato,Jaipur,2026-07-03,2632.83,0.93,mandi_simulated
Potato,Hyderabad,2026-07-03,2606.24,0.93,mandi_simulated
Potato,Bengaluru,2026-07-03,2579.64,0.93,mandi_simulated
Potato,Nashik,2026-07-04,2729.81,0.92,mandi_simulated
Potato,Pune,2026-07-04,2622.76,0.92,mandi_simulated
Potato,Karnal,2026-07-04,2676.29,0.92,mandi_simulated
Potato,Ludhiana,2026-07-04,2676.29,0.92,mandi_simulated
Potato,Nagpur,2026-07-04,2756.57,0.92,mandi_simulated
Potato,Ahmedabad,2026-07-04,2649.52,0.92,mandi_simulated
Potato,Indore,2026-07-04,2703.05,0.92,mandi_simulated
Potato,Jaipur,2026-07-04,2649.52,0.92,mandi_simulated
Potato,Hyderabad,2026-07-04,2622.76,0.92,mandi_simulated
Potato,Bengaluru,2026-07-04,2596.0,0.92,mandi_simulated
Potato,Nashik,2026-07-05,2612.54,0.91,mandi_simulated
Potato,Pune,2026-07-05,2510.09,0.91,mandi_simulated
Potato,Karnal,2026-07-05,2561.32,0.91,mandi_simulated
Potato,Ludhiana,2026-07-05,2561.32,0.91,mandi_simulated
Potato,Nagpur,2026-07-05,2638.16,0.91,mandi_simulated
Potato,Ahmedabad,2026-07-05,2535.7,0.91,mandi_simulated
Potato,Indore,2026-07-05,2586.93,0.91,mandi_simulated
Potato,Jaipur,2026-07-05,2535.7,0.91,mandi_simulated
Potato,Hyderabad,2026-07-05,2510.09,0.91,mandi_simulated
Potato,Bengaluru,2026-07-05,2484.48,0.91,mandi_simulated
Potato,Nashik,2026-07-06,2675.98,0.9,mandi_simulated
Potato,Pune,2026-07-06,2571.04,0.9,mandi_simulated
Potato,Karnal,2026-07-06,2623.51,0.9,mandi_simulated
Potato,Ludhiana,2026-07-06,2623.51,0.9,mandi_simulated
Potato,Nagpur,2026-07-06,2702.21,0.9,mandi_simulated
Potato,Ahmedabad,2026-07-06,2597.27,0.9,mandi_simulated
Potato,Indore,2026-07-06,2649.74,0.9,mandi_simulated
Potato,Jaipur,2026-07-06,2597.27,0.9,mandi_simulated
Potato,Hyderabad,2026-07-06,2571.04,0.9,mandi_simulated
Potato,Bengaluru,2026-07-06,2544.8,0.9,mandi_simulated
Potato,Nashik,2026-07-07,2627.26,0.89,mandi_simulated
Potato,Pune,2026-07-07,2524.23,0.89,mandi_simulated
Potato,Karnal,2026-07-07,2575.75,0.89,mandi_simulated
Potato,Ludhiana,2026-07-07,2575.75,0.89,mandi_simulated
Potato,Nagpur,2026-07-07,2653.02,0.89,mandi_simulated
Potato,Ahmedabad,2026-07-07,2549.99,0.89,mandi_simulated
Potato,Indore,2026-07-07,2601.51,0.89,mandi_simulated
Potato,Jaipur,2026-07-07,2549.99,0.89,mandi_simulated
Potato,Hyderabad,2026-07-07,2524.23,0.89,mandi_simulated
Potato,Bengaluru,2026-07-07,2498.48,0.89,mandi_simulated
Potato,Nashik,2026-07-08,2631.92,0.87,mandi_simulated
Potato,Pune,2026-07-08,2528.71,0.87,mandi_simulated
Potato,Karnal,2026-07-08,2580.31,0.87,mandi_simulated
Potato,Ludhiana,2026-07-08,2580.31,0.87,mandi_simulated
Potato,Nagpur,2026-07-08,2657.72,0.87,mandi_simulated
Potato,Ahmedabad,2026-07-08,2554.51,0.87,mandi_simulated
Potato,Indore,2026-07-08,2606.12,0.87,mandi_simulated
Potato,Jaipur,2026-07-08,2554.51,0.87,mandi_simulated
Potato,Hyderabad,2026-07-08,2528.71,0.87,mandi_simulated
Potato,Bengaluru,2026-07-08,2502.91,0.87,mandi_simulated
Potato,Nashik,2026-07-09,2544.14,0.85,mandi_simulated
Potato,Pune,2026-07-09,2444.37,0.85,mandi_simulated
Potato,Karnal,2026-07-09,2494.26,0.85,mandi_simulated
Potato,Ludhiana,2026-07-09,2494.26,0.85,mandi_simulated
Potato,Nagpur,2026-07-09,2569.09,0.85,mandi_simulated
Potato,Ahmedabad,2026-07-09,2469.32,0.85,mandi_simulated
Potato,Indore,2026-07-09,2519.2,0.85,mandi_simulated
Potato,Jaipur,2026-07-09,2469.32,0.85,mandi_simulated
Potato,Hyderabad,2026-07-09,2444.37,0.85,mandi_simulated
Potato,Bengaluru,2026-07-09,2419.43,0.85,mandi_simulated
Potato,Nashik,2026-07-10,2535.32,0.83,mandi_simulated
Potato,Pune,2026-07-10,2435.9,0.83,mandi_simulated
Potato,Karnal,2026-07-10,2485.61,0.83,mandi_simulated
Potato,Ludhiana,2026-07-10,2485.61,0.83,mandi_simulated
Potato,Nagpur,2026-07-10,2560.18,0.83,mandi_simulated
Potato,Ahmedabad,2026-07-10,2460.75,0.83,mandi_simulated
Potato,Indore,2026-07-10,2510.47,0.83,mandi_simulated
Potato,Jaipur,2026-07-10,2460.75,0.83,mandi_simulated
Potato,Hyderabad,2026-07-10,2435.9,0.83,mandi_simulated
Potato,Bengaluru,2026-07-10,2411.04,0.83,mandi_simulated
Potato,Nashik,2026-07-11,2570.78,0.81,mandi_simulated
Potato,Pune,2026-07-11,2469.96,0.81,mandi_simulated
Potato,Karnal,2026-07-11,2520.37,0.81,mandi_simulated
Potato,Ludhiana,2026-07-11,2520.37,0.81,mandi_simulated
Potato,Nagpur,2026-07-11,2595.98,0.81,mandi_simulated
Potato,Ahmedabad,2026-07-11,2495.17,0.81,mandi_simulated
Potato,Indore,2026-07-11,2545.57,0.81,mandi_simulated
Potato,Jaipur,2026-07-11,2495.17,0.81,mandi_simulated
Potato,Hyderabad,2026-07-11,2469.96,0.81,mandi_simulated
Potato,Bengaluru,2026-07-11,2444.76,0.81,mandi_simulated
Potato,Nashik,2026-07-12,2476.9,0.79,mandi_simulated
Potato,Pune,2026-07-12,2379.77,0.79,mandi_simulated
Potato,Karnal,2026-07-12,2428.34,0.79,mandi_simulated
Potato,Ludhiana,2026-07-12,2428.34,0.79,mandi_simulated
Potato,Nagpur,2026-07-12,2501.19,0.79,mandi_simulated
Potato,Ahmedabad,2026-07-12,2404.05,0.79,mandi_simulated
Potato,Indore,2026-07-12,2452.62,0.79,mandi_simulated
Potato,Jaipur,2026-07-12,2404.05,0.79,mandi_simulated
Potato,Hyderabad,2026-07-12,2379.77,0.79,mandi_simulated
Potato,Bengaluru,2026-07-12,2355.49,0.79,mandi_simulated
Potato,Nashik,2026-07-13,2529.51,0.76,mandi_simulated
Potato,Pune,2026-07-13,2430.31,0.76,mandi_simulated
Potato,Karnal,2026-07-13,2479.91,0.76,mandi_simulated
Potato,Ludhiana,2026-07-13,2479.91,0.76,mandi_simulated
Potato,Nagpur,2026-07-13,2554.31,0.76,mandi_simulated
Potato,Ahmedabad,2026-07-13,2455.11,0.76,mandi_simulated
Potato,Indore,2026-07-13,2504.71,0.76,mandi_simulated
Potato,Jaipur,2026-07-13,2455.11,0.76,mandi_simulated
Potato,Hyderabad,2026-07-13,2430.31,0.76,mandi_simulated
Potato,Bengaluru,2026-07-13,2405.51,0.76,mandi_simulated
Potato,Nashik,2026-07-14,2588.35,0.74,mandi_simulated
Potato,Pune,2026-07-14,2486.85,0.74,mandi_simulated
Potato,Karnal,2026-07-14,2537.6,0.74,mandi_simulated
Potato,Ludhiana,2026-07-14,2537.6,0.74,mandi_simulated
Potato,Nagpur,2026-07-14,2613.73,0.74,mandi_simulated
Potato,Ahmedabad,2026-07-14,2512.22,0.74,mandi_simulated
Potato,Indore,2026-07-14,2562.97,0.74,mandi_simulated
Potato,Jaipur,2026-07-14,2512.22,0.74,mandi_simulated
Potato,Hyderabad,2026-07-14,2486.85,0.74,mandi_simulated
Potato,Bengaluru,2026-07-14,2461.47,0.74,mandi_simulated
Potato,Nashik,2026-07-15,2520.5,0.71,mandi_simulated
Potato,Pune,2026-07-15,2421.66,0.71,mandi_simulated
Potato,Karnal,2026-07-15,2471.08,0.71,mandi_simulated
Potato,Ludhiana,2026-07-15,2471.08,0.71,mandi_simulated
Potato,Nagpur,2026-07-15,2545.21,0.71,mandi_simulated
Potato,Ahmedabad,2026-07-15,2446.37,0.71,mandi_simulated
Potato,Indore,2026-07-15,2495.79,0.71,mandi_simulated
Potato,Jaipur,2026-07-15,2446.37,0.71,mandi_simulated
Potato,Hyderabad,2026-07-15,2421.66,0.71,mandi_simulated
Potato,Bengaluru,2026-07-15,2396.95,0.71,mandi_simulated
Potato,Nashik,2026-07-16,2459.92,0.69,mandi_simulated
Potato,Pune,2026-07-16,2363.46,0.69,mandi_simulated
Potato,Karnal,2026-07-16,2411.69,0.69,mandi_simulated
Potato,Ludhiana,2026-07-16,2411.69,0.69,mandi_simulated
Potato,Nagpur,2026-07-16,2484.04,0.69,mandi_simulated
Potato,Ahmedabad,2026-07-16,2387.57,0.69,mandi_simulated
Potato,Indore,2026-07-16,2435.81,0.69,mandi_simulated
Potato,Jaipur,2026-07-16,2387.57,0.69,mandi_simulated
Potato,Hyderabad,2026-07-16,2363.46,0.69,mandi_simulated
Potato,Bengaluru,2026-07-16,2339.34,0.69,mandi_simulated
Potato,Nashik,2026-07-17,2508.42,0.66,mandi_simulated
Potato,Pune,2026-07-17,2410.05,0.66,mandi_simulated
Potato,Karnal,2026-07-17,2459.24,0.66,mandi_simulated
Potato,Ludhiana,2026-07-17,2459.24,0.66,mandi_simulated
Potato,Nagpur,2026-07-17,2533.01,0.66,mandi_simulated
Potato,Ahmedabad,2026-07-17,2434.64,0.66,mandi_simulated
Potato,Indore,2026-07-17,2483.83,0.66,mandi_simulated
Potato,Jaipur,2026-07-17,2434.64,0.66,mandi_simulated
Potato,Hyderabad,2026-07-17,2410.05,0.66,mandi_simulated
Potato,Bengaluru,2026-07-17,2385.46,0.66,mandi_simulated
Potato,Nashik,2026-07-18,2427.45,0.63,mandi_simulated
Potato,Pune,2026-07-18,2332.25,0.63,mandi_simulated
Potato,Karnal,2026-07-18,2379.85,0.63,mandi_simulated
Potato,Ludhiana,2026-07-18,2379.85,0.63,mandi_simulated
Potato,Nagpur,2026-07-18,2451.25,0.63,mandi_simulated
Potato,Ahmedabad,2026-07-18,2356.05,0.63,mandi_simulated
Potato,Indore,2026-07-18,2403.65,0.63,mandi_simulated
Potato,Jaipur,2026-07-18,2356.05,0.63,mandi_simulated
Potato,Hyderabad,2026-07-18,2332.25,0.63,mandi_simulated
Potato,Bengaluru,2026-07-18,2308.45,0.63,mandi_simulated
Potato,Nashik,2026-07-19,2513.06,0.6,mandi_simulated
Potato,Pune,2026-07-19,2414.51,0.6,mandi_simulated
Potato,Karnal,2026-07-19,2463.78,0.6,mandi_simulated
Potato,Ludhiana,2026-07-19,2463.78,0.6,mandi_simulated
Potato,Nagpur,2026-07-19,2537.7,0.6,mandi_simulated
Potato,Ahmedabad,2026-07-19,2439.14,0.6,mandi_simulated
Potato,Indore,2026-07-19,2488.42,0.6,mandi_simulated
Potato,Jaipur,2026-07-19,2439.14,0.6,mandi_simulated
Potato,Hyderabad,2026-07-19,2414.51,0.6,mandi_simulated
Potato,Bengaluru,2026-07-19,2389.87,0.6,mandi_simulated
Potato,Nashik,2026-07-20,2381.59,0.58,mandi_simulated
Potato,Pune,2026-07-20,2288.19,0.58,mandi_simulated
Potato,Karnal,2026-07-20,2334.89,0.58,mandi_simulated
Potato,Ludhiana,2026-07-20,2334.89,0.58,mandi_simulated
Potato,Nagpur,2026-07-20,2404.93,0.58,mandi_simulated
Potato,Ahmedabad,2026-07-20,2311.54,0.58,mandi_simulated
Potato,Indore,2026-07-20,2358.24,0.58,mandi_simulated
Potato,Jaipur,2026-07-20,2311.54,0.58,mandi_simulated
Potato,Hyderabad,2026-07-20,2288.19,0.58,mandi_simulated
Potato,Bengaluru,2026-07-20,2264.84,0.58,mandi_simulated
Potato,Nashik,2026-07-21,2440.79,0.55,mandi_simulated
Potato,Pune,2026-07-21,2345.07,0.55,mandi_simulated
Potato,Karnal,2026-07-21,2392.93,0.55,mandi_simulated
Potato,Ludhiana,2026-07-21,2392.93,0.55,mandi_simulated
Potato,Nagpur,2026-07-21,2464.72,0.55,mandi_simulated
Potato,Ahmedabad,2026-07-21,2369.0,0.55,mandi_simulated
Potato,Indore,2026-07-21,2416.86,0.55,mandi_simulated
Potato,Jaipur,2026-07-21,2369.0,0.55,mandi_simulated
Potato,Hyderabad,2026-07-21,2345.07,0.55,mandi_simulated
Potato,Bengaluru,2026-07-21,2321.14,0.55,mandi_simulated
Potato,Nashik,2026-07-22,2460.61,0.58,mandi_simulated
Potato,Pune,2026-07-22,2364.12,0.58,mandi_simulated
Potato,Karnal,2026-07-22,2412.36,0.58,mandi_simulated
Potato,Ludhiana,2026-07-22,2412.36,0.58,mandi_simulated
Potato,Nagpur,2026-07-22,2484.73,0.58,mandi_simulated
Potato,Ahmedabad,2026-07-22,2388.24,0.58,mandi_simulated
Potato,Indore,2026-07-22,2436.49,0.58,mandi_simulated
Potato,Jaipur,2026-07-22,2388.24,0.58,mandi_simulated
Potato,Hyderabad,2026-07-22,2364.12,0.58,mandi_simulated
Potato,Bengaluru,2026-07-22,2339.99,0.58,mandi_simulated
Potato,Nashik,2026-07-23,2342.24,0.61,mandi_simulated
Potato,Pune,2026-07-23,2250.39,0.61,mandi_simulated
Potato,Karnal,2026-07-23,2296.32,0.61,mandi_simulated
Potato,Ludhiana,2026-07-23,2296.32,0.61,mandi_simulated
Potato,Nagpur,2026-07-23,2365.21,0.61,mandi_simulated
Potato,Ahmedabad,2026-07-23,2273.35,0.61,mandi_simulated
Potato,Indore,2026-07-23,2319.28,0.61,mandi_simulated
Potato,Jaipur,2026-07-23,2273.35,0.61,mandi_simulated
Potato,Hyderabad,2026-07-23,2250.39,0.61,mandi_simulated
Potato,Bengaluru,2026-07-23,2227.43,0.61,mandi_simulated
Potato,Nashik,2026-07-24,2448.39,0.64,mandi_simulated
Potato,Pune,2026-07-24,2352.37,0.64,mandi_simulated
Potato,Karnal,2026-07-24,2400.38,0.64,mandi_simulated
Potato,Ludhiana,2026-07-24,2400.38,0.64,mandi_simulated
Potato,Nagpur,2026-07-24,2472.39,0.64,mandi_simulated
Potato,Ahmedabad,2026-07-24,2376.38,0.64,mandi_simulated
Potato,Indore,2026-07-24,2424.39,0.64,mandi_simulated
Potato,Jaipur,2026-07-24,2376.38,0.64,mandi_simulated
Potato,Hyderabad,2026-07-24,2352.37,0.64,mandi_simulated
Potato,Bengaluru,2026-07-24,2328.37,0.64,mandi_simulated
Potato,Nashik,2026-07-25,2337.12,0.66,mandi_simulated
Potato,Pune,2026-07-25,2245.47,0.66,mandi_simulated
Potato,Karnal,2026-07-25,2291.3,0.66,mandi_simulated
Potato,Ludhiana,2026-07-25,2291.3,0.66,mandi_simulated
Potato,Nagpur,2026-07-25,2360.04,0.66,mandi_simulated
Potato,Ahmedabad,2026-07-25,2268.39,0.66,mandi_simulated
Potato,Indore,2026-07-25,2314.21,0.66,mandi_simulated
Potato,Jaipur,2026-07-25,2268.39,0.66,mandi_simulated
Potato,Hyderabad,2026-07-25,2245.47,0.66,mandi_simulated
Potato,Bengaluru,2026-07-25,2222.56,0.66,mandi_simulated
Potato,Nashik,2026-07-26,2386.68,0.69,mandi_simulated
Potato,Pune,2026-07-26,2293.09,0.69,mandi_simulated
Potato,Karnal,2026-07-26,2339.89,0.69,mandi_simulated
Potato,Ludhiana,2026-07-26,2339.89,0.69,mandi_simulated
Potato,Nagpur,2026-07-26,2410.08,0.69,mandi_simulated
Potato,Ahmedabad,2026-07-26,2316.49,0.69,mandi_simulated
Potato,Indore,2026-07-26,2363.28,0.69,mandi_simulated
Potato,Jaipur,2026-07-26,2316.49,0.69,mandi_simulated
Potato,Hyderabad,2026-07-26,2293.09,0.69,mandi_simulated
Potato,Bengaluru,2026-07-26,2269.69,0.69,mandi_simulated
Potato,Nashik,2026-07-27,2295.36,0.72,mandi_simulated
Potato,Pune,2026-07-27,2205.34,0.72,mandi_simulated
Potato,Karnal,2026-07-27,2250.35,0.72,mandi_simulated
Potato,Ludhiana,2026-07-27,2250.35,0.72,mandi_simulated
Potato,Nagpur,2026-07-27,2317.86,0.72,mandi_simulated
Potato,Ahmedabad,2026-07-27,2227.85,0.72,mandi_simulated
Potato,Indore,2026-07-27,2272.85,0.72,mandi_simulated
Potato,Jaipur,2026-07-27,2227.85,0.72,mandi_simulated
Potato,Hyderabad,2026-07-27,2205.34,0.72,mandi_simulated
Potato,Bengaluru,2026-07-27,2182.84,0.72,mandi_simulated
Potato,Nashik,2026-07-28,2345.44,0.74,mandi_simulated
Potato,Pune,2026-07-28,2253.46,0.74,mandi_simulated
Potato,Karnal,2026-07-28,2299.45,0.74,mandi_simulated
Potato,Ludhiana,2026-07-28,2299.45,0.74,mandi_simulated
Potato,Nagpur,2026-07-28,2368.43,0.74,mandi_simulated
Potato,Ahmedabad,2026-07-28,2276.46,0.74,mandi_simulated
Potato,Indore,2026-07-28,2322.44,0.74,mandi_simulated
Potato,Jaipur,2026-07-28,2276.46,0.74,mandi_simulated
Potato,Hyderabad,2026-07-28,2253.46,0.74,mandi_simulated
Potato,Bengaluru,2026-07-28,2230.47,0.74,mandi_simulated
Potato,Nashik,2026-07-29,2301.71,0.77,mandi_simulated
Potato,Pune,2026-07-29,2211.45,0.77,mandi_simulated
Potato,Karnal,2026-07-29,2256.58,0.77,mandi_simulated
Potato,Ludhiana,2026-07-29,2256.58,0.77,mandi_simulated
Potato,Nagpur,2026-07-29,2324.28,0.77,mandi_simulated
Potato,Ahmedabad,2026-07-29,2234.01,0.77,mandi_simulated
Potato,Indore,2026-07-29,2279.15,0.77,mandi_simulated
Potato,Jaipur,2026-07-29,2234.01,0.77,mandi_simulated
Potato,Hyderabad,2026-07-29,2211.45,0.77,mandi_simulated
Potato,Bengaluru,2026-07-29,2188.88,0.77,mandi_simulated
Potato,Nashik,2026-07-30,2311.75,0.79,mandi_simulated
Potato,Pune,2026-07-30,2221.09,0.79,mandi_simulated
Potato,Karnal,2026-07-30,2266.42,0.79,mandi_simulated
Potato,Ludhiana,2026-07-30,2266.42,0.79,mandi_simulated
Potato,Nagpur,2026-07-30,2334.41,0.79,mandi_simulated
Potato,Ahmedabad,2026-07-30,2243.76,0.79,mandi_simulated
Potato,Indore,2026-07-30,2289.08,0.79,mandi_simulated
Potato,Jaipur,2026-07-30,2243.76,0.79,mandi_simulated
Potato,Hyderabad,2026-07-30,2221.09,0.79,mandi_simulated
Potato,Bengaluru,2026-07-30,2198.43,0.79,mandi_simulated
Potato,Nashik,2026-07-31,2381.64,0.81,mandi_simulated
Potato,Pune,2026-07-31,2288.24,0.81,mandi_simulated
Potato,Karnal,2026-07-31,2334.94,0.81,mandi_simulated
Potato,Ludhiana,2026-07-31,2334.94,0.81,mandi_simulated
Potato,Nagpur,2026-07-31,2404.99,0.81,mandi_simulated
Potato,Ahmedabad,2026-07-31,2311.59,0.81,mandi_simulated
Potato,Indore,2026-07-31,2358.29,0.81,mandi_simulated
Potato,Jaipur,2026-07-31,2311.59,0.81,mandi_simulated
Potato,Hyderabad,2026-07-31,2288.24,0.81,mandi_simulated
Potato,Bengaluru,2026-07-31,2264.89,0.81,mandi_simulated
Potato,Nashik,2026-08-01,2299.66,0.83,mandi_simulated
Potato,Pune,2026-08-01,2209.48,0.83,mandi_simulated
Potato,Karnal,2026-08-01,2254.57,0.83,mandi_simulated
Potato,Ludhiana,2026-08-01,2254.57,0.83,mandi_simulated
Potato,Nagpur,2026-08-01,2322.21,0.83,mandi_simulated
Potato,Ahmedabad,2026-08-01,2232.02,0.83,mandi_simulated
Potato,Indore,2026-08-01,2277.12,0.83,mandi_simulated
Potato,Jaipur,2026-08-01,2232.02,0.83,mandi_simulated
Potato,Hyderabad,2026-08-01,2209.48,0.83,mandi_simulated
Potato,Bengaluru,2026-08-01,2186.93,0.83,mandi_simulated
Potato,Nashik,2026-08-02,2358.57,0.85,mandi_simulated
Potato,Pune,2026-08-02,2266.08,0.85,mandi_simulated
Potato,Karnal,2026-08-02,2312.32,0.85,mandi_simulated
Potato,Ludhiana,2026-08-02,2312.32,0.85,mandi_simulated
Potato,Nagpur,2026-08-02,2381.69,0.85,mandi_simulated
Potato,Ahmedabad,2026-08-02,2289.2,0.85,mandi_simulated
Potato,Indore,2026-08-02,2335.45,0.85,mandi_simulated
Potato,Jaipur,2026-08-02,2289.2,0.85,mandi_simulated
Potato,Hyderabad,2026-08-02,2266.08,0.85,mandi_simulated
Potato,Bengaluru,2026-08-02,2242.95,0.85,mandi_simulated
Potato,Nashik,2026-08-03,2363.6,0.87,mandi_simulated
Potato,Pune,2026-08-03,2270.91,0.87,mandi_simulated
Potato,Karnal,2026-08-03,2317.26,0.87,mandi_simulated
Potato,Ludhiana,2026-08-03,2317.26,0.87,mandi_simulated
Potato,Nagpur,2026-08-03,2386.77,0.87,mandi_simulated
Potato,Ahmedabad,2026-08-03,2294.08,0.87,mandi_simulated
Potato,Indore,2026-08-03,2340.43,0.87,mandi_simulated
Potato,Jaipur,2026-08-03,2294.08,0.87,mandi_simulated
Potato,Hyderabad,2026-08-03,2270.91,0.87,mandi_simulated
Potato,Bengaluru,2026-08-03,2247.74,0.87,mandi_simulated
Potato,Nashik,2026-08-04,2248.22,0.89,mandi_simulated
Potato,Pune,2026-08-04,2160.05,0.89,mandi_simulated
Potato,Karnal,2026-08-04,2204.14,0.89,mandi_simulated
Potato,Ludhiana,2026-08-04,2204.14,0.89,mandi_simulated
Potato,Nagpur,2026-08-04,2270.26,0.89,mandi_simulated
Potato,Ahmedabad,2026-08-04,2182.1,0.89,mandi_simulated
Potato,Indore,2026-08-04,2226.18,0.89,mandi_simulated
Potato,Jaipur,2026-08-04,2182.1,0.89,mandi_simulated
Potato,Hyderabad,2026-08-04,2160.05,0.89,mandi_simulated
Potato,Bengaluru,2026-08-04,2138.01,0.89,mandi_simulated
Potato,Nashik,2026-08-05,2209.19,0.9,mandi_simulated
Potato,Pune,2026-08-05,2122.56,0.9,mandi_simulated
Potato,Karnal,2026-08-05,2165.87,0.9,mandi_simulated
Potato,Ludhiana,2026-08-05,2165.87,0.9,mandi_simulated
Potato,Nagpur,2026-08-05,2230.85,0.9,mandi_simulated
Potato,Ahmedabad,2026-08-05,2144.22,0.9,mandi_simulated
Potato,Indore,2026-08-05,2187.53,0.9,mandi_simulated
Potato,Jaipur,2026-08-05,2144.22,0.9,mandi_simulated
Potato,Hyderabad,2026-08-05,2122.56,0.9,mandi_simulated
Potato,Bengaluru,2026-08-05,2100.9,0.9,mandi_simulated
Potato,Nashik,2026-08-06,2190.79,0.91,mandi_simulated
Potato,Pune,2026-08-06,2104.88,0.91,mandi_simulated
Potato,Karnal,2026-08-06,2147.84,0.91,mandi_simulated
Potato,Ludhiana,2026-08-06,2147.84,0.91,mandi_simulated
Potato,Nagpur,2026-08-06,2212.27,0.91,mandi_simulated
Potato,Ahmedabad,2026-08-06,2126.36,0.91,mandi_simulated
Potato,Indore,2026-08-06,2169.32,0.91,mandi_simulated
Potato,Jaipur,2026-08-06,2126.36,0.91,mandi_simulated
Potato,Hyderabad,2026-08-06,2104.88,0.91,mandi_simulated
Potato,Bengaluru,2026-08-06,2083.4,0.91,mandi_simulated
Potato,Nashik,2026-08-07,2279.14,0.93,mandi_simulated
Potato,Pune,2026-08-07,2189.77,0.93,mandi_simulated
Potato,Karnal,2026-08-07,2234.46,0.93,mandi_simulated
Potato,Ludhiana,2026-08-07,2234.46,0.93,mandi_simulated
Potato,Nagpur,2026-08-07,2301.49,0.93,mandi_simulated
Potato,Ahmedabad,2026-08-07,2212.11,0.93,mandi_simulated
Potato,Indore,2026-08-07,2256.8,0.93,mandi_simulated
Potato,Jaipur,2026-08-07,2212.11,0.93,mandi_simulated
Potato,Hyderabad,2026-08-07,2189.77,0.93,mandi_simulated
Potato,Bengaluru,2026-08-07,2167.42,0.93,mandi_simulated
Potato,Nashik,2026-08-08,2357.06,0.93,mandi_simulated
Potato,Pune,2026-08-08,2264.63,0.93,mandi_simulated
Potato,Karnal,2026-08-08,2310.84,0.93,mandi_simulated
Potato,Ludhiana,2026-08-08,2310.84,0.93,mandi_simulated
Potato,Nagpur,2026-08-08,2380.17,0.93,mandi_simulated
Potato,Ahmedabad,2026-08-08,2287.74,0.93,mandi_simulated
Potato,Indore,2026-08-08,2333.95,0.93,mandi_simulated
Potato,Jaipur,2026-08-08,2287.74,0.93,mandi_simulated
Potato,Hyderabad,2026-08-08,2264.63,0.93,mandi_simulated
Potato,Bengaluru,2026-08-08,2241.52,0.93,mandi_simulated
Potato,Nashik,2026-08-09,2234.6,0.94,mandi_simulated
Potato,Pune,2026-08-09,2146.97,0.94,mandi_simulated
Potato,Karnal,2026-08-09,2190.78,0.94,mandi_simulated
Potato,Ludhiana,2026-08-09,2190.78,0.94,mandi_simulated
Potato,Nagpur,2026-08-09,2256.5,0.94,mandi_simulated
Potato,Ahmedabad,2026-08-09,2168.87,0.94,mandi_simulated
Potato,Indore,2026-08-09,2212.69,0.94,mandi_simulated
Potato,Jaipur,2026-08-09,2168.87,0.94,mandi_simulated
Potato,Hyderabad,2026-08-09,2146.97,0.94,mandi_simulated
Potato,Bengaluru,2026-08-09,2125.06,0.94,mandi_simulated
Potato,Nashik,2026-08-10,2285.1,0.95,mandi_simulated
Potato,Pune,2026-08-10,2195.49,0.95,mandi_simulated
Potato,Karnal,2026-08-10,2240.29,0.95,mandi_simulated
Potato,Ludhiana,2026-08-10,2240.29,0.95,mandi_simulated
Potato,Nagpur,2026-08-10,2307.5,0.95,mandi_simulated
Potato,Ahmedabad,2026-08-10,2217.89,0.95,mandi_simulated
Potato,Indore,2026-08-10,2262.7,0.95,mandi_simulated
Potato,Jaipur,2026-08-10,2217.89,0.95,mandi_simulated
Potato,Hyderabad,2026-08-10,2195.49,0.95,mandi_simulated
Potato,Bengaluru,2026-08-10,2173.08,0.95,mandi_simulated
Potato,Nashik,2026-08-11,2305.87,0.95,mandi_simulated
Potato,Pune,2026-08-11,2215.45,0.95,mandi_simulated
Potato,Karnal,2026-08-11,2260.66,0.95,mandi_simulated
Potato,Ludhiana,2026-08-11,2260.66,0.95,mandi_simulated
Potato,Nagpur,2026-08-11,2328.48,0.95,mandi_simulated
Potato,Ahmedabad,2026-08-11,2238.05,0.95,mandi_simulated
Potato,Indore,2026-08-11,2283.27,0.95,mandi_simulated
Potato,Jaipur,2026-08-11,2238.05,0.95,mandi_simulated
Potato,Hyderabad,2026-08-11,2215.45,0.95,mandi_simulated
Potato,Bengaluru,2026-08-11,2192.84,0.95,mandi_simulated
Potato,Nashik,2026-08-12,2280.59,0.95,mandi_simulated
Potato,Pune,2026-08-12,2191.15,0.95,mandi_simulated
Potato,Karnal,2026-08-12,2235.87,0.95,mandi_simulated
Potato,Ludhiana,2026-08-12,2235.87,0.95,mandi_simulated
Potato,Nagpur,2026-08-12,2302.95,0.95,mandi_simulated
Potato,Ahmedabad,2026-08-12,2213.51,0.95,mandi_simulated
Potato,Indore,2026-08-12,2258.23,0.95,mandi_simulated
Potato,Jaipur,2026-08-12,2213.51,0.95,mandi_simulated
Potato,Hyderabad,2026-08-12,2191.15,0.95,mandi_simulated
Potato,Bengaluru,2026-08-12,2168.79,0.95,mandi_simulated
Potato,Nashik,2026-08-13,2298.09,0.95,mandi_simulated
Potato,Pune,2026-08-13,2207.97,0.95,mandi_simulated
Potato,Karnal,2026-08-13,2253.03,0.95,mandi_simulated
Potato,Ludhiana,2026-08-13,2253.03,0.95,mandi_simulated
Potato,Nagpur,2026-08-13,2320.62,0.95,mandi_simulated
Potato,Ahmedabad,2026-08-13,2230.5,0.95,mandi_simulated
Potato,Indore,2026-08-13,2275.56,0.95,mandi_simulated
Potato,Jaipur,2026-08-13,2230.5,0.95,mandi_simulated
Potato,Hyderabad,2026-08-13,2207.97,0.95,mandi_simulated
Potato,Bengaluru,2026-08-13,2185.44,0.95,mandi_simulated
Potato,Nashik,2026-08-14,2333.29,0.95,mandi_simulated
Potato,Pune,2026-08-14,2241.79,0.95,mandi_simulated
Potato,Karnal,2026-08-14,2287.54,0.95,mandi_simulated
Potato,Ludhiana,2026-08-14,2287.54,0.95,mandi_simulated
Potato,Nagpur,2026-08-14,2356.17,0.95,mandi_simulated
Potato,Ahmedabad,2026-08-14,2264.67,0.95,mandi_simulated
Potato,Indore,2026-08-14,2310.42,0.95,mandi_simulated
Potato,Jaipur,2026-08-14,2264.67,0.95,mandi_simulated
Potato,Hyderabad,2026-08-14,2241.79,0.95,mandi_simulated
Potato,Bengaluru,2026-08-14,2218.91,0.95,mandi_simulated
Potato,Nashik,2026-08-15,2199.04,0.94,mandi_simulated
Potato,Pune,2026-08-15,2112.8,0.94,mandi_simulated
Potato,Karnal,2026-08-15,2155.92,0.94,mandi_simulated
Potato,Ludhiana,2026-08-15,2155.92,0.94,mandi_simulated
Potato,Nagpur,2026-08-15,2220.6,0.94,mandi_simulated
Potato,Ahmedabad,2026-08-15,2134.36,0.94,mandi_simulated
Potato,Indore,2026-08-15,2177.48,0.94,mandi_simulated
Potato,Jaipur,2026-08-15,2134.36,0.94,mandi_simulated
Potato,Hyderabad,2026-08-15,2112.8,0.94,mandi_simulated
Potato,Bengaluru,2026-08-15,2091.24,0.94,mandi_simulated
Potato,Nashik,2026-08-16,2168.61,0.93,mandi_simulated
Potato,Pune,2026-08-16,2083.56,0.93,mandi_simulated
Potato,Karnal,2026-08-16,2126.08,0.93,mandi_simulated
Potato,Ludhiana,2026-08-16,2126.08,0.93,mandi_simulated
Potato,Nagpur,2026-08-16,2189.87,0.93,mandi_simulated
Potato,Ahmedabad,2026-08-16,2104.82,0.93,mandi_simulated
Potato,Indore,2026-08-16,2147.35,0.93,mandi_simulated
Potato,Jaipur,2026-08-16,2104.82,0.93,mandi_simulated
Potato,Hyderabad,2026-08-16,2083.56,0.93,mandi_simulated
Potato,Bengaluru,2026-08-16,2062.3,0.93,mandi_simulated
Potato,Nashik,2026-08-17,2195.18,0.92,mandi_simulated
Potato,Pune,2026-08-17,2109.1,0.92,mandi_simulated
Potato,Karnal,2026-08-17,2152.14,0.92,mandi_simulated
Potato,Ludhiana,2026-08-17,2152.14,0.92,mandi_simulated
Potato,Nagpur,2026-08-17,2216.71,0.92,mandi_simulated
Potato,Ahmedabad,2026-08-17,2130.62,0.92,mandi_simulated
Potato,Indore,2026-08-17,2173.66,0.92,mandi_simulated
Potato,Jaipur,2026-08-17,2130.62,0.92,mandi_simulated
Potato,Hyderabad,2026-08-17,2109.1,0.92,mandi_simulated
Potato,Bengaluru,2026-08-17,2087.58,0.92,mandi_simulated
Potato,Nashik,2026-08-18,2194.11,0.91,mandi_simulated
Potato,Pune,2026-08-18,2108.07,0.91,mandi_simulated
Potato,Karnal,2026-08-18,2151.09,0.91,mandi_simulated
Potato,Ludhiana,2026-08-18,2151.09,0.91,mandi_simulated
Potato,Nagpur,2026-08-18,2215.62,0.91,mandi_simulated
Potato,Ahmedabad,2026-08-18,2129.58,0.91,mandi_simulated
Potato,Indore,2026-08-18,2172.6,0.91,mandi_simulated
Potato,Jaipur,2026-08-18,2129.58,0.91,mandi_simulated
Potato,Hyderabad,2026-08-18,2108.07,0.91,mandi_simulated
Potato,Bengaluru,2026-08-18,2086.56,0.91,mandi_simulated
Potato,Nashik,2026-08-19,2297.15,0.9,mandi_simulated
Potato,Pune,2026-08-19,2207.06,0.9,mandi_simulated
Potato,Karnal,2026-08-19,2252.1,0.9,mandi_simulated
Potato,Ludhiana,2026-08-19,2252.1,0.9,mandi_simulated
Potato,Nagpur,2026-08-19,2319.67,0.9,mandi_simulated
Potato,Ahmedabad,2026-08-19,2229.58,0.9,mandi_simulated
Potato,Indore,2026-08-19,2274.62,0.9,mandi_simulated
Potato,Jaipur,2026-08-19,2229.58,0.9,mandi_simulated
Potato,Hyderabad,2026-08-19,2207.06,0.9,mandi_simulated
Potato,Bengaluru,2026-08-19,2184.54,0.9,mandi_simulated
Potato,Nashik,2026-08-20,2283.61,0.89,mandi_simulated
Potato,Pune,2026-08-20,2194.05,0.89,mandi_simulated
Potato,Karnal,2026-08-20,2238.83,0.89,mandi_simulated
Potato,Ludhiana,2026-08-20,2238.83,0.89,mandi_simulated
Potato,Nagpur,2026-08-20,2306.0,0.89,mandi_simulated
Potato,Ahmedabad,2026-08-20,2216.44,0.89,mandi_simulated
Potato,Indore,2026-08-20,2261.22,0.89,mandi_simulated
Potato,Jaipur,2026-08-20,2216.44,0.89,mandi_simulated
Potato,Hyderabad,2026-08-20,2194.05,0.89,mandi_simulated
Potato,Bengaluru,2026-08-20,2171.67,0.89,mandi_simulated
Potato,Nashik,2026-08-21,2226.99,0.87,mandi_simulated
Potato,Pune,2026-08-21,2139.66,0.87,mandi_simulated
Potato,Karnal,2026-08-21,2183.32,0.87,mandi_simulated
Potato,Ludhiana,2026-08-21,2183.32,0.87,mandi_simulated
Potato,Nagpur,2026-08-21,2248.82,0.87,mandi_simulated
Potato,Ahmedabad,2026-08-21,2161.49,0.87,mandi_simulated
Potato,Indore,2026-08-21,2205.16,0.87,mandi_simulated
Potato,Jaipur,2026-08-21,2161.49,0.87,mandi_simulated
Potato,Hyderabad,2026-08-21,2139.66,0.87,mandi_simulated
Potato,Bengaluru,2026-08-21,2117.82,0.87,mandi_simulated
Potato,Nashik,2026-08-22,2322.11,0.85,mandi_simulated
Potato,Pune,2026-08-22,2231.05,0.85,mandi_simulated
Potato,Karnal,2026-08-22,2276.58,0.85,mandi_simulated
Potato,Ludhiana,2026-08-22,2276.58,0.85,mandi_simulated
Potato,Nagpur,2026-08-22,2344.88,0.85,mandi_simulated
Potato,Ahmedabad,2026-08-22,2253.82,0.85,mandi_simulated
Potato,Indore,2026-08-22,2299.35,0.85,mandi_simulated
Potato,Jaipur,2026-08-22,2253.82,0.85,mandi_simulated
Potato,Hyderabad,2026-08-22,2231.05,0.85,mandi_simulated
Potato,Bengaluru,2026-08-22,2208.28,0.85,mandi_simulated
Potato,Nashik,2026-08-23,2342.65,0.83,mandi_simulated
Potato,Pune,2026-08-23,2250.78,0.83,mandi_simulated
Potato,Karnal,2026-08-23,2296.72,0.83,mandi_simulated
Potato,Ludhiana,2026-08-23,2296.72,0.83,mandi_simulated
Potato,Nagpur,2026-08-23,2365.62,0.83,mandi_simulated
Potato,Ahmedabad,2026-08-23,2273.75,0.83,mandi_simulated
Potato,Indore,2026-08-23,2319.68,0.83,mandi_simulated
Potato,Jaipur,2026-08-23,2273.75,0.83,mandi_simulated
Potato,Hyderabad,2026-08-23,2250.78,0.83,mandi_simulated
Potato,Bengaluru,2026-08-23,2227.81,0.83,mandi_simulated
Potato,Nashik,2026-08-24,2241.27,0.81,mandi_simulated
Potato,Pune,2026-08-24,2153.38,0.81,mandi_simulated
Potato,Karnal,2026-08-24,2197.32,0.81,mandi_simulated
Potato,Ludhiana,2026-08-24,2197.32,0.81,mandi_simulated
Potato,Nagpur,2026-08-24,2263.24,0.81,mandi_simulated
Potato,Ahmedabad,2026-08-24,2175.35,0.81,mandi_simulated
Potato,Indore,2026-08-24,2219.3,0.81,mandi_simulated
Potato,Jaipur,2026-08-24,2175.35,0.81,mandi_simulated
Potato,Hyderabad,2026-08-24,2153.38,0.81,mandi_simulated
Potato,Bengaluru,2026-08-24,2131.4,0.81,mandi_simulated
Potato,Nashik,2026-08-25,2331.79,0.79,mandi_simulated
Potato,Pune,2026-08-25,2240.35,0.79,mandi_simulated
Potato,Karnal,2026-08-25,2286.07,0.79,mandi_simulated
Potato,Ludhiana,2026-08-25,2286.07,0.79,mandi_simulated
Potato,Nagpur,2026-08-25,2354.65,0.79,mandi_simulated
Potato,Ahmedabad,2026-08-25,2263.21,0.79,mandi_simulated
Potato,Indore,2026-08-25,2308.93,0.79,mandi_simulated
Potato,Jaipur,2026-08-25,2263.21,0.79,mandi_simulated
Potato,Hyderabad,2026-08-25,2240.35,0.79,mandi_simulated
Potato,Bengaluru,2026-08-25,2217.49,0.79,mandi_simulated
Potato,Nashik,2026-08-26,2368.17,0.76,mandi_simulated
Potato,Pune,2026-08-26,2275.3,0.76,mandi_simulated
Potato,Karnal,2026-08-26,2321.74,0.76,mandi_simulated
Potato,Ludhiana,2026-08-26,2321.74,0.76,mandi_simulated
Potato,Nagpur,2026-08-26,2391.39,0.76,mandi_simulated
Potato,Ahmedabad,2026-08-26,2298.52,0.76,mandi_simulated
Potato,Indore,2026-08-26,2344.96,0.76,mandi_simulated
Potato,Jaipur,2026-08-26,2298.52,0.76,mandi_simulated
Potato,Hyderabad,2026-08-26,2275.3,0.76,mandi_simulated
Potato,Bengaluru,2026-08-26,2252.09,0.76,mandi_simulated
Potato,Nashik,2026-08-27,2260.95,0.74,mandi_simulated
Potato,Pune,2026-08-27,2172.28,0.74,mandi_simulated
Potato,Karnal,2026-08-27,2216.62,0.74,mandi_simulated
Potato,Ludhiana,2026-08-27,2216.62,0.74,mandi_simulated
Potato,Nagpur,2026-08-27,2283.11,0.74,mandi_simulated
Potato,Ahmedabad,2026-08-27,2194.45,0.74,mandi_simulated
Potato,Indore,2026-08-27,2238.78,0.74,mandi_simulated
Potato,Jaipur,2026-08-27,2194.45,0.74,mandi_simulated
Potato,Hyderabad,2026-08-27,2172.28,0.74,mandi_simulated
Potato,Bengaluru,2026-08-27,2150.12,0.74,mandi_simulated
Potato,Nashik,2026-08-28,2404.1,0.71,mandi_simulated
Potato,Pune,2026-08-28,2309.82,0.71,mandi_simulated
Potato,Karnal,2026-08-28,2356.96,0.71,mandi_simulated
Potato,Ludhiana,2026-08-28,2356.96,0.71,mandi_simulated
Potato,Nagpur,2026-08-28,2427.67,0.71,mandi_simulated
Potato,Ahmedabad,2026-08-28,2333.39,0.71,mandi_simulated
Potato,Indore,2026-08-28,2380.53,0.71,mandi_simulated
Potato,Jaipur,2026-08-28,2333.39,0.71,mandi_simulated
Potato,Hyderabad,2026-08-28,2309.82,0.71,mandi_simulated
Potato,Bengaluru,2026-08-28,2286.25,0.71,mandi_simulated
Potato,Nashik,2026-08-29,2443.65,0.69,mandi_simulated
Potato,Pune,2026-08-29,2347.82,0.69,mandi_simulated
Potato,Karnal,2026-08-29,2395.74,0.69,mandi_simulated
Potato,Ludhiana,2026-08-29,2395.74,0.69,mandi_simulated
Potato,Nagpur,2026-08-29,2467.61,0.69,mandi_simulated
Potato,Ahmedabad,2026-08-29,2371.78,0.69,mandi_simulated
Potato,Indore,2026-08-29,2419.69,0.69,mandi_simulated
Potato,Jaipur,2026-08-29,2371.78,0.69,mandi_simulated
Potato,Hyderabad,2026-08-29,2347.82,0.69,mandi_simulated
Potato,Bengaluru,2026-08-29,2323.86,0.69,mandi_simulated
Potato,Nashik,2026-08-30,2294.09,0.66,mandi_simulated
Potato,Pune,2026-08-30,2204.13,0.66,mandi_simulated
Potato,Karnal,2026-08-30,2249.11,0.66,mandi_simulated
Potato,Ludhiana,2026-08-30,2249.11,0.66,mandi_simulated
Potato,Nagpur,2026-08-30,2316.58,0.66,mandi_simulated
Potato,Ahmedabad,2026-08-30,2226.62,0.66,mandi_simulated
Potato,Indore,2026-08-30,2271.6,0.66,mandi_simulated
Potato,Jaipur,2026-08-30,2226.62,0.66,mandi_simulated
Potato,Hyderabad,2026-08-30,2204.13,0.66,mandi_simulated
Potato,Bengaluru,2026-08-30,2181.64,0.66,mandi_simulated
Potato,Nashik,2026-08-31,2290.67,0.63,mandi_simulated
Potato,Pune,2026-08-31,2200.84,0.63,mandi_simulated
Potato,Karnal,2026-08-31,2245.75,0.63,mandi_simulated
Potato,Ludhiana,2026-08-31,2245.75,0.63,mandi_simulated
Potato,Nagpur,2026-08-31,2313.13,0.63,mandi_simulated
Potato,Ahmedabad,2026-08-31,2223.3,0.63,mandi_simulated
Potato,Indore,2026-08-31,2268.21,0.63,mandi_simulated
Potato,Jaipur,2026-08-31,2223.3,0.63,mandi_simulated
Potato,Hyderabad,2026-08-31,2200.84,0.63,mandi_simulated
Potato,Bengaluru,2026-08-31,2178.38,0.63,mandi_simulated
Potato,Nashik,2026-09-01,2358.0,0.6,mandi_simulated
Potato,Pune,2026-09-01,2265.53,0.6,mandi_simulated
Potato,Karnal,2026-09-01,2311.77,0.6,mandi_simulated
Potato,Ludhiana,2026-09-01,2311.77,0.6,mandi_simulated
Potato,Nagpur,2026-09-01,2381.12,0.6,mandi_simulated
Potato,Ahmedabad,2026-09-01,2288.65,0.6,mandi_simulated
Potato,Indore,2026-09-01,2334.89,0.6,mandi_simulated
Potato,Jaipur,2026-09-01,2288.65,0.6,mandi_simulated
Potato,Hyderabad,2026-09-01,2265.53,0.6,mandi_simulated
Potato,Bengaluru,2026-09-01,2242.42,0.6,mandi_simulated
Potato,Nashik,2026-09-02,2441.44,0.58,mandi_simulated
Potato,Pune,2026-09-02,2345.69,0.58,mandi_simulated
Potato,Karnal,2026-09-02,2393.57,0.58,mandi_simulated
Potato,Ludhiana,2026-09-02,2393.57,0.58,mandi_simulated
Potato,Nagpur,2026-09-02,2465.37,0.58,mandi_simulated
Potato,Ahmedabad,2026-09-02,2369.63,0.58,mandi_simulated
Potato,Indore,2026-09-02,2417.5,0.58,mandi_simulated
Potato,Jaipur,2026-09-02,2369.63,0.58,mandi_simulated
Potato,Hyderabad,2026-09-02,2345.69,0.58,mandi_simulated
Potato,Bengaluru,2026-09-02,2321.76,0.58,mandi_simulated
Potato,Nashik,2026-09-03,2509.47,0.55,mandi_simulated
Potato,Pune,2026-09-03,2411.06,0.55,mandi_simulated
Potato,Karnal,2026-09-03,2460.27,0.55,mandi_simulated
Potato,Ludhiana,2026-09-03,2460.27,0.55,mandi_simulated
Potato,Nagpur,2026-09-03,2534.08,0.55,mandi_simulated
Potato,Ahmedabad,2026-09-03,2435.67,0.55,mandi_simulated
Potato,Indore,2026-09-03,2484.87,0.55,mandi_simulated
Potato,Jaipur,2026-09-03,2435.67,0.55,mandi_simulated
Potato,Hyderabad,2026-09-03,2411.06,0.55,mandi_simulated
Potato,Bengaluru,2026-09-03,2386.46,0.55,mandi_simulated
Potato,Nashik,2026-09-04,2414.21,0.58,mandi_simulated
Potato,Pune,2026-09-04,2319.54,0.58,mandi_simulated
Potato,Karnal,2026-09-04,2366.88,0.58,mandi_simulated
Potato,Ludhiana,2026-09-04,2366.88,0.58,mandi_simulated
Potato,Nagpur,2026-09-04,2437.88,0.58,mandi_simulated
Potato,Ahmedabad,2026-09-04,2343.21,0.58,mandi_simulated
Potato,Indore,2026-09-04,2390.54,0.58,mandi_simulated
Potato,Jaipur,2026-09-04,2343.21,0.58,mandi_simulated
Potato,Hyderabad,2026-09-04,2319.54,0.58,mandi_simulated
Potato,Bengaluru,2026-09-04,2295.87,0.58,mandi_simulated
Potato,Nashik,2026-09-05,2490.11,0.61,mandi_simulated
Potato,Pune,2026-09-05,2392.46,0.61,mandi_simulated
Potato,Karnal,2026-09-05,2441.28,0.61,mandi_simulated
Potato,Ludhiana,2026-09-05,2441.28,0.61,mandi_simulated
Potato,Nagpur,2026-09-05,2514.52,0.61,mandi_simulated
Potato,Ahmedabad,2026-09-05,2416.87,0.61,mandi_simulated
Potato,Indore,2026-09-05,2465.7,0.61,mandi_simulated
Potato,Jaipur,2026-09-05,2416.87,0.61,mandi_simulated
Potato,Hyderabad,2026-09-05,2392.46,0.61,mandi_simulated
Potato,Bengaluru,2026-09-05,2368.04,0.61,mandi_simulated
Potato,Nashik,2026-09-06,2378.16,0.64,mandi_simulated
Potato,Pune,2026-09-06,2284.9,0.64,mandi_simulated
Potato,Karnal,2026-09-06,2331.53,0.64,mandi_simulated
Potato,Ludhiana,2026-09-06,2331.53,0.64,mandi_simulated
Potato,Nagpur,2026-09-06,2401.48,0.64,mandi_simulated
Potato,Ahmedabad,2026-09-06,2308.21,0.64,mandi_simulated
Potato,Indore,2026-09-06,2354.85,0.64,mandi_simulated
Potato,Jaipur,2026-09-06,2308.21,0.64,mandi_simulated
Potato,Hyderabad,2026-09-06,2284.9,0.64,mandi_simulated
Potato,Bengaluru,2026-09-06,2261.58,0.64,mandi_simulated
Potato,Nashik,2026-09-07,2513.0,0.67,mandi_simulated
Potato,Pune,2026-09-07,2414.45,0.67,mandi_simulated
Potato,Karnal,2026-09-07,2463.73,0.67,mandi_simulated
Potato,Ludhiana,2026-09-07,2463.73,0.67,mandi_simulated
Potato,Nagpur,2026-09-07,2537.64,0.67,mandi_simulated
Potato,Ahmedabad,2026-09-07,2439.09,0.67,mandi_simulated
Potato,Indore,2026-09-07,2488.36,0.67,mandi_simulated
Potato,Jaipur,2026-09-07,2439.09,0.67,mandi_simulated
Potato,Hyderabad,2026-09-07,2414.45,0.67,mandi_simulated
Potato,Bengaluru,2026-09-07,2389.81,0.67,mandi_simulated
Potato,Nashik,2026-09-08,2514.05,0.69,mandi_simulated
Potato,Pune,2026-09-08,2415.46,0.69,mandi_simulated
Potato,Karnal,2026-09-08,2464.76,0.69,mandi_simulated
Potato,Ludhiana,2026-09-08,2464.76,0.69,mandi_simulated
Potato,Nagpur,2026-09-08,2538.7,0.69,mandi_simulated
Potato,Ahmedabad,2026-09-08,2440.11,0.69,mandi_simulated
Potato,Indore,2026-09-08,2489.4,0.69,mandi_simulated
Potato,Jaipur,2026-09-08,2440.11,0.69,mandi_simulated
Potato,Hyderabad,2026-09-08,2415.46,0.69,mandi_simulated
Potato,Bengaluru,2026-09-08,2390.81,0.69,mandi_simulated
Tomato,Nashik,2026-03-09,2151.23,0.85,mandi_simulated
Tomato,Pune,2026-03-09,2172.53,0.85,mandi_simulated
Tomato,Karnal,2026-03-09,2193.83,0.85,mandi_simulated
Tomato,Ludhiana,2026-03-09,2108.64,0.85,mandi_simulated
Tomato,Nagpur,2026-03-09,2087.34,0.85,mandi_simulated
Tomato,Ahmedabad,2026-03-09,2193.83,0.85,mandi_simulated
Tomato,Indore,2026-03-09,2108.64,0.85,mandi_simulated
Tomato,Jaipur,2026-03-09,2108.64,0.85,mandi_simulated
Tomato,Hyderabad,2026-03-09,2193.83,0.85,mandi_simulated
Tomato,Bengaluru,2026-03-09,2066.04,0.85,mandi_simulated
Tomato,Nashik,2026-03-10,2283.11,0.87,mandi_simulated
Tomato,Pune,2026-03-10,2305.71,0.87,mandi_simulated
Tomato,Karnal,2026-03-10,2328.32,0.87,mandi_simulated
Tomato,Ludhiana,2026-03-10,2237.9,0.87,mandi_simulated
Tomato,Nagpur,2026-03-10,2215.29,0.87,mandi_simulated
Tomato,Ahmedabad,2026-03-10,2328.32,0.87,mandi_simulated
Tomato,Indore,2026-03-10,2237.9,0.87,mandi_simulated
Tomato,Jaipur,2026-03-10,2237.9,0.87,mandi_simulated
Tomato,Hyderabad,2026-03-10,2328.32,0.87,mandi_simulated
Tomato,Bengaluru,2026-03-10,2192.69,0.87,mandi_simulated
Tomato,Nashik,2026-03-11,2309.7,0.89,mandi_simulated
Tomato,Pune,2026-03-11,2332.57,0.89,mandi_simulated
Tomato,Karnal,2026-03-11,2355.44,0.89,mandi_simulated
Tomato,Ludhiana,2026-03-11,2263.96,0.89,mandi_simulated
Tomato,Nagpur,2026-03-11,2241.1,0.89,mandi_simulated
Tomato,Ahmedabad,2026-03-11,2355.44,0.89,mandi_simulated
Tomato,Indore,2026-03-11,2263.96,0.89,mandi_simulated
Tomato,Jaipur,2026-03-11,2263.96,0.89,mandi_simulated
Tomato,Hyderabad,2026-03-11,2355.44,0.89,mandi_simulated
Tomato,Bengaluru,2026-03-11,2218.23,0.89,mandi_simulated
Tomato,Nashik,2026-03-12,2277.1,0.9,mandi_simulated
Tomato,Pune,2026-03-12,2299.65,0.9,mandi_simulated
Tomato,Karnal,2026-03-12,2322.2,0.9,mandi_simulated
Tomato,Ludhiana,2026-03-12,2232.01,0.9,mandi_simulated
Tomato,Nagpur,2026-03-12,2209.47,0.9,mandi_simulated
Tomato,Ahmedabad,2026-03-12,2322.2,0.9,mandi_simulated
Tomato,Indore,2026-03-12,2232.01,0.9,mandi_simulated
Tomato,Jaipur,2026-03-12,2232.01,0.9,mandi_simulated
Tomato,Hyderabad,2026-03-12,2322.2,0.9,mandi_simulated
Tomato,Bengaluru,2026-03-12,2186.92,0.9,mandi_simulated
Tomato,Nashik,2026-03-13,2202.15,0.91,mandi_simulated
Tomato,Pune,2026-03-13,2223.95,0.91,mandi_simulated
Tomato,Karnal,2026-03-13,2245.76,0.91,mandi_simulated
Tomato,Ludhiana,2026-03-13,2158.54,0.91,mandi_simulated
Tomato,Nagpur,2026-03-13,2136.74,0.91,mandi_simulated
Tomato,Ahmedabad,2026-03-13,2245.76,0.91,mandi_simulated
Tomato,Indore,2026-03-13,2158.54,0.91,mandi_simulated
Tomato,Jaipur,2026-03-13,2158.54,0.91,mandi_simulated
Tomato,Hyderabad,2026-03-13,2245.76,0.91,mandi_simulated
Tomato,Bengaluru,2026-03-13,2114.94,0.91,mandi_simulated
Tomato,Nashik,2026-03-14,2371.16,0.93,mandi_simulated
Tomato,Pune,2026-03-14,2394.64,0.93,mandi_simulated
Tomato,Karnal,2026-03-14,2418.11,0.93,mandi_simulated
Tomato,Ludhiana,2026-03-14,2324.21,0.93,mandi_simulated
Tomato,Nagpur,2026-03-14,2300.73,0.93,mandi_simulated
Tomato,Ahmedabad,2026-03-14,2418.11,0.93,mandi_simulated
Tomato,Indore,2026-03-14,2324.21,0.93,mandi_simulated
Tomato,Jaipur,2026-03-14,2324.21,0.93,mandi_simulated
Tomato,Hyderabad,2026-03-14,2418.11,0.93,mandi_simulated
Tomato,Bengaluru,2026-03-14,2277.25,0.93,mandi_simulated
Tomato,Nashik,2026-03-15,2346.18,0.93,mandi_simulated
Tomato,Pune,2026-03-15,2369.41,0.93,mandi_simulated
Tomato,Karnal,2026-03-15,2392.64,0.93,mandi_simulated
Tomato,Ludhiana,2026-03-15,2299.72,0.93,mandi_simulated
Tomato,Nagpur,2026-03-15,2276.49,0.93,mandi_simulated
Tomato,Ahmedabad,2026-03-15,2392.64,0.93,mandi_simulated
Tomato,Indore,2026-03-15,2299.72,0.93,mandi_simulated
Tomato,Jaipur,2026-03-15,2299.72,0.93,mandi_simulated
Tomato,Hyderabad,2026-03-15,2392.64,0.93,mandi_simulated
Tomato,Bengaluru,2026-03-15,2253.26,0.93,mandi_simulated
Tomato,Nashik,2026-03-16,2277.27,0.94,mandi_simulated
Tomato,Pune,2026-03-16,2299.82,0.94,mandi_simulated
Tomato,Karnal,2026-03-16,2322.37,0.94,mandi_simulated
Tomato,Ludhiana,2026-03-16,2232.18,0.94,mandi_simulated
Tomato,Nagpur,2026-03-16,2209.63,0.94,mandi_simulated
Tomato,Ahmedabad,2026-03-16,2322.37,0.94,mandi_simulated
Tomato,Indore,2026-03-16,2232.18,0.94,mandi_simulated
Tomato,Jaipur,2026-03-16,2232.18,0.94,mandi_simulated
Tomato,Hyderabad,2026-03-16,2322.37,0.94,mandi_simulated
Tomato,Bengaluru,2026-03-16,2187.08,0.94,mandi_simulated
Tomato,Nashik,2026-03-17,2302.93,0.95,mandi_simulated
Tomato,Pune,2026-03-17,2325.73,0.95,mandi_simulated
Tomato,Karnal,2026-03-17,2348.53,0.95,mandi_simulated
Tomato,Ludhiana,2026-03-17,2257.32,0.95,mandi_simulated
Tomato,Nagpur,2026-03-17,2234.52,0.95,mandi_simulated
Tomato,Ahmedabad,2026-03-17,2348.53,0.95,mandi_simulated
Tomato,Indore,2026-03-17,2257.32,0.95,mandi_simulated
Tomato,Jaipur,2026-03-17,2257.32,0.95,mandi_simulated
Tomato,Hyderabad,2026-03-17,2348.53,0.95,mandi_simulated
Tomato,Bengaluru,2026-03-17,2211.72,0.95,mandi_simulated
Tomato,Nashik,2026-03-18,2302.4,0.95,mandi_simulated
Tomato,Pune,2026-03-18,2325.19,0.95,mandi_simulated
Tomato,Karnal,2026-03-18,2347.99,0.95,mandi_simulated
Tomato,Ludhiana,2026-03-18,2256.8,0.95,mandi_simulated
Tomato,Nagpur,2026-03-18,2234.01,0.95,mandi_simulated
Tomato,Ahmedabad,2026-03-18,2347.99,0.95,mandi_simulated
Tomato,Indore,2026-03-18,2256.8,0.95,mandi_simulated
Tomato,Jaipur,2026-03-18,2256.8,0.95,mandi_simulated
Tomato,Hyderabad,2026-03-18,2347.99,0.95,mandi_simulated
Tomato,Bengaluru,2026-03-18,2211.21,0.95,mandi_simulated
Tomato,Nashik,2026-03-19,2337.38,0.95,mandi_simulated
Tomato,Pune,2026-03-19,2360.52,0.95,mandi_simulated
Tomato,Karnal,2026-03-19,2383.66,0.95,mandi_simulated
Tomato,Ludhiana,2026-03-19,2291.09,0.95,mandi_simulated
Tomato,Nagpur,2026-03-19,2267.95,0.95,mandi_simulated
Tomato,Ahmedabad,2026-03-19,2383.66,0.95,mandi_simulated
Tomato,Indore,2026-03-19,2291.09,0.95,mandi_simulated
Tomato,Jaipur,2026-03-19,2291.09,0.95,mandi_simulated
Tomato,Hyderabad,2026-03-19,2383.66,0.95,mandi_simulated
Tomato,Bengaluru,2026-03-19,2244.81,0.95,mandi_simulated
Tomato,Nashik,2026-03-20,2315.69,0.95,mandi_simulated
Tomato,Pune,2026-03-20,2338.62,0.95,mandi_simulated
Tomato,Karnal,2026-03-20,2361.55,0.95,mandi_simulated
Tomato,Ludhiana,2026-03-20,2269.84,0.95,mandi_simulated
Tomato,Nagpur,2026-03-20,2246.91,0.95,mandi_simulated
Tomato,Ahmedabad,2026-03-20,2361.55,0.95,mandi_simulated
Tomato,Indore,2026-03-20,2269.84,0.95,mandi_simulated
Tomato,Jaipur,2026-03-20,2269.84,0.95,mandi_simulated
Tomato,Hyderabad,2026-03-20,2361.55,0.95,mandi_simulated
Tomato,Bengaluru,2026-03-20,2223.98,0.95,mandi_simulated
Tomato,Nashik,2026-03-21,2419.94,0.95,mandi_simulated
Tomato,Pune,2026-03-21,2443.9,0.95,mandi_simulated
Tomato,Karnal,2026-03-21,2467.86,0.95,mandi_simulated
Tomato,Ludhiana,2026-03-21,2372.02,0.95,mandi_simulated
Tomato,Nagpur,2026-03-21,2348.06,0.95,mandi_simulated
Tomato,Ahmedabad,2026-03-21,2467.86,0.95,mandi_simulated
Tomato,Indore,2026-03-21,2372.02,0.95,mandi_simulated
Tomato,Jaipur,2026-03-21,2372.02,0.95,mandi_simulated
Tomato,Hyderabad,2026-03-21,2467.86,0.95,mandi_simulated
Tomato,Bengaluru,2026-03-21,2324.1,0.95,mandi_simulated
Tomato,Nashik,2026-03-22,2422.99,0.94,mandi_simulated
Tomato,Pune,2026-03-22,2446.98,0.94,mandi_simulated
Tomato,Karnal,2026-03-22,2470.97,0.94,mandi_simulated
Tomato,Ludhiana,2026-03-22,2375.01,0.94,mandi_simulated
Tomato,Nagpur,2026-03-22,2351.02,0.94,mandi_simulated
Tomato,Ahmedabad,2026-03-22,2470.97,0.94,mandi_simulated
Tomato,Indore,2026-03-22,2375.01,0.94,mandi_simulated
Tomato,Jaipur,2026-03-22,2375.01,0.94,mandi_simulated
Tomato,Hyderabad,2026-03-22,2470.97,0.94,mandi_simulated
Tomato,Bengaluru,2026-03-22,2327.03,0.94,mandi_simulated
Tomato,Nashik,2026-03-23,2294.6,0.93,mandi_simulated
Tomato,Pune,2026-03-23,2317.32,0.93,mandi_simulated
Tomato,Karnal,2026-03-23,2340.04,0.93,mandi_simulated
Tomato,Ludhiana,2026-03-23,2249.16,0.93,mandi_simulated
Tomato,Nagpur,2026-03-23,2226.44,0.93,mandi_simulated
Tomato,Ahmedabad,2026-03-23,2340.04,0.93,mandi_simulated
Tomato,Indore,2026-03-23,2249.16,0.93,mandi_simulated
Tomato,Jaipur,2026-03-23,2249.16,0.93,mandi_simulated
Tomato,Hyderabad,2026-03-23,2340.04,0.93,mandi_simulated
Tomato,Bengaluru,2026-03-23,2203.72,0.93,mandi_simulated
Tomato,Nashik,2026-03-24,2463.53,0.92,mandi_simulated
Tomato,Pune,2026-03-24,2487.92,0.92,mandi_simulated
Tomato,Karnal,2026-03-24,2512.31,0.92,mandi_simulated
Tomato,Ludhiana,2026-03-24,2414.75,0.92,mandi_simulated
Tomato,Nagpur,2026-03-24,2390.36,0.92,mandi_simulated
Tomato,Ahmedabad,2026-03-24,2512.31,0.92,mandi_simulated
Tomato,Indore,2026-03-24,2414.75,0.92,mandi_simulated
Tomato,Jaipur,2026-03-24,2414.75,0.92,mandi_simulated
Tomato,Hyderabad,2026-03-24,2512.31,0.92,mandi_simulated
Tomato,Bengaluru,2026-03-24,2365.96,0.92,mandi_simulated
Tomato,Nashik,2026-03-25,2407.6,0.91,mandi_simulated
Tomato,Pune,2026-03-25,2431.44,0.91,mandi_simulated
Tomato,Karnal,2026-03-25,2455.28,0.91,mandi_simulated
Tomato,Ludhiana,2026-03-25,2359.93,0.91,mandi_simulated
Tomato,Nagpur,2026-03-25,2336.09,0.91,mandi_simulated
Tomato,Ahmedabad,2026-03-25,2455.28,0.91,mandi_simulated
Tomato,Indore,2026-03-25,2359.93,0.91,mandi_simulated
Tomato,Jaipur,2026-03-25,2359.93,0.91,mandi_simulated
Tomato,Hyderabad,2026-03-25,2455.28,0.91,mandi_simulated
Tomato,Bengaluru,2026-03-25,2312.25,0.91,mandi_simulated
Tomato,Nashik,2026-03-26,2449.58,0.9,mandi_simulated
Tomato,Pune,2026-03-26,2473.83,0.9,mandi_simulated
Tomato,Karnal,2026-03-26,2498.09,0.9,mandi_simulated
Tomato,Ludhiana,2026-03-26,2401.07,0.9,mandi_simulated
Tomato,Nagpur,2026-03-26,2376.82,0.9,mandi_simulated
Tomato,Ahmedabad,2026-03-26,2498.09,0.9,mandi_simulated
Tomato,Indore,2026-03-26,2401.07,0.9,mandi_simulated
Tomato,Jaipur,2026-03-26,2401.07,0.9,mandi_simulated
Tomato,Hyderabad,2026-03-26,2498.09,0.9,mandi_simulated
Tomato,Bengaluru,2026-03-26,2352.57,0.9,mandi_simulated
Tomato,Nashik,2026-03-27,2430.71,0.89,mandi_simulated
Tomato,Pune,2026-03-27,2454.78,0.89,mandi_simulated
Tomato,Karnal,2026-03-27,2478.85,0.89,mandi_simulated
Tomato,Ludhiana,2026-03-27,2382.58,0.89,mandi_simulated
Tomato,Nagpur,2026-03-27,2358.52,0.89,mandi_simulated
Tomato,Ahmedabad,2026-03-27,2478.85,0.89,mandi_simulated
Tomato,Indore,2026-03-27,2382.58,0.89,mandi_simulated
Tomato,Jaipur,2026-03-27,2382.58,0.89,mandi_simulated
Tomato,Hyderabad,2026-03-27,2478.85,0.89,mandi_simulated
Tomato,Bengaluru,2026-03-27,2334.45,0.89,mandi_simulated
Tomato,Nashik,2026-03-28,2382.12,0.87,mandi_simulated
Tomato,Pune,2026-03-28,2405.71,0.87,mandi_simulated
Tomato,Karnal,2026-03-28,2429.29,0.87,mandi_simulated
Tomato,Ludhiana,2026-03-28,2334.95,0.87,mandi_simulated
Tomato,Nagpur,2026-03-28,2311.37,0.87,mandi_simulated
Tomato,Ahmedabad,2026-03-28,2429.29,0.87,mandi_simulated
Tomato,Indore,2026-03-28,2334.95,0.87,mandi_simulated
Tomato,Jaipur,2026-03-28,2334.95,0.87,mandi_simulated
Tomato,Hyderabad,2026-03-28,2429.29,0.87,mandi_simulated
Tomato,Bengaluru,2026-03-28,2287.78,0.87,mandi_simulated
Tomato,Nashik,2026-03-29,2441.89,0.85,mandi_simulated
Tomato,Pune,2026-03-29,2466.07,0.85,mandi_simulated
Tomato,Karnal,2026-03-29,2490.25,0.85,mandi_simulated
Tomato,Ludhiana,2026-03-29,2393.54,0.85,mandi_simulated
Tomato,Nagpur,2026-03-29,2369.36,0.85,mandi_simulated
Tomato,Ahmedabad,2026-03-29,2490.25,0.85,mandi_simulated
Tomato,Indore,2026-03-29,2393.54,0.85,mandi_simulated
Tomato,Jaipur,2026-03-29,2393.54,0.85,mandi_simulated
Tomato,Hyderabad,2026-03-29,2490.25,0.85,mandi_simulated
Tomato,Bengaluru,2026-03-29,2345.18,0.85,mandi_simulated
Tomato,Nashik,2026-03-30,2488.11,0.83,mandi_simulated
Tomato,Pune,2026-03-30,2512.75,0.83,mandi_simulated
Tomato,Karnal,2026-03-30,2537.38,0.83,mandi_simulated
Tomato,Ludhiana,2026-03-30,2438.84,0.83,mandi_simulated
Tomato,Nagpur,2026-03-30,2414.21,0.83,mandi_simulated
Tomato,Ahmedabad,2026-03-30,2537.38,0.83,mandi_simulated
Tomato,Indore,2026-03-30,2438.84,0.83,mandi_simulated
Tomato,Jaipur,2026-03-30,2438.84,0.83,mandi_simulated
Tomato,Hyderabad,2026-03-30,2537.38,0.83,mandi_simulated
Tomato,Bengaluru,2026-03-30,2389.57,0.83,mandi_simulated
Tomato,Nashik,2026-03-31,2355.51,0.81,mandi_simulated
Tomato,Pune,2026-03-31,2378.84,0.81,mandi_simulated
Tomato,Karnal,2026-03-31,2402.16,0.81,mandi_simulated
Tomato,Ludhiana,2026-03-31,2308.87,0.81,mandi_simulated
Tomato,Nagpur,2026-03-31,2285.55,0.81,mandi_simulated
Tomato,Ahmedabad,2026-03-31,2402.16,0.81,mandi_simulated
Tomato,Indore,2026-03-31,2308.87,0.81,mandi_simulated
Tomato,Jaipur,2026-03-31,2308.87,0.81,mandi_simulated
Tomato,Hyderabad,2026-03-31,2402.16,0.81,mandi_simulated
Tomato,Bengaluru,2026-03-31,2262.23,0.81,mandi_simulated
Tomato,Nashik,2026-04-01,2458.82,0.79,mandi_simulated
Tomato,Pune,2026-04-01,2483.16,0.79,mandi_simulated
Tomato,Karnal,2026-04-01,2507.51,0.79,mandi_simulated
Tomato,Ludhiana,2026-04-01,2410.13,0.79,mandi_simulated
Tomato,Nagpur,2026-04-01,2385.78,0.79,mandi_simulated
Tomato,Ahmedabad,2026-04-01,2507.51,0.79,mandi_simulated
Tomato,Indore,2026-04-01,2410.13,0.79,mandi_simulated
Tomato,Jaipur,2026-04-01,2410.13,0.79,mandi_simulated
Tomato,Hyderabad,2026-04-01,2507.51,0.79,mandi_simulated
Tomato,Bengaluru,2026-04-01,2361.44,0.79,mandi_simulated
Tomato,Nashik,2026-04-02,2406.11,0.77,mandi_simulated
Tomato,Pune,2026-04-02,2429.93,0.77,mandi_simulated
Tomato,Karnal,2026-04-02,2453.76,0.77,mandi_simulated
Tomato,Ludhiana,2026-04-02,2358.47,0.77,mandi_simulated
Tomato,Nagpur,2026-04-02,2334.64,0.77,mandi_simulated
Tomato,Ahmedabad,2026-04-02,2453.76,0.77,mandi_simulated
Tomato,Indore,2026-04-02,2358.47,0.77,mandi_simulated
Tomato,Jaipur,2026-04-02,2358.47,0.77,mandi_simulated
Tomato,Hyderabad,2026-04-02,2453.76,0.77,mandi_simulated
Tomato,Bengaluru,2026-04-02,2310.82,0.77,mandi_simulated
Tomato,Nashik,2026-04-03,2393.89,0.74,mandi_simulated
Tomato,Pune,2026-04-03,2417.6,0.74,mandi_simulated
Tomato,Karnal,2026-04-03,2441.3,0.74,mandi_simulated
Tomato,Ludhiana,2026-04-03,2346.49,0.74,mandi_simulated
Tomato,Nagpur,2026-04-03,2322.79,0.74,mandi_simulated
Tomato,Ahmedabad,2026-04-03,2441.3,0.74,mandi_simulated
Tomato,Indore,2026-04-03,2346.49,0.74,mandi_simulated
Tomato,Jaipur,2026-04-03,2346.49,0.74,mandi_simulated
Tomato,Hyderabad,2026-04-03,2441.3,0.74,mandi_simulated
Tomato,Bengaluru,2026-04-03,2299.09,0.74,mandi_simulated
Tomato,Nashik,2026-04-04,2382.14,0.72,mandi_simulated
Tomato,Pune,2026-04-04,2405.72,0.72,mandi_simulated
Tomato,Karnal,2026-04-04,2429.31,0.72,mandi_simulated
Tomato,Ludhiana,2026-04-04,2334.97,0.72,mandi_simulated
Tomato,Nagpur,2026-04-04,2311.38,0.72,mandi_simulated
Tomato,Ahmedabad,2026-04-04,2429.31,0.72,mandi_simulated
Tomato,Indore,2026-04-04,2334.97,0.72,mandi_simulated
Tomato,Jaipur,2026-04-04,2334.97,0.72,mandi_simulated
Tomato,Hyderabad,2026-04-04,2429.31,0.72,mandi_simulated
Tomato,Bengaluru,2026-04-04,2287.8,0.72,mandi_simulated
Tomato,Nashik,2026-04-05,2435.25,0.69,mandi_simulated
Tomato,Pune,2026-04-05,2459.36,0.69,mandi_simulated
Tomato,Karnal,2026-04-05,2483.47,0.69,mandi_simulated
Tomato,Ludhiana,2026-04-05,2387.03,0.69,mandi_simulated
Tomato,Nagpur,2026-04-05,2362.92,0.69,mandi_simulated
Tomato,Ahmedabad,2026-04-05,2483.47,0.69,mandi_simulated
Tomato,Indore,2026-04-05,2387.03,0.69,mandi_simulated
Tomato,Jaipur,2026-04-05,2387.03,0.69,mandi_simulated
Tomato,Hyderabad,2026-04-05,2483.47,0.69,mandi_simulated
Tomato,Bengaluru,2026-04-05,2338.81,0.69,mandi_simulated
Tomato,Nashik,2026-04-06,2342.59,0.66,mandi_simulated
Tomato,Pune,2026-04-06,2365.79,0.66,mandi_simulated
Tomato,Karnal,2026-04-06,2388.98,0.66,mandi_simulated
Tomato,Ludhiana,2026-04-06,2296.2,0.66,mandi_simulated
Tomato,Nagpur,2026-04-06,2273.01,0.66,mandi_simulated
Tomato,Ahmedabad,2026-04-06,2388.98,0.66,mandi_simulated
Tomato,Indore,2026-04-06,2296.2,0.66,mandi_simulated
Tomato,Jaipur,2026-04-06,2296.2,0.66,mandi_simulated
Tomato,Hyderabad,2026-04-06,2388.98,0.66,mandi_simulated
Tomato,Bengaluru,2026-04-06,2249.82,0.66,mandi_simulated
Tomato,Nashik,2026-04-07,2448.79,0.63,mandi_simulated
Tomato,Pune,2026-04-07,2473.03,0.63,mandi_simulated
Tomato,Karnal,2026-04-07,2497.28,0.63,mandi_simulated
Tomato,Ludhiana,2026-04-07,2400.29,0.63,mandi_simulated
Tomato,Nagpur,2026-04-07,2376.05,0.63,mandi_simulated
Tomato,Ahmedabad,2026-04-07,2497.28,0.63,mandi_simulated
Tomato,Indore,2026-04-07,2400.29,0.63,mandi_simulated
Tomato,Jaipur,2026-04-07,2400.29,0.63,mandi_simulated
Tomato,Hyderabad,2026-04-07,2497.28,0.63,mandi_simulated
Tomato,Bengaluru,2026-04-07,2351.8,0.63,mandi_simulated
Tomato,Nashik,2026-04-08,2438.81,0.61,mandi_simulated
Tomato,Pune,2026-04-08,2462.96,0.61,mandi_simulated
Tomato,Karnal,2026-04-08,2487.1,0.61,mandi_simulated
Tomato,Ludhiana,2026-04-08,2390.52,0.61,mandi_simulated
Tomato,Nagpur,2026-04-08,2366.37,0.61,mandi_simulated
Tomato,Ahmedabad,2026-04-08,2487.1,0.61,mandi_simulated
Tomato,Indore,2026-04-08,2390.52,0.61,mandi_simulated
Tomato,Jaipur,2026-04-08,2390.52,0.61,mandi_simulated
Tomato,Hyderabad,2026-04-08,2487.1,0.61,mandi_simulated
Tomato,Bengaluru,2026-04-08,2342.22,0.61,mandi_simulated
Tomato,Nashik,2026-04-09,2291.02,0.58,mandi_simulated
Tomato,Pune,2026-04-09,2313.71,0.58,mandi_simulated
Tomato,Karnal,2026-04-09,2336.39,0.58,mandi_simulated
Tomato,Ludhiana,2026-04-09,2245.66,0.58,mandi_simulated
Tomato,Nagpur,2026-04-09,2222.97,0.58,mandi_simulated
Tomato,Ahmedabad,2026-04-09,2336.39,0.58,mandi_simulated
Tomato,Indore,2026-04-09,2245.66,0.58,mandi_simulated
Tomato,Jaipur,2026-04-09,2245.66,0.58,mandi_simulated
Tomato,Hyderabad,2026-04-09,2336.39,0.58,mandi_simulated
Tomato,Bengaluru,2026-04-09,2200.29,0.58,mandi_simulated
Tomato,Nashik,2026-04-10,2434.19,0.55,mandi_simulated
Tomato,Pune,2026-04-10,2458.29,0.55,mandi_simulated
Tomato,Karnal,2026-04-10,2482.39,0.55,mandi_simulated
Tomato,Ludhiana,2026-04-10,2385.99,0.55,mandi_simulated
Tomato,Nagpur,2026-04-10,2361.89,0.55,mandi_simulated
Tomato,Ahmedabad,2026-04-10,2482.39,0.55,mandi_simulated
Tomato,Indore,2026-04-10,2385.99,0.55,mandi_simulated
Tomato,Jaipur,2026-04-10,2385.99,0.55,mandi_simulated
Tomato,Hyderabad,2026-04-10,2482.39,0.55,mandi_simulated
Tomato,Bengaluru,2026-04-10,2337.79,0.55,mandi_simulated
Tomato,Nashik,2026-04-11,2305.86,0.58,mandi_simulated
Tomato,Pune,2026-04-11,2328.69,0.58,mandi_simulated
Tomato,Karnal,2026-04-11,2351.52,0.58,mandi_simulated
Tomato,Ludhiana,2026-04-11,2260.2,0.58,mandi_simulated
Tomato,Nagpur,2026-04-11,2237.37,0.58,mandi_simulated
Tomato,Ahmedabad,2026-04-11,2351.52,0.58,mandi_simulated
Tomato,Indore,2026-04-11,2260.2,0.58,mandi_simulated
Tomato,Jaipur,2026-04-11,2260.2,0.58,mandi_simulated
Tomato,Hyderabad,2026-04-11,2351.52,0.58,mandi_simulated
Tomato,Bengaluru,2026-04-11,2214.54,0.58,mandi_simulated
Tomato,Nashik,2026-04-12,2338.86,0.61,mandi_simulated
Tomato,Pune,2026-04-12,2362.02,0.61,mandi_simulated
Tomato,Karnal,2026-04-12,2385.17,0.61,mandi_simulated
Tomato,Ludhiana,2026-04-12,2292.55,0.61,mandi_simulated
Tomato,Nagpur,2026-04-12,2269.39,0.61,mandi_simulated
Tomato,Ahmedabad,2026-04-12,2385.17,0.61,mandi_simulated
Tomato,Indore,2026-04-12,2292.55,0.61,mandi_simulated
Tomato,Jaipur,2026-04-12,2292.55,0.61,mandi_simulated
Tomato,Hyderabad,2026-04-12,2385.17,0.61,mandi_simulated
Tomato,Bengaluru,2026-04-12,2246.23,0.61,mandi_simulated
Tomato,Nashik,2026-04-13,2356.88,0.64,mandi_simulated
Tomato,Pune,2026-04-13,2380.22,0.64,mandi_simulated
Tomato,Karnal,2026-04-13,2403.55,0.64,mandi_simulated
Tomato,Ludhiana,2026-04-13,2310.21,0.64,mandi_simulated
Tomato,Nagpur,2026-04-13,2286.88,0.64,mandi_simulated
Tomato,Ahmedabad,2026-04-13,2403.55,0.64,mandi_simulated
Tomato,Indore,2026-04-13,2310.21,0.64,mandi_simulated
Tomato,Jaipur,2026-04-13,2310.21,0.64,mandi_simulated
Tomato,Hyderabad,2026-04-13,2403.55,0.64,mandi_simulated
Tomato,Bengaluru,2026-04-13,2263.54,0.64,mandi_simulated
Tomato,Nashik,2026-04-14,2303.96,0.66,mandi_simulated
Tomato,Pune,2026-04-14,2326.77,0.66,mandi_simulated
Tomato,Karnal,2026-04-14,2349.59,0.66,mandi_simulated
Tomato,Ludhiana,2026-04-14,2258.34,0.66,mandi_simulated
Tomato,Nagpur,2026-04-14,2235.53,0.66,mandi_simulated
Tomato,Ahmedabad,2026-04-14,2349.59,0.66,mandi_simulated
Tomato,Indore,2026-04-14,2258.34,0.66,mandi_simulated
Tomato,Jaipur,2026-04-14,2258.34,0.66,mandi_simulated
Tomato,Hyderabad,2026-04-14,2349.59,0.66,mandi_simulated
Tomato,Bengaluru,2026-04-14,2212.72,0.66,mandi_simulated
Tomato,Nashik,2026-04-15,2228.87,0.69,mandi_simulated
Tomato,Pune,2026-04-15,2250.94,0.69,mandi_simulated
Tomato,Karnal,2026-04-15,2273.0,0.69,mandi_simulated
Tomato,Ludhiana,2026-04-15,2184.73,0.69,mandi_simulated
Tomato,Nagpur,2026-04-15,2162.66,0.69,mandi_simulated
Tomato,Ahmedabad,2026-04-15,2273.0,0.69,mandi_simulated
Tomato,Indore,2026-04-15,2184.73,0.69,mandi_simulated
Tomato,Jaipur,2026-04-15,2184.73,0.69,mandi_simulated
Tomato,Hyderabad,2026-04-15,2273.0,0.69,mandi_simulated
Tomato,Bengaluru,2026-04-15,2140.6,0.69,mandi_simulated
Tomato,Nashik,2026-04-16,2370.18,0.72,mandi_simulated
Tomato,Pune,2026-04-16,2393.65,0.72,mandi_simulated
Tomato,Karnal,2026-04-16,2417.12,0.72,mandi_simulated
Tomato,Ludhiana,2026-04-16,2323.25,0.72,mandi_simulated
Tomato,Nagpur,2026-04-16,2299.78,0.72,mandi_simulated
Tomato,Ahmedabad,2026-04-16,2417.12,0.72,mandi_simulated
Tomato,Indore,2026-04-16,2323.25,0.72,mandi_simulated
Tomato,Jaipur,2026-04-16,2323.25,0.72,mandi_simulated
Tomato,Hyderabad,2026-04-16,2417.12,0.72,mandi_simulated
Tomato,Bengaluru,2026-04-16,2276.31,0.72,mandi_simulated
Tomato,Nashik,2026-04-17,2235.91,0.74,mandi_simulated
Tomato,Pune,2026-04-17,2258.04,0.74,mandi_simulated
Tomato,Karnal,2026-04-17,2280.18,0.74,mandi_simulated
Tomato,Ludhiana,2026-04-17,2191.63,0.74,mandi_simulated
Tomato,Nagpur,2026-04-17,2169.49,0.74,mandi_simulated
Tomato,Ahmedabad,2026-04-17,2280.18,0.74,mandi_simulated
Tomato,Indore,2026-04-17,2191.63,0.74,mandi_simulated
Tomato,Jaipur,2026-04-17,2191.63,0.74,mandi_simulated
Tomato,Hyderabad,2026-04-17,2280.18,0.74,mandi_simulated
Tomato,Bengaluru,2026-04-17,2147.35,0.74,mandi_simulated
Tomato,Nashik,2026-04-18,2230.22,0.77,mandi_simulated
Tomato,Pune,2026-04-18,2252.31,0.77,mandi_simulated
Tomato,Karnal,2026-04-18,2274.39,0.77,mandi_simulated
Tomato,Ludhiana,2026-04-18,2186.06,0.77,mandi_simulated
Tomato,Nagpur,2026-04-18,2163.98,0.77,mandi_simulated
Tomato,Ahmedabad,2026-04-18,2274.39,0.77,mandi_simulated
Tomato,Indore,2026-04-18,2186.06,0.77,mandi_simulated
Tomato,Jaipur,2026-04-18,2186.06,0.77,mandi_simulated
Tomato,Hyderabad,2026-04-18,2274.39,0.77,mandi_simulated
Tomato,Bengaluru,2026-04-18,2141.9,0.77,mandi_simulated
Tomato,Nashik,2026-04-19,2325.11,0.79,mandi_simulated
Tomato,Pune,2026-04-19,2348.13,0.79,mandi_simulated
Tomato,Karnal,2026-04-19,2371.15,0.79,mandi_simulated
Tomato,Ludhiana,2026-04-19,2279.07,0.79,mandi_simulated
Tomato,Nagpur,2026-04-19,2256.04,0.79,mandi_simulated
Tomato,Ahmedabad,2026-04-19,2371.15,0.79,mandi_simulated
Tomato,Indore,2026-04-19,2279.07,0.79,mandi_simulated
Tomato,Jaipur,2026-04-19,2279.07,0.79,mandi_simulated
Tomato,Hyderabad,2026-04-19,2371.15,0.79,mandi_simulated
Tomato,Bengaluru,2026-04-19,2233.02,0.79,mandi_simulated
Tomato,Nashik,2026-04-20,2230.1,0.81,mandi_simulated
Tomato,Pune,2026-04-20,2252.19,0.81,mandi_simulated
Tomato,Karnal,2026-04-20,2274.27,0.81,mandi_simulated
Tomato,Ludhiana,2026-04-20,2185.94,0.81,mandi_simulated
Tomato,Nagpur,2026-04-20,2163.86,0.81,mandi_simulated
Tomato,Ahmedabad,2026-04-20,2274.27,0.81,mandi_simulated
Tomato,Indore,2026-04-20,2185.94,0.81,mandi_simulated
Tomato,Jaipur,2026-04-20,2185.94,0.81,mandi_simulated
Tomato,Hyderabad,2026-04-20,2274.27,0.81,mandi_simulated
Tomato,Bengaluru,2026-04-20,2141.78,0.81,mandi_simulated
Tomato,Nashik,2026-04-21,2315.1,0.83,mandi_simulated
Tomato,Pune,2026-04-21,2338.02,0.83,mandi_simulated
Tomato,Karnal,2026-04-21,2360.94,0.83,mandi_simulated
Tomato,Ludhiana,2026-04-21,2269.25,0.83,mandi_simulated
Tomato,Nagpur,2026-04-21,2246.33,0.83,mandi_simulated
Tomato,Ahmedabad,2026-04-21,2360.94,0.83,mandi_simulated
Tomato,Indore,2026-04-21,2269.25,0.83,mandi_simulated
Tomato,Jaipur,2026-04-21,2269.25,0.83,mandi_simulated
Tomato,Hyderabad,2026-04-21,2360.94,0.83,mandi_simulated
Tomato,Bengaluru,2026-04-21,2223.41,0.83,mandi_simulated
Tomato,Nashik,2026-04-22,2270.36,0.85,mandi_simulated
Tomato,Pune,2026-04-22,2292.84,0.85,mandi_simulated
Tomato,Karnal,2026-04-22,2315.32,0.85,mandi_simulated
Tomato,Ludhiana,2026-04-22,2225.4,0.85,mandi_simulated
Tomato,Nagpur,2026-04-22,2202.93,0.85,mandi_simulated
Tomato,Ahmedabad,2026-04-22,2315.32,0.85,mandi_simulated
Tomato,Indore,2026-04-22,2225.4,0.85,mandi_simulated
Tomato,Jaipur,2026-04-22,2225.4,0.85,mandi_simulated
Tomato,Hyderabad,2026-04-22,2315.32,0.85,mandi_simulated
Tomato,Bengaluru,2026-04-22,2180.45,0.85,mandi_simulated
Tomato,Nashik,2026-04-23,2182.23,0.87,mandi_simulated
Tomato,Pune,2026-04-23,2203.84,0.87,mandi_simulated
Tomato,Karnal,2026-04-23,2225.44,0.87,mandi_simulated
Tomato,Ludhiana,2026-04-23,2139.02,0.87,mandi_simulated
Tomato,Nagpur,2026-04-23,2117.41,0.87,mandi_simulated
Tomato,Ahmedabad,2026-04-23,2225.44,0.87,mandi_simulated
Tomato,Indore,2026-04-23,2139.02,0.87,mandi_simulated
Tomato,Jaipur,2026-04-23,2139.02,0.87,mandi_simulated
Tomato,Hyderabad,2026-04-23,2225.44,0.87,mandi_simulated
Tomato,Bengaluru,2026-04-23,2095.8,0.87,mandi_simulated
Tomato,Nashik,2026-04-24,2123.01,0.89,mandi_simulated
Tomato,Pune,2026-04-24,2144.03,0.89,mandi_simulated
Tomato,Karnal,2026-04-24,2165.05,0.89,mandi_simulated
Tomato,Ludhiana,2026-04-24,2080.97,0.89,mandi_simulated
Tomato,Nagpur,2026-04-24,2059.95,0.89,mandi_simulated
Tomato,Ahmedabad,2026-04-24,2165.05,0.89,mandi_simulated
Tomato,Indore,2026-04-24,2080.97,0.89,mandi_simulated
Tomato,Jaipur,2026-04-24,2080.97,0.89,mandi_simulated
Tomato,Hyderabad,2026-04-24,2165.05,0.89,mandi_simulated
Tomato,Bengaluru,2026-04-24,2038.93,0.89,mandi_simulated
Tomato,Nashik,2026-04-25,2276.02,0.9,mandi_simulated
Tomato,Pune,2026-04-25,2298.56,0.9,mandi_simulated
Tomato,Karnal,2026-04-25,2321.09,0.9,mandi_simulated
Tomato,Ludhiana,2026-04-25,2230.95,0.9,mandi_simulated
Tomato,Nagpur,2026-04-25,2208.42,0.9,mandi_simulated
Tomato,Ahmedabad,2026-04-25,2321.09,0.9,mandi_simulated
Tomato,Indore,2026-04-25,2230.95,0.9,mandi_simulated
Tomato,Jaipur,2026-04-25,2230.95,0.9,mandi_simulated
Tomato,Hyderabad,2026-04-25,2321.09,0.9,mandi_simulated
Tomato,Bengaluru,2026-04-25,2185.88,0.9,mandi_simulated
Tomato,Nashik,2026-04-26,2112.61,0.91,mandi_simulated
Tomato,Pune,2026-04-26,2133.52,0.91,mandi_simulated
Tomato,Karnal,2026-04-26,2154.44,0.91,mandi_simulated
Tomato,Ludhiana,2026-04-26,2070.77,0.91,mandi_simulated
Tomato,Nagpur,2026-04-26,2049.85,0.91,mandi_simulated
Tomato,Ahmedabad,2026-04-26,2154.44,0.91,mandi_simulated
Tomato,Indore,2026-04-26,2070.77,0.91,mandi_simulated
Tomato,Jaipur,2026-04-26,2070.77,0.91,mandi_simulated
Tomato,Hyderabad,2026-04-26,2154.44,0.91,mandi_simulated
Tomato,Bengaluru,2026-04-26,2028.94,0.91,mandi_simulated
Tomato,Nashik,2026-04-27,2211.26,0.93,mandi_simulated
Tomato,Pune,2026-04-27,2233.15,0.93,mandi_simulated
Tomato,Karnal,2026-04-27,2255.05,0.93,mandi_simulated
Tomato,Ludhiana,2026-04-27,2167.47,0.93,mandi_simulated
Tomato,Nagpur,2026-04-27,2145.58,0.93,mandi_simulated
Tomato,Ahmedabad,2026-04-27,2255.05,0.93,mandi_simulated
Tomato,Indore,2026-04-27,2167.47,0.93,mandi_simulated
Tomato,Jaipur,2026-04-27,2167.47,0.93,mandi_simulated
Tomato,Hyderabad,2026-04-27,2255.05,0.93,mandi_simulated
Tomato,Bengaluru,2026-04-27,2123.69,0.93,mandi_simulated
Tomato,Nashik,2026-04-28,2159.23,0.93,mandi_simulated
Tomato,Pune,2026-04-28,2180.61,0.93,mandi_simulated
Tomato,Karnal,2026-04-28,2201.98,0.93,mandi_simulated
Tomato,Ludhiana,2026-04-28,2116.47,0.93,mandi_simulated
Tomato,Nagpur,2026-04-28,2095.09,0.93,mandi_simulated
Tomato,Ahmedabad,2026-04-28,2201.98,0.93,mandi_simulated
Tomato,Indore,2026-04-28,2116.47,0.93,mandi_simulated
Tomato,Jaipur,2026-04-28,2116.47,0.93,mandi_simulated
Tomato,Hyderabad,2026-04-28,2201.98,0.93,mandi_simulated
Tomato,Bengaluru,2026-04-28,2073.71,0.93,mandi_simulated
Tomato,Nashik,2026-04-29,2194.1,0.94,mandi_simulated
Tomato,Pune,2026-04-29,2215.82,0.94,mandi_simulated
Tomato,Karnal,2026-04-29,2237.54,0.94,mandi_simulated
Tomato,Ludhiana,2026-04-29,2150.65,0.94,mandi_simulated
Tomato,Nagpur,2026-04-29,2128.93,0.94,mandi_simulated
Tomato,Ahmedabad,2026-04-29,2237.54,0.94,mandi_simulated
Tomato,Indore,2026-04-29,2150.65,0.94,mandi_simulated
Tomato,Jaipur,2026-04-29,2150.65,0.94,mandi_simulated
Tomato,Hyderabad,2026-04-29,2237.54,0.94,mandi_simulated
Tomato,Bengaluru,2026-04-29,2107.2,0.94,mandi_simulated
Tomato,Nashik,2026-04-30,2171.16,0.95,mandi_simulated
Tomato,Pune,2026-04-30,2192.65,0.95,mandi_simulated
Tomato,Karnal,2026-04-30,2214.15,0.95,mandi_simulated
Tomato,Ludhiana,2026-04-30,2128.16,0.95,mandi_simulated
Tomato,Nagpur,2026-04-30,2106.67,0.95,mandi_simulated
Tomato,Ahmedabad,2026-04-30,2214.15,0.95,mandi_simulated
Tomato,Indore,2026-04-30,2128.16,0.95,mandi_simulated
Tomato,Jaipur,2026-04-30,2128.16,0.95,mandi_simulated
Tomato,Hyderabad,2026-04-30,2214.15,0.95,mandi_simulated
Tomato,Bengaluru,2026-04-30,2085.17,0.95,mandi_simulated
Tomato,Nashik,2026-05-01,2152.64,0.95,mandi_simulated
Tomato,Pune,2026-05-01,2173.95,0.95,mandi_simulated
Tomato,Karnal,2026-05-01,2195.26,0.95,mandi_simulated
Tomato,Ludhiana,2026-05-01,2110.01,0.95,mandi_simulated
Tomato,Nagpur,2026-05-01,2088.7,0.95,mandi_simulated
Tomato,Ahmedabad,2026-05-01,2195.26,0.95,mandi_simulated
Tomato,Indore,2026-05-01,2110.01,0.95,mandi_simulated
Tomato,Jaipur,2026-05-01,2110.01,0.95,mandi_simulated
Tomato,Hyderabad,2026-05-01,2195.26,0.95,mandi_simulated
Tomato,Bengaluru,2026-05-01,2067.38,0.95,mandi_simulated
Tomato,Nashik,2026-05-02,2115.96,0.95,mandi_simulated
Tomato,Pune,2026-05-02,2136.91,0.95,mandi_simulated
Tomato,Karnal,2026-05-02,2157.86,0.95,mandi_simulated
Tomato,Ludhiana,2026-05-02,2074.06,0.95,mandi_simulated
Tomato,Nagpur,2026-05-02,2053.11,0.95,mandi_simulated
Tomato,Ahmedabad,2026-05-02,2157.86,0.95,mandi_simulated
Tomato,Indore,2026-05-02,2074.06,0.95,mandi_simulated
Tomato,Jaipur,2026-05-02,2074.06,0.95,mandi_simulated
Tomato,Hyderabad,2026-05-02,2157.86,0.95,mandi_simulated
Tomato,Bengaluru,2026-05-02,2032.16,0.95,mandi_simulated
Tomato,Nashik,2026-05-03,2157.13,0.95,mandi_simulated
Tomato,Pune,2026-05-03,2178.49,0.95,mandi_simulated
Tomato,Karnal,2026-05-03,2199.85,0.95,mandi_simulated
Tomato,Ludhiana,2026-05-03,2114.42,0.95,mandi_simulated
Tomato,Nagpur,2026-05-03,2093.06,0.95,mandi_simulated
Tomato,Ahmedabad,2026-05-03,2199.85,0.95,mandi_simulated
Tomato,Indore,2026-05-03,2114.42,0.95,mandi_simulated
Tomato,Jaipur,2026-05-03,2114.42,0.95,mandi_simulated
Tomato,Hyderabad,2026-05-03,2199.85,0.95,mandi_simulated
Tomato,Bengaluru,2026-05-03,2071.7,0.95,mandi_simulated
Tomato,Nashik,2026-05-04,2030.2,0.95,mandi_simulated
Tomato,Pune,2026-05-04,2050.3,0.95,mandi_simulated
Tomato,Karnal,2026-05-04,2070.4,0.95,mandi_simulated
Tomato,Ludhiana,2026-05-04,1990.0,0.95,mandi_simulated
Tomato,Nagpur,2026-05-04,1969.9,0.95,mandi_simulated
Tomato,Ahmedabad,2026-05-04,2070.4,0.95,mandi_simulated
Tomato,Indore,2026-05-04,1990.0,0.95,mandi_simulated
Tomato,Jaipur,2026-05-04,1990.0,0.95,mandi_simulated
Tomato,Hyderabad,2026-05-04,2070.4,0.95,mandi_simulated
Tomato,Bengaluru,2026-05-04,1949.79,0.95,mandi_simulated
Tomato,Nashik,2026-05-05,2043.35,0.94,mandi_simulated
Tomato,Pune,2026-05-05,2063.58,0.94,mandi_simulated
Tomato,Karnal,2026-05-05,2083.81,0.94,mandi_simulated
Tomato,Ludhiana,2026-05-05,2002.89,0.94,mandi_simulated
Tomato,Nagpur,2026-05-05,1982.66,0.94,mandi_simulated
Tomato,Ahmedabad,2026-05-05,2083.81,0.94,mandi_simulated
Tomato,Indore,2026-05-05,2002.89,0.94,mandi_simulated
Tomato,Jaipur,2026-05-05,2002.89,0.94,mandi_simulated
Tomato,Hyderabad,2026-05-05,2083.81,0.94,mandi_simulated
Tomato,Bengaluru,2026-05-05,1962.43,0.94,mandi_simulated
Tomato,Nashik,2026-05-06,2113.87,0.93,mandi_simulated
Tomato,Pune,2026-05-06,2134.8,0.93,mandi_simulated
Tomato,Karnal,2026-05-06,2155.72,0.93,mandi_simulated
Tomato,Ludhiana,2026-05-06,2072.01,0.93,mandi_simulated
Tomato,Nagpur,2026-05-06,2051.08,0.93,mandi_simulated
Tomato,Ahmedabad,2026-05-06,2155.72,0.93,mandi_simulated
Tomato,Indore,2026-05-06,2072.01,0.93,mandi_simulated
Tomato,Jaipur,2026-05-06,2072.01,0.93,mandi_simulated
Tomato,Hyderabad,2026-05-06,2155.72,0.93,mandi_simulated
Tomato,Bengaluru,2026-05-06,2030.15,0.93,mandi_simulated
Tomato,Nashik,2026-05-07,2042.47,0.92,mandi_simulated
Tomato,Pune,2026-05-07,2062.69,0.92,mandi_simulated
Tomato,Karnal,2026-05-07,2082.91,0.92,mandi_simulated
Tomato,Ludhiana,2026-05-07,2002.02,0.92,mandi_simulated
Tomato,Nagpur,2026-05-07,1981.8,0.92,mandi_simulated
Tomato,Ahmedabad,2026-05-07,2082.91,0.92,mandi_simulated
Tomato,Indore,2026-05-07,2002.02,0.92,mandi_simulated
Tomato,Jaipur,2026-05-07,2002.02,0.92,mandi_simulated
Tomato,Hyderabad,2026-05-07,2082.91,0.92,mandi_simulated
Tomato,Bengaluru,2026-05-07,1961.58,0.92,mandi_simulated
Tomato,Nashik,2026-05-08,2081.55,0.91,mandi_simulated
Tomato,Pune,2026-05-08,2102.16,0.91,mandi_simulated
Tomato,Karnal,2026-05-08,2122.77,0.91,mandi_simulated
Tomato,Ludhiana,2026-05-08,2040.33,0.91,mandi_simulated
Tomato,Nagpur,2026-05-08,2019.72,0.91,mandi_simulated
Tomato,Ahmedabad,2026-05-08,2122.77,0.91,mandi_simulated
Tomato,Indore,2026-05-08,2040.33,0.91,mandi_simulated
Tomato,Jaipur,2026-05-08,2040.33,0.91,mandi_simulated
Tomato,Hyderabad,2026-05-08,2122.77,0.91,mandi_simulated
Tomato,Bengaluru,2026-05-08,1999.11,0.91,mandi_simulated
Tomato,Nashik,2026-05-09,2057.82,0.9,mandi_simulated
Tomato,Pune,2026-05-09,2078.19,0.9,mandi_simulated
Tomato,Karnal,2026-05-09,2098.57,0.9,mandi_simulated
Tomato,Ludhiana,2026-05-09,2017.07,0.9,mandi_simulated
Tomato,Nagpur,2026-05-09,1996.7,0.9,mandi_simulated
Tomato,Ahmedabad,2026-05-09,2098.57,0.9,mandi_simulated
Tomato,Indore,2026-05-09,2017.07,0.9,mandi_simulated
Tomato,Jaipur,2026-05-09,2017.07,0.9,mandi_simulated
Tomato,Hyderabad,2026-05-09,2098.57,0.9,mandi_simulated
Tomato,Bengaluru,2026-05-09,1976.32,0.9,mandi_simulated
Tomato,Nashik,2026-05-10,2062.27,0.89,mandi_simulated
Tomato,Pune,2026-05-10,2082.69,0.89,mandi_simulated
Tomato,Karnal,2026-05-10,2103.11,0.89,mandi_simulated
Tomato,Ludhiana,2026-05-10,2021.44,0.89,mandi_simulated
Tomato,Nagpur,2026-05-10,2001.02,0.89,mandi_simulated
Tomato,Ahmedabad,2026-05-10,2103.11,0.89,mandi_simulated
Tomato,Indore,2026-05-10,2021.44,0.89,mandi_simulated
Tomato,Jaipur,2026-05-10,2021.44,0.89,mandi_simulated
Tomato,Hyderabad,2026-05-10,2103.11,0.89,mandi_simulated
Tomato,Bengaluru,2026-05-10,1980.6,0.89,mandi_simulated
Tomato,Nashik,2026-05-11,2040.71,0.87,mandi_simulated
Tomato,Pune,2026-05-11,2060.91,0.87,mandi_simulated
Tomato,Karnal,2026-05-11,2081.12,0.87,mandi_simulated
Tomato,Ludhiana,2026-05-11,2000.3,0.87,mandi_simulated
Tomato,Nagpur,2026-05-11,1980.09,0.87,mandi_simulated
Tomato,Ahmedabad,2026-05-11,2081.12,0.87,mandi_simulated
Tomato,Indore,2026-05-11,2000.3,0.87,mandi_simulated
Tomato,Jaipur,2026-05-11,2000.3,0.87,mandi_simulated
Tomato,Hyderabad,2026-05-11,2081.12,0.87,mandi_simulated
Tomato,Bengaluru,2026-05-11,1959.89,0.87,mandi_simulated
Tomato,Nashik,2026-05-12,2089.84,0.85,mandi_simulated
Tomato,Pune,2026-05-12,2110.54,0.85,mandi_simulated
Tomato,Karnal,2026-05-12,2131.23,0.85,mandi_simulated
Tomato,Ludhiana,2026-05-12,2048.46,0.85,mandi_simulated
Tomato,Nagpur,2026-05-12,2027.77,0.85,mandi_simulated
Tomato,Ahmedabad,2026-05-12,2131.23,0.85,mandi_simulated
Tomato,Indore,2026-05-12,2048.46,0.85,mandi_simulated
Tomato,Jaipur,2026-05-12,2048.46,0.85,mandi_simulated
Tomato,Hyderabad,2026-05-12,2131.23,0.85,mandi_simulated
Tomato,Bengaluru,2026-05-12,2007.08,0.85,mandi_simulated
Tomato,Nashik,2026-05-13,2019.23,0.83,mandi_simulated
Tomato,Pune,2026-05-13,2039.22,0.83,mandi_simulated
Tomato,Karnal,2026-05-13,2059.22,0.83,mandi_simulated
Tomato,Ludhiana,2026-05-13,1979.25,0.83,mandi_simulated
Tomato,Nagpur,2026-05-13,1959.25,0.83,mandi_simulated
Tomato,Ahmedabad,2026-05-13,2059.22,0.83,mandi_simulated
Tomato,Indore,2026-05-13,1979.25,0.83,mandi_simulated
Tomato,Jaipur,2026-05-13,1979.25,0.83,mandi_simulated
Tomato,Hyderabad,2026-05-13,2059.22,0.83,mandi_simulated
Tomato,Bengaluru,2026-05-13,1939.26,0.83,mandi_simulated
Tomato,Nashik,2026-05-14,2078.4,0.81,mandi_simulated
Tomato,Pune,2026-05-14,2098.98,0.81,mandi_simulated
Tomato,Karnal,2026-05-14,2119.56,0.81,mandi_simulated
Tomato,Ludhiana,2026-05-14,2037.25,0.81,mandi_simulated
Tomato,Nagpur,2026-05-14,2016.67,0.81,mandi_simulated
Tomato,Ahmedabad,2026-05-14,2119.56,0.81,mandi_simulated
Tomato,Indore,2026-05-14,2037.25,0.81,mandi_simulated
Tomato,Jaipur,2026-05-14,2037.25,0.81,mandi_simulated
Tomato,Hyderabad,2026-05-14,2119.56,0.81,mandi_simulated
Tomato,Bengaluru,2026-05-14,1996.09,0.81,mandi_simulated
Tomato,Nashik,2026-05-15,2006.88,0.79,mandi_simulated
Tomato,Pune,2026-05-15,2026.75,0.79,mandi_simulated
Tomato,Karnal,2026-05-15,2046.62,0.79,mandi_simulated
Tomato,Ludhiana,2026-05-15,1967.14,0.79,mandi_simulated
Tomato,Nagpur,2026-05-15,1947.27,0.79,mandi_simulated
Tomato,Ahmedabad,2026-05-15,2046.62,0.79,mandi_simulated
Tomato,Indore,2026-05-15,1967.14,0.79,mandi_simulated
Tomato,Jaipur,2026-05-15,1967.14,0.79,mandi_simulated
Tomato,Hyderabad,2026-05-15,2046.62,0.79,mandi_simulated
Tomato,Bengaluru,2026-05-15,1927.4,0.79,mandi_simulated
Tomato,Nashik,2026-05-16,2003.69,0.77,mandi_simulated
Tomato,Pune,2026-05-16,2023.53,0.77,mandi_simulated
Tomato,Karnal,2026-05-16,2043.37,0.77,mandi_simulated
Tomato,Ludhiana,2026-05-16,1964.01,0.77,mandi_simulated
Tomato,Nagpur,2026-05-16,1944.18,0.77,mandi_simulated
Tomato,Ahmedabad,2026-05-16,2043.37,0.77,mandi_simulated
Tomato,Indore,2026-05-16,1964.01,0.77,mandi_simulated
Tomato,Jaipur,2026-05-16,1964.01,0.77,mandi_simulated
Tomato,Hyderabad,2026-05-16,2043.37,0.77,mandi_simulated
Tomato,Bengaluru,2026-05-16,1924.34,0.77,mandi_simulated
Tomato,Nashik,2026-05-17,1983.15,0.74,mandi_simulated
Tomato,Pune,2026-05-17,2002.78,0.74,mandi_simulated
Tomato,Karnal,2026-05-17,2022.42,0.74,mandi_simulated
Tomato,Ludhiana,2026-05-17,1943.88,0.74,mandi_simulated
Tomato,Nagpur,2026-05-17,1924.24,0.74,mandi_simulated
Tomato,Ahmedabad,2026-05-17,2022.42,0.74,mandi_simulated
Tomato,Indore,2026-05-17,1943.88,0.74,mandi_simulated
Tomato,Jaipur,2026-05-17,1943.88,0.74,mandi_simulated
Tomato,Hyderabad,2026-05-17,2022.42,0.74,mandi_simulated
Tomato,Bengaluru,2026-05-17,1904.61,0.74,mandi_simulated
Tomato,Nashik,2026-05-18,1996.6,0.71,mandi_simulated
Tomato,Pune,2026-05-18,2016.37,0.71,mandi_simulated
Tomato,Karnal,2026-05-18,2036.14,0.71,mandi_simulated
Tomato,Ludhiana,2026-05-18,1957.06,0.71,mandi_simulated
Tomato,Nagpur,2026-05-18,1937.29,0.71,mandi_simulated
Tomato,Ahmedabad,2026-05-18,2036.14,0.71,mandi_simulated
Tomato,Indore,2026-05-18,1957.06,0.71,mandi_simulated
Tomato,Jaipur,2026-05-18,1957.06,0.71,mandi_simulated
Tomato,Hyderabad,2026-05-18,2036.14,0.71,mandi_simulated
Tomato,Bengaluru,2026-05-18,1917.53,0.71,mandi_simulated
Tomato,Nashik,2026-05-19,1987.14,0.69,mandi_simulated
Tomato,Pune,2026-05-19,2006.82,0.69,mandi_simulated
Tomato,Karnal,2026-05-19,2026.49,0.69,mandi_simulated
Tomato,Ludhiana,2026-05-19,1947.79,0.69,mandi_simulated
Tomato,Nagpur,2026-05-19,1928.12,0.69,mandi_simulated
Tomato,Ahmedabad,2026-05-19,2026.49,0.69,mandi_simulated
Tomato,Indore,2026-05-19,1947.79,0.69,mandi_simulated
Tomato,Jaipur,2026-05-19,1947.79,0.69,mandi_simulated
Tomato,Hyderabad,2026-05-19,2026.49,0.69,mandi_simulated
Tomato,Bengaluru,2026-05-19,1908.44,0.69,mandi_simulated
Tomato,Nashik,2026-05-20,2058.83,0.66,mandi_simulated
Tomato,Pune,2026-05-20,2079.21,0.66,mandi_simulated
Tomato,Karnal,2026-05-20,2099.6,0.66,mandi_simulated
Tomato,Ludhiana,2026-05-20,2018.06,0.66,mandi_simulated
Tomato,Nagpur,2026-05-20,1997.68,0.66,mandi_simulated
Tomato,Ahmedabad,2026-05-20,2099.6,0.66,mandi_simulated
Tomato,Indore,2026-05-20,2018.06,0.66,mandi_simulated
Tomato,Jaipur,2026-05-20,2018.06,0.66,mandi_simulated
Tomato,Hyderabad,2026-05-20,2099.6,0.66,mandi_simulated
Tomato,Bengaluru,2026-05-20,1977.29,0.66,mandi_simulated
Tomato,Nashik,2026-05-21,2100.33,0.63,mandi_simulated
Tomato,Pune,2026-05-21,2121.13,0.63,mandi_simulated
Tomato,Karnal,2026-05-21,2141.92,0.63,mandi_simulated
Tomato,Ludhiana,2026-05-21,2058.74,0.63,mandi_simulated
Tomato,Nagpur,2026-05-21,2037.95,0.63,mandi_simulated
Tomato,Ahmedabad,2026-05-21,2141.92,0.63,mandi_simulated
Tomato,Indore,2026-05-21,2058.74,0.63,mandi_simulated
Tomato,Jaipur,2026-05-21,2058.74,0.63,mandi_simulated
Tomato,Hyderabad,2026-05-21,2141.92,0.63,mandi_simulated
Tomato,Bengaluru,2026-05-21,2017.15,0.63,mandi_simulated
Tomato,Nashik,2026-05-22,2010.29,0.61,mandi_simulated
Tomato,Pune,2026-05-22,2030.19,0.61,mandi_simulated
Tomato,Karnal,2026-05-22,2050.09,0.61,mandi_simulated
Tomato,Ludhiana,2026-05-22,1970.48,0.61,mandi_simulated
Tomato,Nagpur,2026-05-22,1950.58,0.61,mandi_simulated
Tomato,Ahmedabad,2026-05-22,2050.09,0.61,mandi_simulated
Tomato,Indore,2026-05-22,1970.48,0.61,mandi_simulated
Tomato,Jaipur,2026-05-22,1970.48,0.61,mandi_simulated
Tomato,Hyderabad,2026-05-22,2050.09,0.61,mandi_simulated
Tomato,Bengaluru,2026-05-22,1930.67,0.61,mandi_simulated
Tomato,Nashik,2026-05-23,2021.13,0.58,mandi_simulated
Tomato,Pune,2026-05-23,2041.14,0.58,mandi_simulated
Tomato,Karnal,2026-05-23,2061.16,0.58,mandi_simulated
Tomato,Ludhiana,2026-05-23,1981.11,0.58,mandi_simulated
Tomato,Nagpur,2026-05-23,1961.1,0.58,mandi_simulated
Tomato,Ahmedabad,2026-05-23,2061.16,0.58,mandi_simulated
Tomato,Indore,2026-05-23,1981.11,0.58,mandi_simulated
Tomato,Jaipur,2026-05-23,1981.11,0.58,mandi_simulated
Tomato,Hyderabad,2026-05-23,2061.16,0.58,mandi_simulated
Tomato,Bengaluru,2026-05-23,1941.09,0.58,mandi_simulated
Tomato,Nashik,2026-05-24,2072.01,0.55,mandi_simulated
Tomato,Pune,2026-05-24,2092.52,0.55,mandi_simulated
Tomato,Karnal,2026-05-24,2113.04,0.55,mandi_simulated
Tomato,Ludhiana,2026-05-24,2030.98,0.55,mandi_simulated
Tomato,Nagpur,2026-05-24,2010.46,0.55,mandi_simulated
Tomato,Ahmedabad,2026-05-24,2113.04,0.55,mandi_simulated
Tomato,Indore,2026-05-24,2030.98,0.55,mandi_simulated
Tomato,Jaipur,2026-05-24,2030.98,0.55,mandi_simulated
Tomato,Hyderabad,2026-05-24,2113.04,0.55,mandi_simulated
Tomato,Bengaluru,2026-05-24,1989.95,0.55,mandi_simulated
Tomato,Nashik,2026-05-25,2119.33,0.58,mandi_simulated
Tomato,Pune,2026-05-25,2140.31,0.58,mandi_simulated
Tomato,Karnal,2026-05-25,2161.3,0.58,mandi_simulated
Tomato,Ludhiana,2026-05-25,2077.36,0.58,mandi_simulated
Tomato,Nagpur,2026-05-25,2056.38,0.58,mandi_simulated
Tomato,Ahmedabad,2026-05-25,2161.3,0.58,mandi_simulated
Tomato,Indore,2026-05-25,2077.36,0.58,mandi_simulated
Tomato,Jaipur,2026-05-25,2077.36,0.58,mandi_simulated
Tomato,Hyderabad,2026-05-25,2161.3,0.58,mandi_simulated
Tomato,Bengaluru,2026-05-25,2035.39,0.58,mandi_simulated
Tomato,Nashik,2026-05-26,2169.58,0.61,mandi_simulated
Tomato,Pune,2026-05-26,2191.06,0.61,mandi_simulated
Tomato,Karnal,2026-05-26,2212.55,0.61,mandi_simulated
Tomato,Ludhiana,2026-05-26,2126.62,0.61,mandi_simulated
Tomato,Nagpur,2026-05-26,2105.14,0.61,mandi_simulated
Tomato,Ahmedabad,2026-05-26,2212.55,0.61,mandi_simulated
Tomato,Indore,2026-05-26,2126.62,0.61,mandi_simulated
Tomato,Jaipur,2026-05-26,2126.62,0.61,mandi_simulated
Tomato,Hyderabad,2026-05-26,2212.55,0.61,mandi_simulated
Tomato,Bengaluru,2026-05-26,2083.66,0.61,mandi_simulated
Tomato,Nashik,2026-05-27,2102.65,0.64,mandi_simulated
Tomato,Pune,2026-05-27,2123.47,0.64,mandi_simulated
Tomato,Karnal,2026-05-27,2144.29,0.64,mandi_simulated
Tomato,Ludhiana,2026-05-27,2061.02,0.64,mandi_simulated
Tomato,Nagpur,2026-05-27,2040.2,0.64,mandi_simulated
Tomato,Ahmedabad,2026-05-27,2144.29,0.64,mandi_simulated
Tomato,Indore,2026-05-27,2061.02,0.64,mandi_simulated
Tomato,Jaipur,2026-05-27,2061.02,0.64,mandi_simulated
Tomato,Hyderabad,2026-05-27,2144.29,0.64,mandi_simulated
Tomato,Bengaluru,2026-05-27,2019.38,0.64,mandi_simulated
Tomato,Nashik,2026-05-28,2071.15,0.66,mandi_simulated
Tomato,Pune,2026-05-28,2091.65,0.66,mandi_simulated
Tomato,Karnal,2026-05-28,2112.16,0.66,mandi_simulated
Tomato,Ludhiana,2026-05-28,2030.13,0.66,mandi_simulated
Tomato,Nagpur,2026-05-28,2009.63,0.66,mandi_simulated
Tomato,Ahmedabad,2026-05-28,2112.16,0.66,mandi_simulated
Tomato,Indore,2026-05-28,2030.13,0.66,mandi_simulated
Tomato,Jaipur,2026-05-28,2030.13,0.66,mandi_simulated
Tomato,Hyderabad,2026-05-28,2112.16,0.66,mandi_simulated
Tomato,Bengaluru,2026-05-28,1989.12,0.66,mandi_simulated
Tomato,Nashik,2026-05-29,2049.84,0.69,mandi_simulated
Tomato,Pune,2026-05-29,2070.14,0.69,mandi_simulated
Tomato,Karnal,2026-05-29,2090.43,0.69,mandi_simulated
Tomato,Ludhiana,2026-05-29,2009.25,0.69,mandi_simulated
Tomato,Nagpur,2026-05-29,1988.96,0.69,mandi_simulated
Tomato,Ahmedabad,2026-05-29,2090.43,0.69,mandi_simulated
Tomato,Indore,2026-05-29,2009.25,0.69,mandi_simulated
Tomato,Jaipur,2026-05-29,2009.25,0.69,mandi_simulated
Tomato,Hyderabad,2026-05-29,2090.43,0.69,mandi_simulated
Tomato,Bengaluru,2026-05-29,1968.66,0.69,mandi_simulated
Tomato,Nashik,2026-05-30,2075.73,0.72,mandi_simulated
Tomato,Pune,2026-05-30,2096.28,0.72,mandi_simulated
Tomato,Karnal,2026-05-30,2116.84,0.72,mandi_simulated
Tomato,Ludhiana,2026-05-30,2034.63,0.72,mandi_simulated
Tomato,Nagpur,2026-05-30,2014.08,0.72,mandi_simulated
Tomato,Ahmedabad,2026-05-30,2116.84,0.72,mandi_simulated
Tomato,Indore,2026-05-30,2034.63,0.72,mandi_simulated
Tomato,Jaipur,2026-05-30,2034.63,0.72,mandi_simulated
Tomato,Hyderabad,2026-05-30,2116.84,0.72,mandi_simulated
Tomato,Bengaluru,2026-05-30,1993.53,0.72,mandi_simulated
Tomato,Nashik,2026-05-31,2091.92,0.74,mandi_simulated
Tomato,Pune,2026-05-31,2112.64,0.74,mandi_simulated
Tomato,Karnal,2026-05-31,2133.35,0.74,mandi_simulated
Tomato,Ludhiana,2026-05-31,2050.5,0.74,mandi_simulated
Tomato,Nagpur,2026-05-31,2029.79,0.74,mandi_simulated
Tomato,Ahmedabad,2026-05-31,2133.35,0.74,mandi_simulated
Tomato,Indore,2026-05-31,2050.5,0.74,mandi_simulated
Tomato,Jaipur,2026-05-31,2050.5,0.74,mandi_simulated
Tomato,Hyderabad,2026-05-31,2133.35,0.74,mandi_simulated
Tomato,Bengaluru,2026-05-31,2009.08,0.74,mandi_simulated
Tomato,Nashik,2026-06-01,2094.57,0.77,mandi_simulated
Tomato,Pune,2026-06-01,2115.31,0.77,mandi_simulated
Tomato,Karnal,2026-06-01,2136.05,0.77,mandi_simulated
Tomato,Ludhiana,2026-06-01,2053.09,0.77,mandi_simulated
Tomato,Nagpur,2026-06-01,2032.36,0.77,mandi_simulated
Tomato,Ahmedabad,2026-06-01,2136.05,0.77,mandi_simulated
Tomato,Indore,2026-06-01,2053.09,0.77,mandi_simulated
Tomato,Jaipur,2026-06-01,2053.09,0.77,mandi_simulated
Tomato,Hyderabad,2026-06-01,2136.05,0.77,mandi_simulated
Tomato,Bengaluru,2026-06-01,2011.62,0.77,mandi_simulated
Tomato,Nashik,2026-06-02,2077.2,0.79,mandi_simulated
Tomato,Pune,2026-06-02,2097.77,0.79,mandi_simulated
Tomato,Karnal,2026-06-02,2118.33,0.79,mandi_simulated
Tomato,Ludhiana,2026-06-02,2036.07,0.79,mandi_simulated
Tomato,Nagpur,2026-06-02,2015.5,0.79,mandi_simulated
Tomato,Ahmedabad,2026-06-02,2118.33,0.79,mandi_simulated
Tomato,Indore,2026-06-02,2036.07,0.79,mandi_simulated
Tomato,Jaipur,2026-06-02,2036.07,0.79,mandi_simulated
Tomato,Hyderabad,2026-06-02,2118.33,0.79,mandi_simulated
Tomato,Bengaluru,2026-06-02,1994.94,0.79,mandi_simulated
Tomato,Nashik,2026-06-03,2178.94,0.81,mandi_simulated
Tomato,Pune,2026-06-03,2200.51,0.81,mandi_simulated
Tomato,Karnal,2026-06-03,2222.08,0.81,mandi_simulated
Tomato,Ludhiana,2026-06-03,2135.79,0.81,mandi_simulated
Tomato,Nagpur,2026-06-03,2114.22,0.81,mandi_simulated
Tomato,Ahmedabad,2026-06-03,2222.08,0.81,mandi_simulated
Tomato,Indore,2026-06-03,2135.79,0.81,mandi_simulated
Tomato,Jaipur,2026-06-03,2135.79,0.81,mandi_simulated
Tomato,Hyderabad,2026-06-03,2222.08,0.81,mandi_simulated
Tomato,Bengaluru,2026-06-03,2092.64,0.81,mandi_simulated
Tomato,Nashik,2026-06-04,2145.59,0.83,mandi_simulated
Tomato,Pune,2026-06-04,2166.83,0.83,mandi_simulated
Tomato,Karnal,2026-06-04,2188.08,0.83,mandi_simulated
Tomato,Ludhiana,2026-06-04,2103.1,0.83,mandi_simulated
Tomato,Nagpur,2026-06-04,2081.86,0.83,mandi_simulated
Tomato,Ahmedabad,2026-06-04,2188.08,0.83,mandi_simulated
Tomato,Indore,2026-06-04,2103.1,0.83,mandi_simulated
Tomato,Jaipur,2026-06-04,2103.1,0.83,mandi_simulated
Tomato,Hyderabad,2026-06-04,2188.08,0.83,mandi_simulated
Tomato,Bengaluru,2026-06-04,2060.62,0.83,mandi_simulated
Tomato,Nashik,2026-06-05,2280.63,0.85,mandi_simulated
Tomato,Pune,2026-06-05,2303.21,0.85,mandi_simulated
Tomato,Karnal,2026-06-05,2325.79,0.85,mandi_simulated
Tomato,Ludhiana,2026-06-05,2235.47,0.85,mandi_simulated
Tomato,Nagpur,2026-06-05,2212.89,0.85,mandi_simulated
Tomato,Ahmedabad,2026-06-05,2325.79,0.85,mandi_simulated
Tomato,Indore,2026-06-05,2235.47,0.85,mandi_simulated
Tomato,Jaipur,2026-06-05,2235.47,0.85,mandi_simulated
Tomato,Hyderabad,2026-06-05,2325.79,0.85,mandi_simulated
Tomato,Bengaluru,2026-06-05,2190.31,0.85,mandi_simulated
Tomato,Nashik,2026-06-06,2219.03,0.87,mandi_simulated
Tomato,Pune,2026-06-06,2241.0,0.87,mandi_simulated
Tomato,Karnal,2026-06-06,2262.97,0.87,mandi_simulated
Tomato,Ludhiana,2026-06-06,2175.09,0.87,mandi_simulated
Tomato,Nagpur,2026-06-06,2153.12,0.87,mandi_simulated
Tomato,Ahmedabad,2026-06-06,2262.97,0.87,mandi_simulated
Tomato,Indore,2026-06-06,2175.09,0.87,mandi_simulated
Tomato,Jaipur,2026-06-06,2175.09,0.87,mandi_simulated
Tomato,Hyderabad,2026-06-06,2262.97,0.87,mandi_simulated
Tomato,Bengaluru,2026-06-06,2131.15,0.87,mandi_simulated
Tomato,Nashik,2026-06-07,2257.09,0.89,mandi_simulated
Tomato,Pune,2026-06-07,2279.44,0.89,mandi_simulated
Tomato,Karnal,2026-06-07,2301.79,0.89,mandi_simulated
Tomato,Ludhiana,2026-06-07,2212.4,0.89,mandi_simulated
Tomato,Nagpur,2026-06-07,2190.05,0.89,mandi_simulated
Tomato,Ahmedabad,2026-06-07,2301.79,0.89,mandi_simulated
Tomato,Indore,2026-06-07,2212.4,0.89,mandi_simulated
Tomato,Jaipur,2026-06-07,2212.4,0.89,mandi_simulated
Tomato,Hyderabad,2026-06-07,2301.79,0.89,mandi_simulated
Tomato,Bengaluru,2026-06-07,2167.7,0.89,mandi_simulated
Tomato,Nashik,2026-06-08,2167.6,0.9,mandi_simulated
Tomato,Pune,2026-06-08,2189.06,0.9,mandi_simulated
Tomato,Karnal,2026-06-08,2210.52,0.9,mandi_simulated
Tomato,Ludhiana,2026-06-08,2124.67,0.9,mandi_simulated
Tomato,Nagpur,2026-06-08,2103.21,0.9,mandi_simulated
Tomato,Ahmedabad,2026-06-08,2210.52,0.9,mandi_simulated
Tomato,Indore,2026-06-08,2124.67,0.9,mandi_simulated
Tomato,Jaipur,2026-06-08,2124.67,0.9,mandi_simulated
Tomato,Hyderabad,2026-06-08,2210.52,0.9,mandi_simulated
Tomato,Bengaluru,2026-06-08,2081.75,0.9,mandi_simulated
Tomato,Nashik,2026-06-09,2312.97,0.91,mandi_simulated
Tomato,Pune,2026-06-09,2335.87,0.91,mandi_simulated
Tomato,Karnal,2026-06-09,2358.77,0.91,mandi_simulated
Tomato,Ludhiana,2026-06-09,2267.17,0.91,mandi_simulated
Tomato,Nagpur,2026-06-09,2244.26,0.91,mandi_simulated
Tomato,Ahmedabad,2026-06-09,2358.77,0.91,mandi_simulated
Tomato,Indore,2026-06-09,2267.17,0.91,mandi_simulated
Tomato,Jaipur,2026-06-09,2267.17,0.91,mandi_simulated
Tomato,Hyderabad,2026-06-09,2358.77,0.91,mandi_simulated
Tomato,Bengaluru,2026-06-09,2221.36,0.91,mandi_simulated
Tomato,Nashik,2026-06-10,2257.31,0.93,mandi_simulated
Tomato,Pune,2026-06-10,2279.66,0.93,mandi_simulated
Tomato,Karnal,2026-06-10,2302.01,0.93,mandi_simulated
Tomato,Ludhiana,2026-06-10,2212.61,0.93,mandi_simulated
Tomato,Nagpur,2026-06-10,2190.26,0.93,mandi_simulated
Tomato,Ahmedabad,2026-06-10,2302.01,0.93,mandi_simulated
Tomato,Indore,2026-06-10,2212.61,0.93,mandi_simulated
Tomato,Jaipur,2026-06-10,2212.61,0.93,mandi_simulated
Tomato,Hyderabad,2026-06-10,2302.01,0.93,mandi_simulated
Tomato,Bengaluru,2026-06-10,2167.91,0.93,mandi_simulated
Tomato,Nashik,2026-06-11,2338.71,0.93,mandi_simulated
Tomato,Pune,2026-06-11,2361.87,0.93,mandi_simulated
Tomato,Karnal,2026-06-11,2385.02,0.93,mandi_simulated
Tomato,Ludhiana,2026-06-11,2292.4,0.93,mandi_simulated
Tomato,Nagpur,2026-06-11,2269.25,0.93,mandi_simulated
Tomato,Ahmedabad,2026-06-11,2385.02,0.93,mandi_simulated
Tomato,Indore,2026-06-11,2292.4,0.93,mandi_simulated
Tomato,Jaipur,2026-06-11,2292.4,0.93,mandi_simulated
Tomato,Hyderabad,2026-06-11,2385.02,0.93,mandi_simulated
Tomato,Bengaluru,2026-06-11,2246.09,0.93,mandi_simulated
Tomato,Nashik,2026-06-12,2296.32,0.94,mandi_simulated
Tomato,Pune,2026-06-12,2319.06,0.94,mandi_simulated
Tomato,Karnal,2026-06-12,2341.8,0.94,mandi_simulated
Tomato,Ludhiana,2026-06-12,2250.85,0.94,mandi_simulated
Tomato,Nagpur,2026-06-12,2228.12,0.94,mandi_simulated
Tomato,Ahmedabad,2026-06-12,2341.8,0.94,mandi_simulated
Tomato,Indore,2026-06-12,2250.85,0.94,mandi_simulated
Tomato,Jaipur,2026-06-12,2250.85,0.94,mandi_simulated
Tomato,Hyderabad,2026-06-12,2341.8,0.94,mandi_simulated
Tomato,Bengaluru,2026-06-12,2205.38,0.94,mandi_simulated
Tomato,Nashik,2026-06-13,2288.68,0.95,mandi_simulated
Tomato,Pune,2026-06-13,2311.34,0.95,mandi_simulated
Tomato,Karnal,2026-06-13,2334.0,0.95,mandi_simulated
Tomato,Ludhiana,2026-06-13,2243.36,0.95,mandi_simulated
Tomato,Nagpur,2026-06-13,2220.7,0.95,mandi_simulated
Tomato,Ahmedabad,2026-06-13,2334.0,0.95,mandi_simulated
Tomato,Indore,2026-06-13,2243.36,0.95,mandi_simulated
Tomato,Jaipur,2026-06-13,2243.36,0.95,mandi_simulated
Tomato,Hyderabad,2026-06-13,2334.0,0.95,mandi_simulated
Tomato,Bengaluru,2026-06-13,2198.04,0.95,mandi_simulated
Tomato,Nashik,2026-06-14,2294.47,0.95,mandi_simulated
Tomato,Pune,2026-06-14,2317.19,0.95,mandi_simulated
Tomato,Karnal,2026-06-14,2339.91,0.95,mandi_simulated
Tomato,Ludhiana,2026-06-14,2249.04,0.95,mandi_simulated
Tomato,Nagpur,2026-06-14,2226.32,0.95,mandi_simulated
Tomato,Ahmedabad,2026-06-14,2339.91,0.95,mandi_simulated
Tomato,Indore,2026-06-14,2249.04,0.95,mandi_simulated
Tomato,Jaipur,2026-06-14,2249.04,0.95,mandi_simulated
Tomato,Hyderabad,2026-06-14,2339.91,0.95,mandi_simulated
Tomato,Bengaluru,2026-06-14,2203.6,0.95,mandi_simulated
Tomato,Nashik,2026-06-15,2257.71,0.95,mandi_simulated
Tomato,Pune,2026-06-15,2280.07,0.95,mandi_simulated
Tomato,Karnal,2026-06-15,2302.42,0.95,mandi_simulated
Tomato,Ludhiana,2026-06-15,2213.01,0.95,mandi_simulated
Tomato,Nagpur,2026-06-15,2190.65,0.95,mandi_simulated
Tomato,Ahmedabad,2026-06-15,2302.42,0.95,mandi_simulated
Tomato,Indore,2026-06-15,2213.01,0.95,mandi_simulated
Tomato,Jaipur,2026-06-15,2213.01,0.95,mandi_simulated
Tomato,Hyderabad,2026-06-15,2302.42,0.95,mandi_simulated
Tomato,Bengaluru,2026-06-15,2168.3,0.95,mandi_simulated
Tomato,Nashik,2026-06-16,2242.99,0.95,mandi_simulated
Tomato,Pune,2026-06-16,2265.2,0.95,mandi_simulated
Tomato,Karnal,2026-06-16,2287.4,0.95,mandi_simulated
Tomato,Ludhiana,2026-06-16,2198.57,0.95,mandi_simulated
Tomato,Nagpur,2026-06-16,2176.36,0.95,mandi_simulated
Tomato,Ahmedabad,2026-06-16,2287.4,0.95,mandi_simulated
Tomato,Indore,2026-06-16,2198.57,0.95,mandi_simulated
Tomato,Jaipur,2026-06-16,2198.57,0.95,mandi_simulated
Tomato,Hyderabad,2026-06-16,2287.4,0.95,mandi_simulated
Tomato,Bengaluru,2026-06-16,2154.16,0.95,mandi_simulated
Tomato,Nashik,2026-06-17,2418.7,0.95,mandi_simulated
Tomato,Pune,2026-06-17,2442.64,0.95,mandi_simulated
Tomato,Karnal,2026-06-17,2466.59,0.95,mandi_simulated
Tomato,Ludhiana,2026-06-17,2370.8,0.95,mandi_simulated
Tomato,Nagpur,2026-06-17,2346.85,0.95,mandi_simulated
Tomato,Ahmedabad,2026-06-17,2466.59,0.95,mandi_simulated
Tomato,Indore,2026-06-17,2370.8,0.95,mandi_simulated
Tomato,Jaipur,2026-06-17,2370.8,0.95,mandi_simulated
Tomato,Hyderabad,2026-06-17,2466.59,0.95,mandi_simulated
Tomato,Bengaluru,2026-06-17,2322.91,0.95,mandi_simulated
Tomato,Nashik,2026-06-18,2341.3,0.94,mandi_simulated
Tomato,Pune,2026-06-18,2364.48,0.94,mandi_simulated
Tomato,Karnal,2026-06-18,2387.67,0.94,mandi_simulated
Tomato,Ludhiana,2026-06-18,2294.94,0.94,mandi_simulated
Tomato,Nagpur,2026-06-18,2271.76,0.94,mandi_simulated
Tomato,Ahmedabad,2026-06-18,2387.67,0.94,mandi_simulated
Tomato,Indore,2026-06-18,2294.94,0.94,mandi_simulated
Tomato,Jaipur,2026-06-18,2294.94,0.94,mandi_simulated
Tomato,Hyderabad,2026-06-18,2387.67,0.94,mandi_simulated
Tomato,Bengaluru,2026-06-18,2248.58,0.94,mandi_simulated
Tomato,Nashik,2026-06-19,2414.76,0.93,mandi_simulated
Tomato,Pune,2026-06-19,2438.67,0.93,mandi_simulated
Tomato,Karnal,2026-06-19,2462.58,0.93,mandi_simulated
Tomato,Ludhiana,2026-06-19,2366.95,0.93,mandi_simulated
Tomato,Nagpur,2026-06-19,2343.04,0.93,mandi_simulated
Tomato,Ahmedabad,2026-06-19,2462.58,0.93,mandi_simulated
Tomato,Indore,2026-06-19,2366.95,0.93,mandi_simulated
Tomato,Jaipur,2026-06-19,2366.95,0.93,mandi_simulated
Tomato,Hyderabad,2026-06-19,2462.58,0.93,mandi_simulated
Tomato,Bengaluru,2026-06-19,2319.13,0.93,mandi_simulated
Tomato,Nashik,2026-06-20,2343.31,0.92,mandi_simulated
Tomato,Pune,2026-06-20,2366.51,0.92,mandi_simulated
Tomato,Karnal,2026-06-20,2389.72,0.92,mandi_simulated
Tomato,Ludhiana,2026-06-20,2296.91,0.92,mandi_simulated
Tomato,Nagpur,2026-06-20,2273.71,0.92,mandi_simulated
Tomato,Ahmedabad,2026-06-20,2389.72,0.92,mandi_simulated
Tomato,Indore,2026-06-20,2296.91,0.92,mandi_simulated
Tomato,Jaipur,2026-06-20,2296.91,0.92,mandi_simulated
Tomato,Hyderabad,2026-06-20,2389.72,0.92,mandi_simulated
Tomato,Bengaluru,2026-06-20,2250.51,0.92,mandi_simulated
Tomato,Nashik,2026-06-21,2288.64,0.91,mandi_simulated
Tomato,Pune,2026-06-21,2311.3,0.91,mandi_simulated
Tomato,Karnal,2026-06-21,2333.96,0.91,mandi_simulated
Tomato,Ludhiana,2026-06-21,2243.32,0.91,mandi_simulated
Tomato,Nagpur,2026-06-21,2220.66,0.91,mandi_simulated
Tomato,Ahmedabad,2026-06-21,2333.96,0.91,mandi_simulated
Tomato,Indore,2026-06-21,2243.32,0.91,mandi_simulated
Tomato,Jaipur,2026-06-21,2243.32,0.91,mandi_simulated
Tomato,Hyderabad,2026-06-21,2333.96,0.91,mandi_simulated
Tomato,Bengaluru,2026-06-21,2198.0,0.91,mandi_simulated
Tomato,Nashik,2026-06-22,2400.55,0.9,mandi_simulated
Tomato,Pune,2026-06-22,2424.32,0.9,mandi_simulated
Tomato,Karnal,2026-06-22,2448.08,0.9,mandi_simulated
Tomato,Ludhiana,2026-06-22,2353.01,0.9,mandi_simulated
Tomato,Nagpur,2026-06-22,2329.25,0.9,mandi_simulated
Tomato,Ahmedabad,2026-06-22,2448.08,0.9,mandi_simulated
Tomato,Indore,2026-06-22,2353.01,0.9,mandi_simulated
Tomato,Jaipur,2026-06-22,2353.01,0.9,mandi_simulated
Tomato,Hyderabad,2026-06-22,2448.08,0.9,mandi_simulated
Tomato,Bengaluru,2026-06-22,2305.48,0.9,mandi_simulated
Tomato,Nashik,2026-06-23,2296.71,0.89,mandi_simulated
Tomato,Pune,2026-06-23,2319.45,0.89,mandi_simulated
Tomato,Karnal,2026-06-23,2342.19,0.89,mandi_simulated
Tomato,Ludhiana,2026-06-23,2251.23,0.89,mandi_simulated
Tomato,Nagpur,2026-06-23,2228.49,0.89,mandi_simulated
Tomato,Ahmedabad,2026-06-23,2342.19,0.89,mandi_simulated
Tomato,Indore,2026-06-23,2251.23,0.89,mandi_simulated
Tomato,Jaipur,2026-06-23,2251.23,0.89,mandi_simulated
Tomato,Hyderabad,2026-06-23,2342.19,0.89,mandi_simulated
Tomato,Bengaluru,2026-06-23,2205.75,0.89,mandi_simulated
Tomato,Nashik,2026-06-24,2319.83,0.87,mandi_simulated
Tomato,Pune,2026-06-24,2342.8,0.87,mandi_simulated
Tomato,Karnal,2026-06-24,2365.77,0.87,mandi_simulated
Tomato,Ludhiana,2026-06-24,2273.89,0.87,mandi_simulated
Tomato,Nagpur,2026-06-24,2250.93,0.87,mandi_simulated
Tomato,Ahmedabad,2026-06-24,2365.77,0.87,mandi_simulated
Tomato,Indore,2026-06-24,2273.89,0.87,mandi_simulated
Tomato,Jaipur,2026-06-24,2273.89,0.87,mandi_simulated
Tomato,Hyderabad,2026-06-24,2365.77,0.87,mandi_simulated
Tomato,Bengaluru,2026-06-24,2227.96,0.87,mandi_simulated
Tomato,Nashik,2026-06-25,2403.08,0.85,mandi_simulated
Tomato,Pune,2026-06-25,2426.87,0.85,mandi_simulated
Tomato,Karnal,2026-06-25,2450.67,0.85,mandi_simulated
Tomato,Ludhiana,2026-06-25,2355.49,0.85,mandi_simulated
Tomato,Nagpur,2026-06-25,2331.7,0.85,mandi_simulated
Tomato,Ahmedabad,2026-06-25,2450.67,0.85,mandi_simulated
Tomato,Indore,2026-06-25,2355.49,0.85,mandi_simulated
Tomato,Jaipur,2026-06-25,2355.49,0.85,mandi_simulated
Tomato,Hyderabad,2026-06-25,2450.67,0.85,mandi_simulated
Tomato,Bengaluru,2026-06-25,2307.91,0.85,mandi_simulated
Tomato,Nashik,2026-06-26,2356.9,0.83,mandi_simulated
Tomato,Pune,2026-06-26,2380.24,0.83,mandi_simulated
Tomato,Karnal,2026-06-26,2403.57,0.83,mandi_simulated
Tomato,Ludhiana,2026-06-26,2310.23,0.83,mandi_simulated
Tomato,Nagpur,2026-06-26,2286.9,0.83,mandi_simulated
Tomato,Ahmedabad,2026-06-26,2403.57,0.83,mandi_simulated
Tomato,Indore,2026-06-26,2310.23,0.83,mandi_simulated
Tomato,Jaipur,2026-06-26,2310.23,0.83,mandi_simulated
Tomato,Hyderabad,2026-06-26,2403.57,0.83,mandi_simulated
Tomato,Bengaluru,2026-06-26,2263.56,0.83,mandi_simulated
Tomato,Nashik,2026-06-27,2491.78,0.81,mandi_simulated
Tomato,Pune,2026-06-27,2516.45,0.81,mandi_simulated
Tomato,Karnal,2026-06-27,2541.12,0.81,mandi_simulated
Tomato,Ludhiana,2026-06-27,2442.43,0.81,mandi_simulated
Tomato,Nagpur,2026-06-27,2417.76,0.81,mandi_simulated
Tomato,Ahmedabad,2026-06-27,2541.12,0.81,mandi_simulated
Tomato,Indore,2026-06-27,2442.43,0.81,mandi_simulated
Tomato,Jaipur,2026-06-27,2442.43,0.81,mandi_simulated
Tomato,Hyderabad,2026-06-27,2541.12,0.81,mandi_simulated
Tomato,Bengaluru,2026-06-27,2393.09,0.81,mandi_simulated
Tomato,Nashik,2026-06-28,2325.57,0.79,mandi_simulated
Tomato,Pune,2026-06-28,2348.59,0.79,mandi_simulated
Tomato,Karnal,2026-06-28,2371.62,0.79,mandi_simulated
Tomato,Ludhiana,2026-06-28,2279.52,0.79,mandi_simulated
Tomato,Nagpur,2026-06-28,2256.49,0.79,mandi_simulated
Tomato,Ahmedabad,2026-06-28,2371.62,0.79,mandi_simulated
Tomato,Indore,2026-06-28,2279.52,0.79,mandi_simulated
Tomato,Jaipur,2026-06-28,2279.52,0.79,mandi_simulated
Tomato,Hyderabad,2026-06-28,2371.62,0.79,mandi_simulated
Tomato,Bengaluru,2026-06-28,2233.46,0.79,mandi_simulated
Tomato,Nashik,2026-06-29,2450.42,0.76,mandi_simulated
Tomato,Pune,2026-06-29,2474.68,0.76,mandi_simulated
Tomato,Karnal,2026-06-29,2498.94,0.76,mandi_simulated
Tomato,Ludhiana,2026-06-29,2401.89,0.76,mandi_simulated
Tomato,Nagpur,2026-06-29,2377.63,0.76,mandi_simulated
Tomato,Ahmedabad,2026-06-29,2498.94,0.76,mandi_simulated
Tomato,Indore,2026-06-29,2401.89,0.76,mandi_simulated
Tomato,Jaipur,2026-06-29,2401.89,0.76,mandi_simulated
Tomato,Hyderabad,2026-06-29,2498.94,0.76,mandi_simulated
Tomato,Bengaluru,2026-06-29,2353.37,0.76,mandi_simulated
Tomato,Nashik,2026-06-30,2420.06,0.74,mandi_simulated
Tomato,Pune,2026-06-30,2444.02,0.74,mandi_simulated
Tomato,Karnal,2026-06-30,2467.98,0.74,mandi_simulated
Tomato,Ludhiana,2026-06-30,2372.14,0.74,mandi_simulated
Tomato,Nagpur,2026-06-30,2348.18,0.74,mandi_simulated
Tomato,Ahmedabad,2026-06-30,2467.98,0.74,mandi_simulated
Tomato,Indore,2026-06-30,2372.14,0.74,mandi_simulated
Tomato,Jaipur,2026-06-30,2372.14,0.74,mandi_simulated
Tomato,Hyderabad,2026-06-30,2467.98,0.74,mandi_simulated
Tomato,Bengaluru,2026-06-30,2324.22,0.74,mandi_simulated
Tomato,Nashik,2026-07-01,2454.58,0.71,mandi_simulated
Tomato,Pune,2026-07-01,2478.88,0.71,mandi_simulated
Tomato,Karnal,2026-07-01,2503.19,0.71,mandi_simulated
Tomato,Ludhiana,2026-07-01,2405.97,0.71,mandi_simulated
Tomato,Nagpur,2026-07-01,2381.67,0.71,mandi_simulated
Tomato,Ahmedabad,2026-07-01,2503.19,0.71,mandi_simulated
Tomato,Indore,2026-07-01,2405.97,0.71,mandi_simulated
Tomato,Jaipur,2026-07-01,2405.97,0.71,mandi_simulated
Tomato,Hyderabad,2026-07-01,2503.19,0.71,mandi_simulated
Tomato,Bengaluru,2026-07-01,2357.37,0.71,mandi_simulated
Tomato,Nashik,2026-07-02,2344.46,0.69,mandi_simulated
Tomato,Pune,2026-07-02,2367.67,0.69,mandi_simulated
Tomato,Karnal,2026-07-02,2390.88,0.69,mandi_simulated
Tomato,Ludhiana,2026-07-02,2298.03,0.69,mandi_simulated
Tomato,Nagpur,2026-07-02,2274.82,0.69,mandi_simulated
Tomato,Ahmedabad,2026-07-02,2390.88,0.69,mandi_simulated
Tomato,Indore,2026-07-02,2298.03,0.69,mandi_simulated
Tomato,Jaipur,2026-07-02,2298.03,0.69,mandi_simulated
Tomato,Hyderabad,2026-07-02,2390.88,0.69,mandi_simulated
Tomato,Bengaluru,2026-07-02,2251.61,0.69,mandi_simulated
Tomato,Nashik,2026-07-03,2398.8,0.66,mandi_simulated
Tomato,Pune,2026-07-03,2422.55,0.66,mandi_simulated
Tomato,Karnal,2026-07-03,2446.3,0.66,mandi_simulated
Tomato,Ludhiana,2026-07-03,2351.3,0.66,mandi_simulated
Tomato,Nagpur,2026-07-03,2327.55,0.66,mandi_simulated
Tomato,Ahmedabad,2026-07-03,2446.3,0.66,mandi_simulated
Tomato,Indore,2026-07-03,2351.3,0.66,mandi_simulated
Tomato,Jaipur,2026-07-03,2351.3,0.66,mandi_simulated
Tomato,Hyderabad,2026-07-03,2446.3,0.66,mandi_simulated
Tomato,Bengaluru,2026-07-03,2303.8,0.66,mandi_simulated
Tomato,Nashik,2026-07-04,2381.59,0.63,mandi_simulated
Tomato,Pune,2026-07-04,2405.17,0.63,mandi_simulated
Tomato,Karnal,2026-07-04,2428.75,0.63,mandi_simulated
Tomato,Ludhiana,2026-07-04,2334.43,0.63,mandi_simulated
Tomato,Nagpur,2026-07-04,2310.85,0.63,mandi_simulated
Tomato,Ahmedabad,2026-07-04,2428.75,0.63,mandi_simulated
Tomato,Indore,2026-07-04,2334.43,0.63,mandi_simulated
Tomato,Jaipur,2026-07-04,2334.43,0.63,mandi_simulated
Tomato,Hyderabad,2026-07-04,2428.75,0.63,mandi_simulated
Tomato,Bengaluru,2026-07-04,2287.27,0.63,mandi_simulated
Tomato,Nashik,2026-07-05,2375.88,0.6,mandi_simulated
Tomato,Pune,2026-07-05,2399.4,0.6,mandi_simulated
Tomato,Karnal,2026-07-05,2422.93,0.6,mandi_simulated
Tomato,Ludhiana,2026-07-05,2328.83,0.6,mandi_simulated
Tomato,Nagpur,2026-07-05,2305.31,0.6,mandi_simulated
Tomato,Ahmedabad,2026-07-05,2422.93,0.6,mandi_simulated
Tomato,Indore,2026-07-05,2328.83,0.6,mandi_simulated
Tomato,Jaipur,2026-07-05,2328.83,0.6,mandi_simulated
Tomato,Hyderabad,2026-07-05,2422.93,0.6,mandi_simulated
Tomato,Bengaluru,2026-07-05,2281.78,0.6,mandi_simulated
Tomato,Nashik,2026-07-06,2450.4,0.58,mandi_simulated
Tomato,Pune,2026-07-06,2474.66,0.58,mandi_simulated
Tomato,Karnal,2026-07-06,2498.92,0.58,mandi_simulated
Tomato,Ludhiana,2026-07-06,2401.87,0.58,mandi_simulated
Tomato,Nagpur,2026-07-06,2377.61,0.58,mandi_simulated
Tomato,Ahmedabad,2026-07-06,2498.92,0.58,mandi_simulated
Tomato,Indore,2026-07-06,2401.87,0.58,mandi_simulated
Tomato,Jaipur,2026-07-06,2401.87,0.58,mandi_simulated
Tomato,Hyderabad,2026-07-06,2498.92,0.58,mandi_simulated
Tomato,Bengaluru,2026-07-06,2353.35,0.58,mandi_simulated
Tomato,Nashik,2026-07-07,2469.09,0.55,mandi_simulated
Tomato,Pune,2026-07-07,2493.53,0.55,mandi_simulated
Tomato,Karnal,2026-07-07,2517.98,0.55,mandi_simulated
Tomato,Ludhiana,2026-07-07,2420.19,0.55,mandi_simulated
Tomato,Nagpur,2026-07-07,2395.75,0.55,mandi_simulated
Tomato,Ahmedabad,2026-07-07,2517.98,0.55,mandi_simulated
Tomato,Indore,2026-07-07,2420.19,0.55,mandi_simulated
Tomato,Jaipur,2026-07-07,2420.19,0.55,mandi_simulated
Tomato,Hyderabad,2026-07-07,2517.98,0.55,mandi_simulated
Tomato,Bengaluru,2026-07-07,2371.3,0.55,mandi_simulated
Tomato,Nashik,2026-07-08,2332.48,0.58,mandi_simulated
Tomato,Pune,2026-07-08,2355.57,0.58,mandi_simulated
Tomato,Karnal,2026-07-08,2378.67,0.58,mandi_simulated
Tomato,Ludhiana,2026-07-08,2286.29,0.58,mandi_simulated
Tomato,Nagpur,2026-07-08,2263.2,0.58,mandi_simulated
Tomato,Ahmedabad,2026-07-08,2378.67,0.58,mandi_simulated
Tomato,Indore,2026-07-08,2286.29,0.58,mandi_simulated
Tomato,Jaipur,2026-07-08,2286.29,0.58,mandi_simulated
Tomato,Hyderabad,2026-07-08,2378.67,0.58,mandi_simulated
Tomato,Bengaluru,2026-07-08,2240.1,0.58,mandi_simulated
Tomato,Nashik,2026-07-09,2384.95,0.61,mandi_simulated
Tomato,Pune,2026-07-09,2408.56,0.61,mandi_simulated
Tomato,Karnal,2026-07-09,2432.17,0.61,mandi_simulated
Tomato,Ludhiana,2026-07-09,2337.72,0.61,mandi_simulated
Tomato,Nagpur,2026-07-09,2314.11,0.61,mandi_simulated
Tomato,Ahmedabad,2026-07-09,2432.17,0.61,mandi_simulated
Tomato,Indore,2026-07-09,2337.72,0.61,mandi_simulated
Tomato,Jaipur,2026-07-09,2337.72,0.61,mandi_simulated
Tomato,Hyderabad,2026-07-09,2432.17,0.61,mandi_simulated
Tomato,Bengaluru,2026-07-09,2290.49,0.61,mandi_simulated
Tomato,Nashik,2026-07-10,2374.75,0.64,mandi_simulated
Tomato,Pune,2026-07-10,2398.26,0.64,mandi_simulated
Tomato,Karnal,2026-07-10,2421.77,0.64,mandi_simulated
Tomato,Ludhiana,2026-07-10,2327.72,0.64,mandi_simulated
Tomato,Nagpur,2026-07-10,2304.21,0.64,mandi_simulated
Tomato,Ahmedabad,2026-07-10,2421.77,0.64,mandi_simulated
Tomato,Indore,2026-07-10,2327.72,0.64,mandi_simulated
Tomato,Jaipur,2026-07-10,2327.72,0.64,mandi_simulated
Tomato,Hyderabad,2026-07-10,2421.77,0.64,mandi_simulated
Tomato,Bengaluru,2026-07-10,2280.7,0.64,mandi_simulated
Tomato,Nashik,2026-07-11,2390.53,0.66,mandi_simulated
Tomato,Pune,2026-07-11,2414.2,0.66,mandi_simulated
Tomato,Karnal,2026-07-11,2437.87,0.66,mandi_simulated
Tomato,Ludhiana,2026-07-11,2343.2,0.66,mandi_simulated
Tomato,Nagpur,2026-07-11,2319.53,0.66,mandi_simulated
Tomato,Ahmedabad,2026-07-11,2437.87,0.66,mandi_simulated
Tomato,Indore,2026-07-11,2343.2,0.66,mandi_simulated
Tomato,Jaipur,2026-07-11,2343.2,0.66,mandi_simulated
Tomato,Hyderabad,2026-07-11,2437.87,0.66,mandi_simulated
Tomato,Bengaluru,2026-07-11,2295.86,0.66,mandi_simulated
Tomato,Nashik,2026-07-12,2419.92,0.69,mandi_simulated
Tomato,Pune,2026-07-12,2443.88,0.69,mandi_simulated
Tomato,Karnal,2026-07-12,2467.84,0.69,mandi_simulated
Tomato,Ludhiana,2026-07-12,2372.0,0.69,mandi_simulated
Tomato,Nagpur,2026-07-12,2348.04,0.69,mandi_simulated
Tomato,Ahmedabad,2026-07-12,2467.84,0.69,mandi_simulated
Tomato,Indore,2026-07-12,2372.0,0.69,mandi_simulated
Tomato,Jaipur,2026-07-12,2372.0,0.69,mandi_simulated
Tomato,Hyderabad,2026-07-12,2467.84,0.69,mandi_simulated
Tomato,Bengaluru,2026-07-12,2324.08,0.69,mandi_simulated
Tomato,Nashik,2026-07-13,2272.1,0.72,mandi_simulated
Tomato,Pune,2026-07-13,2294.59,0.72,mandi_simulated
Tomato,Karnal,2026-07-13,2317.09,0.72,mandi_simulated
Tomato,Ludhiana,2026-07-13,2227.11,0.72,mandi_simulated
Tomato,Nagpur,2026-07-13,2204.61,0.72,mandi_simulated
Tomato,Ahmedabad,2026-07-13,2317.09,0.72,mandi_simulated
Tomato,Indore,2026-07-13,2227.11,0.72,mandi_simulated
Tomato,Jaipur,2026-07-13,2227.11,0.72,mandi_simulated
Tomato,Hyderabad,2026-07-13,2317.09,0.72,mandi_simulated
Tomato,Bengaluru,2026-07-13,2182.11,0.72,mandi_simulated
Tomato,Nashik,2026-07-14,2262.65,0.74,mandi_simulated
Tomato,Pune,2026-07-14,2285.06,0.74,mandi_simulated
Tomato,Karnal,2026-07-14,2307.46,0.74,mandi_simulated
Tomato,Ludhiana,2026-07-14,2217.85,0.74,mandi_simulated
Tomato,Nagpur,2026-07-14,2195.45,0.74,mandi_simulated
Tomato,Ahmedabad,2026-07-14,2307.46,0.74,mandi_simulated
Tomato,Indore,2026-07-14,2217.85,0.74,mandi_simulated
Tomato,Jaipur,2026-07-14,2217.85,0.74,mandi_simulated
Tomato,Hyderabad,2026-07-14,2307.46,0.74,mandi_simulated
Tomato,Bengaluru,2026-07-14,2173.04,0.74,mandi_simulated
Tomato,Nashik,2026-07-15,2335.04,0.77,mandi_simulated
Tomato,Pune,2026-07-15,2358.16,0.77,mandi_simulated
Tomato,Karnal,2026-07-15,2381.28,0.77,mandi_simulated
Tomato,Ludhiana,2026-07-15,2288.8,0.77,mandi_simulated
Tomato,Nagpur,2026-07-15,2265.68,0.77,mandi_simulated
Tomato,Ahmedabad,2026-07-15,2381.28,0.77,mandi_simulated
Tomato,Indore,2026-07-15,2288.8,0.77,mandi_simulated
Tomato,Jaipur,2026-07-15,2288.8,0.77,mandi_simulated
Tomato,Hyderabad,2026-07-15,2381.28,0.77,mandi_simulated
Tomato,Bengaluru,2026-07-15,2242.57,0.77,mandi_simulated
Tomato,Nashik,2026-07-16,2231.36,0.79,mandi_simulated
Tomato,Pune,2026-07-16,2253.45,0.79,mandi_simulated
Tomato,Karnal,2026-07-16,2275.54,0.79,mandi_simulated
Tomato,Ludhiana,2026-07-16,2187.17,0.79,mandi_simulated
Tomato,Nagpur,2026-07-16,2165.08,0.79,mandi_simulated
Tomato,Ahmedabad,2026-07-16,2275.54,0.79,mandi_simulated
Tomato,Indore,2026-07-16,2187.17,0.79,mandi_simulated
Tomato,Jaipur,2026-07-16,2187.17,0.79,mandi_simulated
Tomato,Hyderabad,2026-07-16,2275.54,0.79,mandi_simulated
Tomato,Bengaluru,2026-07-16,2142.99,0.79,mandi_simulated
Tomato,Nashik,2026-07-17,2223.23,0.81,mandi_simulated
Tomato,Pune,2026-07-17,2245.24,0.81,mandi_simulated
Tomato,Karnal,2026-07-17,2267.25,0.81,mandi_simulated
Tomato,Ludhiana,2026-07-17,2179.2,0.81,mandi_simulated
Tomato,Nagpur,2026-07-17,2157.19,0.81,mandi_simulated
Tomato,Ahmedabad,2026-07-17,2267.25,0.81,mandi_simulated
Tomato,Indore,2026-07-17,2179.2,0.81,mandi_simulated
Tomato,Jaipur,2026-07-17,2179.2,0.81,mandi_simulated
Tomato,Hyderabad,2026-07-17,2267.25,0.81,mandi_simulated
Tomato,Bengaluru,2026-07-17,2135.18,0.81,mandi_simulated
Tomato,Nashik,2026-07-18,2193.8,0.83,mandi_simulated
Tomato,Pune,2026-07-18,2215.52,0.83,mandi_simulated
Tomato,Karnal,2026-07-18,2237.24,0.83,mandi_simulated
Tomato,Ludhiana,2026-07-18,2150.35,0.83,mandi_simulated
Tomato,Nagpur,2026-07-18,2128.63,0.83,mandi_simulated
Tomato,Ahmedabad,2026-07-18,2237.24,0.83,mandi_simulated
Tomato,Indore,2026-07-18,2150.35,0.83,mandi_simulated
Tomato,Jaipur,2026-07-18,2150.35,0.83,mandi_simulated
Tomato,Hyderabad,2026-07-18,2237.24,0.83,mandi_simulated
Tomato,Bengaluru,2026-07-18,2106.91,0.83,mandi_simulated
Tomato,Nashik,2026-07-19,2169.08,0.85,mandi_simulated
Tomato,Pune,2026-07-19,2190.56,0.85,mandi_simulated
Tomato,Karnal,2026-07-19,2212.04,0.85,mandi_simulated
Tomato,Ludhiana,2026-07-19,2126.13,0.85,mandi_simulated
Tomato,Nagpur,2026-07-19,2104.66,0.85,mandi_simulated
Tomato,Ahmedabad,2026-07-19,2212.04,0.85,mandi_simulated
Tomato,Indore,2026-07-19,2126.13,0.85,mandi_simulated
Tomato,Jaipur,2026-07-19,2126.13,0.85,mandi_simulated
Tomato,Hyderabad,2026-07-19,2212.04,0.85,mandi_simulated
Tomato,Bengaluru,2026-07-19,2083.18,0.85,mandi_simulated
Tomato,Nashik,2026-07-20,2237.84,0.87,mandi_simulated
Tomato,Pune,2026-07-20,2260.0,0.87,mandi_simulated
Tomato,Karnal,2026-07-20,2282.16,0.87,mandi_simulated
Tomato,Ludhiana,2026-07-20,2193.53,0.87,mandi_simulated
Tomato,Nagpur,2026-07-20,2171.37,0.87,mandi_simulated
Tomato,Ahmedabad,2026-07-20,2282.16,0.87,mandi_simulated
Tomato,Indore,2026-07-20,2193.53,0.87,mandi_simulated
Tomato,Jaipur,2026-07-20,2193.53,0.87,mandi_simulated
Tomato,Hyderabad,2026-07-20,2282.16,0.87,mandi_simulated
Tomato,Bengaluru,2026-07-20,2149.22,0.87,mandi_simulated
Tomato,Nashik,2026-07-21,2251.17,0.89,mandi_simulated
Tomato,Pune,2026-07-21,2273.46,0.89,mandi_simulated
Tomato,Karnal,2026-07-21,2295.75,0.89,mandi_simulated
Tomato,Ludhiana,2026-07-21,2206.59,0.89,mandi_simulated
Tomato,Nagpur,2026-07-21,2184.3,0.89,mandi_simulated
Tomato,Ahmedabad,2026-07-21,2295.75,0.89,mandi_simulated
Tomato,Indore,2026-07-21,2206.59,0.89,mandi_simulated
Tomato,Jaipur,2026-07-21,2206.59,0.89,mandi_simulated
Tomato,Hyderabad,2026-07-21,2295.75,0.89,mandi_simulated
Tomato,Bengaluru,2026-07-21,2162.01,0.89,mandi_simulated
Tomato,Nashik,2026-07-22,2184.89,0.9,mandi_simulated
Tomato,Pune,2026-07-22,2206.53,0.9,mandi_simulated
Tomato,Karnal,2026-07-22,2228.16,0.9,mandi_simulated
Tomato,Ludhiana,2026-07-22,2141.63,0.9,mandi_simulated
Tomato,Nagpur,2026-07-22,2120.0,0.9,mandi_simulated
Tomato,Ahmedabad,2026-07-22,2228.16,0.9,mandi_simulated
Tomato,Indore,2026-07-22,2141.63,0.9,mandi_simulated
Tomato,Jaipur,2026-07-22,2141.63,0.9,mandi_simulated
Tomato,Hyderabad,2026-07-22,2228.16,0.9,mandi_simulated
Tomato,Bengaluru,2026-07-22,2098.36,0.9,mandi_simulated
Tomato,Nashik,2026-07-23,2162.13,0.91,mandi_simulated
Tomato,Pune,2026-07-23,2183.54,0.91,mandi_simulated
Tomato,Karnal,2026-07-23,2204.95,0.91,mandi_simulated
Tomato,Ludhiana,2026-07-23,2119.32,0.91,mandi_simulated
Tomato,Nagpur,2026-07-23,2097.91,0.91,mandi_simulated
Tomato,Ahmedabad,2026-07-23,2204.95,0.91,mandi_simulated
Tomato,Indore,2026-07-23,2119.32,0.91,mandi_simulated
Tomato,Jaipur,2026-07-23,2119.32,0.91,mandi_simulated
Tomato,Hyderabad,2026-07-23,2204.95,0.91,mandi_simulated
Tomato,Bengaluru,2026-07-23,2076.5,0.91,mandi_simulated
Tomato,Nashik,2026-07-24,2233.64,0.93,mandi_simulated
Tomato,Pune,2026-07-24,2255.75,0.93,mandi_simulated
Tomato,Karnal,2026-07-24,2277.87,0.93,mandi_simulated
Tomato,Ludhiana,2026-07-24,2189.41,0.93,mandi_simulated
Tomato,Nagpur,2026-07-24,2167.29,0.93,mandi_simulated
Tomato,Ahmedabad,2026-07-24,2277.87,0.93,mandi_simulated
Tomato,Indore,2026-07-24,2189.41,0.93,mandi_simulated
Tomato,Jaipur,2026-07-24,2189.41,0.93,mandi_simulated
Tomato,Hyderabad,2026-07-24,2277.87,0.93,mandi_simulated
Tomato,Bengaluru,2026-07-24,2145.18,0.93,mandi_simulated
Tomato,Nashik,2026-07-25,2220.52,0.93,mandi_simulated
Tomato,Pune,2026-07-25,2242.51,0.93,mandi_simulated
Tomato,Karnal,2026-07-25,2264.5,0.93,mandi_simulated
Tomato,Ludhiana,2026-07-25,2176.55,0.93,mandi_simulated
Tomato,Nagpur,2026-07-25,2154.57,0.93,mandi_simulated
Tomato,Ahmedabad,2026-07-25,2264.5,0.93,mandi_simulated
Tomato,Indore,2026-07-25,2176.55,0.93,mandi_simulated
Tomato,Jaipur,2026-07-25,2176.55,0.93,mandi_simulated
Tomato,Hyderabad,2026-07-25,2264.5,0.93,mandi_simulated
Tomato,Bengaluru,2026-07-25,2132.58,0.93,mandi_simulated
Tomato,Nashik,2026-07-26,2165.01,0.94,mandi_simulated
Tomato,Pune,2026-07-26,2186.45,0.94,mandi_simulated
Tomato,Karnal,2026-07-26,2207.88,0.94,mandi_simulated
Tomato,Ludhiana,2026-07-26,2122.14,0.94,mandi_simulated
Tomato,Nagpur,2026-07-26,2100.7,0.94,mandi_simulated
Tomato,Ahmedabad,2026-07-26,2207.88,0.94,mandi_simulated
Tomato,Indore,2026-07-26,2122.14,0.94,mandi_simulated
Tomato,Jaipur,2026-07-26,2122.14,0.94,mandi_simulated
Tomato,Hyderabad,2026-07-26,2207.88,0.94,mandi_simulated
Tomato,Bengaluru,2026-07-26,2079.27,0.94,mandi_simulated
Tomato,Nashik,2026-07-27,2193.6,0.95,mandi_simulated
Tomato,Pune,2026-07-27,2215.32,0.95,mandi_simulated
Tomato,Karnal,2026-07-27,2237.04,0.95,mandi_simulated
Tomato,Ludhiana,2026-07-27,2150.16,0.95,mandi_simulated
Tomato,Nagpur,2026-07-27,2128.44,0.95,mandi_simulated
Tomato,Ahmedabad,2026-07-27,2237.04,0.95,mandi_simulated
Tomato,Indore,2026-07-27,2150.16,0.95,mandi_simulated
Tomato,Jaipur,2026-07-27,2150.16,0.95,mandi_simulated
Tomato,Hyderabad,2026-07-27,2237.04,0.95,mandi_simulated
Tomato,Bengaluru,2026-07-27,2106.73,0.95,mandi_simulated
Tomato,Nashik,2026-07-28,2222.6,0.95,mandi_simulated
Tomato,Pune,2026-07-28,2244.61,0.95,mandi_simulated
Tomato,Karnal,2026-07-28,2266.61,0.95,mandi_simulated
Tomato,Ludhiana,2026-07-28,2178.59,0.95,mandi_simulated
Tomato,Nagpur,2026-07-28,2156.58,0.95,mandi_simulated
Tomato,Ahmedabad,2026-07-28,2266.61,0.95,mandi_simulated
Tomato,Indore,2026-07-28,2178.59,0.95,mandi_simulated
Tomato,Jaipur,2026-07-28,2178.59,0.95,mandi_simulated
Tomato,Hyderabad,2026-07-28,2266.61,0.95,mandi_simulated
Tomato,Bengaluru,2026-07-28,2134.58,0.95,mandi_simulated
Tomato,Nashik,2026-07-29,2187.79,0.95,mandi_simulated
Tomato,Pune,2026-07-29,2209.45,0.95,mandi_simulated
Tomato,Karnal,2026-07-29,2231.11,0.95,mandi_simulated
Tomato,Ludhiana,2026-07-29,2144.47,0.95,mandi_simulated
Tomato,Nagpur,2026-07-29,2122.81,0.95,mandi_simulated
Tomato,Ahmedabad,2026-07-29,2231.11,0.95,mandi_simulated
Tomato,Indore,2026-07-29,2144.47,0.95,mandi_simulated
Tomato,Jaipur,2026-07-29,2144.47,0.95,mandi_simulated
Tomato,Hyderabad,2026-07-29,2231.11,0.95,mandi_simulated
Tomato,Bengaluru,2026-07-29,2101.14,0.95,mandi_simulated
Tomato,Nashik,2026-07-30,2149.09,0.95,mandi_simulated
Tomato,Pune,2026-07-30,2170.37,0.95,mandi_simulated
Tomato,Karnal,2026-07-30,2191.65,0.95,mandi_simulated
Tomato,Ludhiana,2026-07-30,2106.53,0.95,mandi_simulated
Tomato,Nagpur,2026-07-30,2085.26,0.95,mandi_simulated
Tomato,Ahmedabad,2026-07-30,2191.65,0.95,mandi_simulated
Tomato,Indore,2026-07-30,2106.53,0.95,mandi_simulated
Tomato,Jaipur,2026-07-30,2106.53,0.95,mandi_simulated
Tomato,Hyderabad,2026-07-30,2191.65,0.95,mandi_simulated
Tomato,Bengaluru,2026-07-30,2063.98,0.95,mandi_simulated
Tomato,Nashik,2026-07-31,2144.82,0.95,mandi_simulated
Tomato,Pune,2026-07-31,2166.06,0.95,mandi_simulated
Tomato,Karnal,2026-07-31,2187.29,0.95,mandi_simulated
Tomato,Ludhiana,2026-07-31,2102.35,0.95,mandi_simulated
Tomato,Nagpur,2026-07-31,2081.11,0.95,mandi_simulated
Tomato,Ahmedabad,2026-07-31,2187.29,0.95,mandi_simulated
Tomato,Indore,2026-07-31,2102.35,0.95,mandi_simulated
Tomato,Jaipur,2026-07-31,2102.35,0.95,mandi_simulated
Tomato,Hyderabad,2026-07-31,2187.29,0.95,mandi_simulated
Tomato,Bengaluru,2026-07-31,2059.88,0.95,mandi_simulated
Tomato,Nashik,2026-08-01,2180.86,0.94,mandi_simulated
Tomato,Pune,2026-08-01,2202.46,0.94,mandi_simulated
Tomato,Karnal,2026-08-01,2224.05,0.94,mandi_simulated
Tomato,Ludhiana,2026-08-01,2137.68,0.94,mandi_simulated
Tomato,Nagpur,2026-08-01,2116.08,0.94,mandi_simulated
Tomato,Ahmedabad,2026-08-01,2224.05,0.94,mandi_simulated
Tomato,Indore,2026-08-01,2137.68,0.94,mandi_simulated
Tomato,Jaipur,2026-08-01,2137.68,0.94,mandi_simulated
Tomato,Hyderabad,2026-08-01,2224.05,0.94,mandi_simulated
Tomato,Bengaluru,2026-08-01,2094.49,0.94,mandi_simulated
Tomato,Nashik,2026-08-02,2085.95,0.93,mandi_simulated
Tomato,Pune,2026-08-02,2106.6,0.93,mandi_simulated
Tomato,Karnal,2026-08-02,2127.26,0.93,mandi_simulated
Tomato,Ludhiana,2026-08-02,2044.64,0.93,mandi_simulated
Tomato,Nagpur,2026-08-02,2023.99,0.93,mandi_simulated
Tomato,Ahmedabad,2026-08-02,2127.26,0.93,mandi_simulated
Tomato,Indore,2026-08-02,2044.64,0.93,mandi_simulated
Tomato,Jaipur,2026-08-02,2044.64,0.93,mandi_simulated
Tomato,Hyderabad,2026-08-02,2127.26,0.93,mandi_simulated
Tomato,Bengaluru,2026-08-02,2003.34,0.93,mandi_simulated
Tomato,Nashik,2026-08-03,2097.35,0.92,mandi_simulated
Tomato,Pune,2026-08-03,2118.11,0.92,mandi_simulated
Tomato,Karnal,2026-08-03,2138.88,0.92,mandi_simulated
Tomato,Ludhiana,2026-08-03,2055.82,0.92,mandi_simulated
Tomato,Nagpur,2026-08-03,2035.05,0.92,mandi_simulated
Tomato,Ahmedabad,2026-08-03,2138.88,0.92,mandi_simulated
Tomato,Indore,2026-08-03,2055.82,0.92,mandi_simulated
Tomato,Jaipur,2026-08-03,2055.82,0.92,mandi_simulated
Tomato,Hyderabad,2026-08-03,2138.88,0.92,mandi_simulated
Tomato,Bengaluru,2026-08-03,2014.29,0.92,mandi_simulated
Tomato,Nashik,2026-08-04,2106.51,0.91,mandi_simulated
Tomato,Pune,2026-08-04,2127.37,0.91,mandi_simulated
Tomato,Karnal,2026-08-04,2148.23,0.91,mandi_simulated
Tomato,Ludhiana,2026-08-04,2064.8,0.91,mandi_simulated
Tomato,Nagpur,2026-08-04,2043.94,0.91,mandi_simulated
Tomato,Ahmedabad,2026-08-04,2148.23,0.91,mandi_simulated
Tomato,Indore,2026-08-04,2064.8,0.91,mandi_simulated
Tomato,Jaipur,2026-08-04,2064.8,0.91,mandi_simulated
Tomato,Hyderabad,2026-08-04,2148.23,0.91,mandi_simulated
Tomato,Bengaluru,2026-08-04,2023.09,0.91,mandi_simulated
Tomato,Nashik,2026-08-05,2142.41,0.9,mandi_simulated
Tomato,Pune,2026-08-05,2163.63,0.9,mandi_simulated
Tomato,Karnal,2026-08-05,2184.84,0.9,mandi_simulated
Tomato,Ludhiana,2026-08-05,2099.99,0.9,mandi_simulated
Tomato,Nagpur,2026-08-05,2078.78,0.9,mandi_simulated
Tomato,Ahmedabad,2026-08-05,2184.84,0.9,mandi_simulated
Tomato,Indore,2026-08-05,2099.99,0.9,mandi_simulated
Tomato,Jaipur,2026-08-05,2099.99,0.9,mandi_simulated
Tomato,Hyderabad,2026-08-05,2184.84,0.9,mandi_simulated
Tomato,Bengaluru,2026-08-05,2057.57,0.9,mandi_simulated
Tomato,Nashik,2026-08-06,2122.09,0.89,mandi_simulated
Tomato,Pune,2026-08-06,2143.11,0.89,mandi_simulated
Tomato,Karnal,2026-08-06,2164.12,0.89,mandi_simulated
Tomato,Ludhiana,2026-08-06,2080.07,0.89,mandi_simulated
Tomato,Nagpur,2026-08-06,2059.06,0.89,mandi_simulated
Tomato,Ahmedabad,2026-08-06,2164.12,0.89,mandi_simulated
Tomato,Indore,2026-08-06,2080.07,0.89,mandi_simulated
Tomato,Jaipur,2026-08-06,2080.07,0.89,mandi_simulated
Tomato,Hyderabad,2026-08-06,2164.12,0.89,mandi_simulated
Tomato,Bengaluru,2026-08-06,2038.05,0.89,mandi_simulated
Tomato,Nashik,2026-08-07,1991.52,0.87,mandi_simulated
Tomato,Pune,2026-08-07,2011.24,0.87,mandi_simulated
Tomato,Karnal,2026-08-07,2030.96,0.87,mandi_simulated
Tomato,Ludhiana,2026-08-07,1952.09,0.87,mandi_simulated
Tomato,Nagpur,2026-08-07,1932.37,0.87,mandi_simulated
Tomato,Ahmedabad,2026-08-07,2030.96,0.87,mandi_simulated
Tomato,Indore,2026-08-07,1952.09,0.87,mandi_simulated
Tomato,Jaipur,2026-08-07,1952.09,0.87,mandi_simulated
Tomato,Hyderabad,2026-08-07,2030.96,0.87,mandi_simulated
Tomato,Bengaluru,2026-08-07,1912.65,0.87,mandi_simulated
Tomato,Nashik,2026-08-08,2002.2,0.85,mandi_simulated
Tomato,Pune,2026-08-08,2022.03,0.85,mandi_simulated
Tomato,Karnal,2026-08-08,2041.85,0.85,mandi_simulated
Tomato,Ludhiana,2026-08-08,1962.56,0.85,mandi_simulated
Tomato,Nagpur,2026-08-08,1942.73,0.85,mandi_simulated
Tomato,Ahmedabad,2026-08-08,2041.85,0.85,mandi_simulated
Tomato,Indore,2026-08-08,1962.56,0.85,mandi_simulated
Tomato,Jaipur,2026-08-08,1962.56,0.85,mandi_simulated
Tomato,Hyderabad,2026-08-08,2041.85,0.85,mandi_simulated
Tomato,Bengaluru,2026-08-08,1922.91,0.85,mandi_simulated
Tomato,Nashik,2026-08-09,2021.34,0.83,mandi_simulated
Tomato,Pune,2026-08-09,2041.36,0.83,mandi_simulated
Tomato,Karnal,2026-08-09,2061.37,0.83,mandi_simulated
Tomato,Ludhiana,2026-08-09,1981.32,0.83,mandi_simulated
Tomato,Nagpur,2026-08-09,1961.3,0.83,mandi_simulated
Tomato,Ahmedabad,2026-08-09,2061.37,0.83,mandi_simulated
Tomato,Indore,2026-08-09,1981.32,0.83,mandi_simulated
Tomato,Jaipur,2026-08-09,1981.32,0.83,mandi_simulated
Tomato,Hyderabad,2026-08-09,2061.37,0.83,mandi_simulated
Tomato,Bengaluru,2026-08-09,1941.29,0.83,mandi_simulated
Tomato,Nashik,2026-08-10,2090.34,0.81,mandi_simulated
Tomato,Pune,2026-08-10,2111.04,0.81,mandi_simulated
Tomato,Karnal,2026-08-10,2131.73,0.81,mandi_simulated
Tomato,Ludhiana,2026-08-10,2048.95,0.81,mandi_simulated
Tomato,Nagpur,2026-08-10,2028.25,0.81,mandi_simulated
Tomato,Ahmedabad,2026-08-10,2131.73,0.81,mandi_simulated
Tomato,Indore,2026-08-10,2048.95,0.81,mandi_simulated
Tomato,Jaipur,2026-08-10,2048.95,0.81,mandi_simulated
Tomato,Hyderabad,2026-08-10,2131.73,0.81,mandi_simulated
Tomato,Bengaluru,2026-08-10,2007.55,0.81,mandi_simulated
Tomato,Nashik,2026-08-11,2058.27,0.79,mandi_simulated
Tomato,Pune,2026-08-11,2078.65,0.79,mandi_simulated
Tomato,Karnal,2026-08-11,2099.03,0.79,mandi_simulated
Tomato,Ludhiana,2026-08-11,2017.52,0.79,mandi_simulated
Tomato,Nagpur,2026-08-11,1997.14,0.79,mandi_simulated
Tomato,Ahmedabad,2026-08-11,2099.03,0.79,mandi_simulated
Tomato,Indore,2026-08-11,2017.52,0.79,mandi_simulated
Tomato,Jaipur,2026-08-11,2017.52,0.79,mandi_simulated
Tomato,Hyderabad,2026-08-11,2099.03,0.79,mandi_simulated
Tomato,Bengaluru,2026-08-11,1976.76,0.79,mandi_simulated
Tomato,Nashik,2026-08-12,2010.63,0.76,mandi_simulated
Tomato,Pune,2026-08-12,2030.53,0.76,mandi_simulated
Tomato,Karnal,2026-08-12,2050.44,0.76,mandi_simulated
Tomato,Ludhiana,2026-08-12,1970.81,0.76,mandi_simulated
Tomato,Nagpur,2026-08-12,1950.91,0.76,mandi_simulated
Tomato,Ahmedabad,2026-08-12,2050.44,0.76,mandi_simulated
Tomato,Indore,2026-08-12,1970.81,0.76,mandi_simulated
Tomato,Jaipur,2026-08-12,1970.81,0.76,mandi_simulated
Tomato,Hyderabad,2026-08-12,2050.44,0.76,mandi_simulated
Tomato,Bengaluru,2026-08-12,1931.0,0.76,mandi_simulated
Tomato,Nashik,2026-08-13,1982.91,0.74,mandi_simulated
Tomato,Pune,2026-08-13,2002.54,0.74,mandi_simulated
Tomato,Karnal,2026-08-13,2022.18,0.74,mandi_simulated
Tomato,Ludhiana,2026-08-13,1943.65,0.74,mandi_simulated
Tomato,Nagpur,2026-08-13,1924.01,0.74,mandi_simulated
Tomato,Ahmedabad,2026-08-13,2022.18,0.74,mandi_simulated
Tomato,Indore,2026-08-13,1943.65,0.74,mandi_simulated
Tomato,Jaipur,2026-08-13,1943.65,0.74,mandi_simulated
Tomato,Hyderabad,2026-08-13,2022.18,0.74,mandi_simulated
Tomato,Bengaluru,2026-08-13,1904.38,0.74,mandi_simulated
Tomato,Nashik,2026-08-14,2075.21,0.71,mandi_simulated
Tomato,Pune,2026-08-14,2095.75,0.71,mandi_simulated
Tomato,Karnal,2026-08-14,2116.3,0.71,mandi_simulated
Tomato,Ludhiana,2026-08-14,2034.11,0.71,mandi_simulated
Tomato,Nagpur,2026-08-14,2013.57,0.71,mandi_simulated
Tomato,Ahmedabad,2026-08-14,2116.3,0.71,mandi_simulated
Tomato,Indore,2026-08-14,2034.11,0.71,mandi_simulated
Tomato,Jaipur,2026-08-14,2034.11,0.71,mandi_simulated
Tomato,Hyderabad,2026-08-14,2116.3,0.71,mandi_simulated
Tomato,Bengaluru,2026-08-14,1993.02,0.71,mandi_simulated
Tomato,Nashik,2026-08-15,2077.89,0.69,mandi_simulated
Tomato,Pune,2026-08-15,2098.47,0.69,mandi_simulated
Tomato,Karnal,2026-08-15,2119.04,0.69,mandi_simulated
Tomato,Ludhiana,2026-08-15,2036.75,0.69,mandi_simulated
Tomato,Nagpur,2026-08-15,2016.17,0.69,mandi_simulated
Tomato,Ahmedabad,2026-08-15,2119.04,0.69,mandi_simulated
Tomato,Indore,2026-08-15,2036.75,0.69,mandi_simulated
Tomato,Jaipur,2026-08-15,2036.75,0.69,mandi_simulated
Tomato,Hyderabad,2026-08-15,2119.04,0.69,mandi_simulated
Tomato,Bengaluru,2026-08-15,1995.6,0.69,mandi_simulated
Tomato,Nashik,2026-08-16,2119.43,0.66,mandi_simulated
Tomato,Pune,2026-08-16,2140.42,0.66,mandi_simulated
Tomato,Karnal,2026-08-16,2161.4,0.66,mandi_simulated
Tomato,Ludhiana,2026-08-16,2077.46,0.66,mandi_simulated
Tomato,Nagpur,2026-08-16,2056.48,0.66,mandi_simulated
Tomato,Ahmedabad,2026-08-16,2161.4,0.66,mandi_simulated
Tomato,Indore,2026-08-16,2077.46,0.66,mandi_simulated
Tomato,Jaipur,2026-08-16,2077.46,0.66,mandi_simulated
Tomato,Hyderabad,2026-08-16,2161.4,0.66,mandi_simulated
Tomato,Bengaluru,2026-08-16,2035.49,0.66,mandi_simulated
Tomato,Nashik,2026-08-17,2049.6,0.63,mandi_simulated
Tomato,Pune,2026-08-17,2069.89,0.63,mandi_simulated
Tomato,Karnal,2026-08-17,2090.18,0.63,mandi_simulated
Tomato,Ludhiana,2026-08-17,2009.01,0.63,mandi_simulated
Tomato,Nagpur,2026-08-17,1988.72,0.63,mandi_simulated
Tomato,Ahmedabad,2026-08-17,2090.18,0.63,mandi_simulated
Tomato,Indore,2026-08-17,2009.01,0.63,mandi_simulated
Tomato,Jaipur,2026-08-17,2009.01,0.63,mandi_simulated
Tomato,Hyderabad,2026-08-17,2090.18,0.63,mandi_simulated
Tomato,Bengaluru,2026-08-17,1968.43,0.63,mandi_simulated
Tomato,Nashik,2026-08-18,2051.92,0.6,mandi_simulated
Tomato,Pune,2026-08-18,2072.24,0.6,mandi_simulated
Tomato,Karnal,2026-08-18,2092.55,0.6,mandi_simulated
Tomato,Ludhiana,2026-08-18,2011.29,0.6,mandi_simulated
Tomato,Nagpur,2026-08-18,1990.97,0.6,mandi_simulated
Tomato,Ahmedabad,2026-08-18,2092.55,0.6,mandi_simulated
Tomato,Indore,2026-08-18,2011.29,0.6,mandi_simulated
Tomato,Jaipur,2026-08-18,2011.29,0.6,mandi_simulated
Tomato,Hyderabad,2026-08-18,2092.55,0.6,mandi_simulated
Tomato,Bengaluru,2026-08-18,1970.66,0.6,mandi_simulated
Tomato,Nashik,2026-08-19,1988.14,0.58,mandi_simulated
Tomato,Pune,2026-08-19,2007.82,0.58,mandi_simulated
Tomato,Karnal,2026-08-19,2027.5,0.58,mandi_simulated
Tomato,Ludhiana,2026-08-19,1948.77,0.58,mandi_simulated
Tomato,Nagpur,2026-08-19,1929.08,0.58,mandi_simulated
Tomato,Ahmedabad,2026-08-19,2027.5,0.58,mandi_simulated
Tomato,Indore,2026-08-19,1948.77,0.58,mandi_simulated
Tomato,Jaipur,2026-08-19,1948.77,0.58,mandi_simulated
Tomato,Hyderabad,2026-08-19,2027.5,0.58,mandi_simulated
Tomato,Bengaluru,2026-08-19,1909.4,0.58,mandi_simulated
Tomato,Nashik,2026-08-20,1986.32,0.55,mandi_simulated
Tomato,Pune,2026-08-20,2005.98,0.55,mandi_simulated
Tomato,Karnal,2026-08-20,2025.65,0.55,mandi_simulated
Tomato,Ludhiana,2026-08-20,1946.98,0.55,mandi_simulated
Tomato,Nagpur,2026-08-20,1927.32,0.55,mandi_simulated
Tomato,Ahmedabad,2026-08-20,2025.65,0.55,mandi_simulated
Tomato,Indore,2026-08-20,1946.98,0.55,mandi_simulated
Tomato,Jaipur,2026-08-20,1946.98,0.55,mandi_simulated
Tomato,Hyderabad,2026-08-20,2025.65,0.55,mandi_simulated
Tomato,Bengaluru,2026-08-20,1907.65,0.55,mandi_simulated
Tomato,Nashik,2026-08-21,2056.81,0.58,mandi_simulated
Tomato,Pune,2026-08-21,2077.17,0.58,mandi_simulated
Tomato,Karnal,2026-08-21,2097.54,0.58,mandi_simulated
Tomato,Ludhiana,2026-08-21,2016.08,0.58,mandi_simulated
Tomato,Nagpur,2026-08-21,1995.72,0.58,mandi_simulated
Tomato,Ahmedabad,2026-08-21,2097.54,0.58,mandi_simulated
Tomato,Indore,2026-08-21,2016.08,0.58,mandi_simulated
Tomato,Jaipur,2026-08-21,2016.08,0.58,mandi_simulated
Tomato,Hyderabad,2026-08-21,2097.54,0.58,mandi_simulated
Tomato,Bengaluru,2026-08-21,1975.35,0.58,mandi_simulated
Tomato,Nashik,2026-08-22,2045.14,0.61,mandi_simulated
Tomato,Pune,2026-08-22,2065.39,0.61,mandi_simulated
Tomato,Karnal,2026-08-22,2085.64,0.61,mandi_simulated
Tomato,Ludhiana,2026-08-22,2004.64,0.61,mandi_simulated
Tomato,Nagpur,2026-08-22,1984.39,0.61,mandi_simulated
Tomato,Ahmedabad,2026-08-22,2085.64,0.61,mandi_simulated
Tomato,Indore,2026-08-22,2004.64,0.61,mandi_simulated
Tomato,Jaipur,2026-08-22,2004.64,0.61,mandi_simulated
Tomato,Hyderabad,2026-08-22,2085.64,0.61,mandi_simulated
Tomato,Bengaluru,2026-08-22,1964.15,0.61,mandi_simulated
Tomato,Nashik,2026-08-23,2040.35,0.64,mandi_simulated
Tomato,Pune,2026-08-23,2060.55,0.64,mandi_simulated
Tomato,Karnal,2026-08-23,2080.75,0.64,mandi_simulated
Tomato,Ludhiana,2026-08-23,1999.94,0.64,mandi_simulated
Tomato,Nagpur,2026-08-23,1979.74,0.64,mandi_simulated
Tomato,Ahmedabad,2026-08-23,2080.75,0.64,mandi_simulated
Tomato,Indore,2026-08-23,1999.94,0.64,mandi_simulated
Tomato,Jaipur,2026-08-23,1999.94,0.64,mandi_simulated
Tomato,Hyderabad,2026-08-23,2080.75,0.64,mandi_simulated
Tomato,Bengaluru,2026-08-23,1959.54,0.64,mandi_simulated
Tomato,Nashik,2026-08-24,2021.57,0.67,mandi_simulated
Tomato,Pune,2026-08-24,2041.59,0.67,mandi_simulated
Tomato,Karnal,2026-08-24,2061.6,0.67,mandi_simulated
Tomato,Ludhiana,2026-08-24,1981.54,0.67,mandi_simulated
Tomato,Nagpur,2026-08-24,1961.53,0.67,mandi_simulated
Tomato,Ahmedabad,2026-08-24,2061.6,0.67,mandi_simulated
Tomato,Indore,2026-08-24,1981.54,0.67,mandi_simulated
Tomato,Jaipur,2026-08-24,1981.54,0.67,mandi_simulated
Tomato,Hyderabad,2026-08-24,2061.6,0.67,mandi_simulated
Tomato,Bengaluru,2026-08-24,1941.51,0.67,mandi_simulated
Tomato,Nashik,2026-08-25,2176.06,0.69,mandi_simulated
Tomato,Pune,2026-08-25,2197.61,0.69,mandi_simulated
Tomato,Karnal,2026-08-25,2219.15,0.69,mandi_simulated
Tomato,Ludhiana,2026-08-25,2132.97,0.69,mandi_simulated
Tomato,Nagpur,2026-08-25,2111.43,0.69,mandi_simulated
Tomato,Ahmedabad,2026-08-25,2219.15,0.69,mandi_simulated
Tomato,Indore,2026-08-25,2132.97,0.69,mandi_simulated
Tomato,Jaipur,2026-08-25,2132.97,0.69,mandi_simulated
Tomato,Hyderabad,2026-08-25,2219.15,0.69,mandi_simulated
Tomato,Bengaluru,2026-08-25,2089.88,0.69,mandi_simulated
Tomato,Nashik,2026-08-26,2164.39,0.72,mandi_simulated
Tomato,Pune,2026-08-26,2185.82,0.72,mandi_simulated
Tomato,Karnal,2026-08-26,2207.25,0.72,mandi_simulated
Tomato,Ludhiana,2026-08-26,2121.53,0.72,mandi_simulated
Tomato,Nagpur,2026-08-26,2100.1,0.72,mandi_simulated
Tomato,Ahmedabad,2026-08-26,2207.25,0.72,mandi_simulated
Tomato,Indore,2026-08-26,2121.53,0.72,mandi_simulated
Tomato,Jaipur,2026-08-26,2121.53,0.72,mandi_simulated
Tomato,Hyderabad,2026-08-26,2207.25,0.72,mandi_simulated
Tomato,Bengaluru,2026-08-26,2078.67,0.72,mandi_simulated
Tomato,Nashik,2026-08-27,2130.25,0.74,mandi_simulated
Tomato,Pune,2026-08-27,2151.35,0.74,mandi_simulated
Tomato,Karnal,2026-08-27,2172.44,0.74,mandi_simulated
Tomato,Ludhiana,2026-08-27,2088.07,0.74,mandi_simulated
Tomato,Nagpur,2026-08-27,2066.98,0.74,mandi_simulated
Tomato,Ahmedabad,2026-08-27,2172.44,0.74,mandi_simulated
Tomato,Indore,2026-08-27,2088.07,0.74,mandi_simulated
Tomato,Jaipur,2026-08-27,2088.07,0.74,mandi_simulated
Tomato,Hyderabad,2026-08-27,2172.44,0.74,mandi_simulated
Tomato,Bengaluru,2026-08-27,2045.89,0.74,mandi_simulated
Tomato,Nashik,2026-08-28,2204.54,0.77,mandi_simulated
Tomato,Pune,2026-08-28,2226.36,0.77,mandi_simulated
Tomato,Karnal,2026-08-28,2248.19,0.77,mandi_simulated
Tomato,Ludhiana,2026-08-28,2160.88,0.77,mandi_simulated
Tomato,Nagpur,2026-08-28,2139.05,0.77,mandi_simulated
Tomato,Ahmedabad,2026-08-28,2248.19,0.77,mandi_simulated
Tomato,Indore,2026-08-28,2160.88,0.77,mandi_simulated
Tomato,Jaipur,2026-08-28,2160.88,0.77,mandi_simulated
Tomato,Hyderabad,2026-08-28,2248.19,0.77,mandi_simulated
Tomato,Bengaluru,2026-08-28,2117.23,0.77,mandi_simulated
Tomato,Nashik,2026-08-29,2224.02,0.79,mandi_simulated
Tomato,Pune,2026-08-29,2246.04,0.79,mandi_simulated
Tomato,Karnal,2026-08-29,2268.06,0.79,mandi_simulated
Tomato,Ludhiana,2026-08-29,2179.98,0.79,mandi_simulated
Tomato,Nagpur,2026-08-29,2157.96,0.79,mandi_simulated
Tomato,Ahmedabad,2026-08-29,2268.06,0.79,mandi_simulated
Tomato,Indore,2026-08-29,2179.98,0.79,mandi_simulated
Tomato,Jaipur,2026-08-29,2179.98,0.79,mandi_simulated
Tomato,Hyderabad,2026-08-29,2268.06,0.79,mandi_simulated
Tomato,Bengaluru,2026-08-29,2135.94,0.79,mandi_simulated
Tomato,Nashik,2026-08-30,2179.33,0.81,mandi_simulated
Tomato,Pune,2026-08-30,2200.9,0.81,mandi_simulated
Tomato,Karnal,2026-08-30,2222.48,0.81,mandi_simulated
Tomato,Ludhiana,2026-08-30,2136.17,0.81,mandi_simulated
Tomato,Nagpur,2026-08-30,2114.59,0.81,mandi_simulated
Tomato,Ahmedabad,2026-08-30,2222.48,0.81,mandi_simulated
Tomato,Indore,2026-08-30,2136.17,0.81,mandi_simulated
Tomato,Jaipur,2026-08-30,2136.17,0.81,mandi_simulated
Tomato,Hyderabad,2026-08-30,2222.48,0.81,mandi_simulated
Tomato,Bengaluru,2026-08-30,2093.02,0.81,mandi_simulated
Tomato,Nashik,2026-08-31,2121.35,0.83,mandi_simulated
Tomato,Pune,2026-08-31,2142.36,0.83,mandi_simulated
Tomato,Karnal,2026-08-31,2163.36,0.83,mandi_simulated
Tomato,Ludhiana,2026-08-31,2079.34,0.83,mandi_simulated
Tomato,Nagpur,2026-08-31,2058.34,0.83,mandi_simulated
Tomato,Ahmedabad,2026-08-31,2163.36,0.83,mandi_simulated
Tomato,Indore,2026-08-31,2079.34,0.83,mandi_simulated
Tomato,Jaipur,2026-08-31,2079.34,0.83,mandi_simulated
Tomato,Hyderabad,2026-08-31,2163.36,0.83,mandi_simulated
Tomato,Bengaluru,2026-08-31,2037.34,0.83,mandi_simulated
Tomato,Nashik,2026-09-01,2093.08,0.85,mandi_simulated
Tomato,Pune,2026-09-01,2113.8,0.85,mandi_simulated
Tomato,Karnal,2026-09-01,2134.52,0.85,mandi_simulated
Tomato,Ludhiana,2026-09-01,2051.63,0.85,mandi_simulated
Tomato,Nagpur,2026-09-01,2030.91,0.85,mandi_simulated
Tomato,Ahmedabad,2026-09-01,2134.52,0.85,mandi_simulated
Tomato,Indore,2026-09-01,2051.63,0.85,mandi_simulated
Tomato,Jaipur,2026-09-01,2051.63,0.85,mandi_simulated
Tomato,Hyderabad,2026-09-01,2134.52,0.85,mandi_simulated
Tomato,Bengaluru,2026-09-01,2010.18,0.85,mandi_simulated
Tomato,Nashik,2026-09-02,2229.84,0.87,mandi_simulated
Tomato,Pune,2026-09-02,2251.92,0.87,mandi_simulated
Tomato,Karnal,2026-09-02,2273.99,0.87,mandi_simulated
Tomato,Ludhiana,2026-09-02,2185.68,0.87,mandi_simulated
Tomato,Nagpur,2026-09-02,2163.61,0.87,mandi_simulated
Tomato,Ahmedabad,2026-09-02,2273.99,0.87,mandi_simulated
Tomato,Indore,2026-09-02,2185.68,0.87,mandi_simulated
Tomato,Jaipur,2026-09-02,2185.68,0.87,mandi_simulated
Tomato,Hyderabad,2026-09-02,2273.99,0.87,mandi_simulated
Tomato,Bengaluru,2026-09-02,2141.53,0.87,mandi_simulated
Tomato,Nashik,2026-09-03,2192.08,0.89,mandi_simulated
Tomato,Pune,2026-09-03,2213.78,0.89,mandi_simulated
Tomato,Karnal,2026-09-03,2235.48,0.89,mandi_simulated
Tomato,Ludhiana,2026-09-03,2148.67,0.89,mandi_simulated
Tomato,Nagpur,2026-09-03,2126.96,0.89,mandi_simulated
Tomato,Ahmedabad,2026-09-03,2235.48,0.89,mandi_simulated
Tomato,Indore,2026-09-03,2148.67,0.89,mandi_simulated
Tomato,Jaipur,2026-09-03,2148.67,0.89,mandi_simulated
Tomato,Hyderabad,2026-09-03,2235.48,0.89,mandi_simulated
Tomato,Bengaluru,2026-09-03,2105.26,0.89,mandi_simulated
Tomato,Nashik,2026-09-04,2236.38,0.9,mandi_simulated
Tomato,Pune,2026-09-04,2258.52,0.9,mandi_simulated
Tomato,Karnal,2026-09-04,2280.67,0.9,mandi_simulated
Tomato,Ludhiana,2026-09-04,2192.1,0.9,mandi_simulated
Tomato,Nagpur,2026-09-04,2169.95,0.9,mandi_simulated
Tomato,Ahmedabad,2026-09-04,2280.67,0.9,mandi_simulated
Tomato,Indore,2026-09-04,2192.1,0.9,mandi_simulated
Tomato,Jaipur,2026-09-04,2192.1,0.9,mandi_simulated
Tomato,Hyderabad,2026-09-04,2280.67,0.9,mandi_simulated
Tomato,Bengaluru,2026-09-04,2147.81,0.9,mandi_simulated
Tomato,Nashik,2026-09-05,2295.96,0.91,mandi_simulated
Tomato,Pune,2026-09-05,2318.69,0.91,mandi_simulated
Tomato,Karnal,2026-09-05,2341.43,0.91,mandi_simulated
Tomato,Ludhiana,2026-09-05,2250.5,0.91,mandi_simulated
Tomato,Nagpur,2026-09-05,2227.76,0.91,mandi_simulated
Tomato,Ahmedabad,2026-09-05,2341.43,0.91,mandi_simulated
Tomato,Indore,2026-09-05,2250.5,0.91,mandi_simulated
Tomato,Jaipur,2026-09-05,2250.5,0.91,mandi_simulated
Tomato,Hyderabad,2026-09-05,2341.43,0.91,mandi_simulated
Tomato,Bengaluru,2026-09-05,2205.03,0.91,mandi_simulated
Tomato,Nashik,2026-09-06,2177.47,0.93,mandi_simulated
Tomato,Pune,2026-09-06,2199.02,0.93,mandi_simulated
Tomato,Karnal,2026-09-06,2220.58,0.93,mandi_simulated
Tomato,Ludhiana,2026-09-06,2134.35,0.93,mandi_simulated
Tomato,Nagpur,2026-09-06,2112.79,0.93,mandi_simulated
Tomato,Ahmedabad,2026-09-06,2220.58,0.93,mandi_simulated
Tomato,Indore,2026-09-06,2134.35,0.93,mandi_simulated
Tomato,Jaipur,2026-09-06,2134.35,0.93,mandi_simulated
Tomato,Hyderabad,2026-09-06,2220.58,0.93,mandi_simulated
Tomato,Bengaluru,2026-09-06,2091.23,0.93,mandi_simulated
Tomato,Nashik,2026-09-07,2262.08,0.93,mandi_simulated
Tomato,Pune,2026-09-07,2284.47,0.93,mandi_simulated
Tomato,Karnal,2026-09-07,2306.87,0.93,mandi_simulated
Tomato,Ludhiana,2026-09-07,2217.28,0.93,mandi_simulated
Tomato,Nagpur,2026-09-07,2194.89,0.93,mandi_simulated
Tomato,Ahmedabad,2026-09-07,2306.87,0.93,mandi_simulated
Tomato,Indore,2026-09-07,2217.28,0.93,mandi_simulated
Tomato,Jaipur,2026-09-07,2217.28,0.93,mandi_simulated
Tomato,Hyderabad,2026-09-07,2306.87,0.93,mandi_simulated
Tomato,Bengaluru,2026-09-07,2172.49,0.93,mandi_simulated
Tomato,Nashik,2026-09-08,2283.32,0.94,mandi_simulated
Tomato,Pune,2026-09-08,2305.92,0.94,mandi_simulated
Tomato,Karnal,2026-09-08,2328.53,0.94,mandi_simulated
Tomato,Ludhiana,2026-09-08,2238.1,0.94,mandi_simulated
Tomato,Nagpur,2026-09-08,2215.49,0.94,mandi_simulated
Tomato,Ahmedabad,2026-09-08,2328.53,0.94,mandi_simulated
Tomato,Indore,2026-09-08,2238.1,0.94,mandi_simulated
Tomato,Jaipur,2026-09-08,2238.1,0.94,mandi_simulated
Tomato,Hyderabad,2026-09-08,2328.53,0.94,mandi_simulated
Tomato,Bengaluru,2026-09-08,2192.89,0.94,mandi_simulated
Cotton,Nashik,2026-03-09,8868.13,0.55,mandi_simulated
Cotton,Pune,2026-03-09,8694.24,0.55,mandi_simulated
Cotton,Karnal,2026-03-09,8520.36,0.55,mandi_simulated
Cotton,Ludhiana,2026-03-09,8868.13,0.55,mandi_simulated
Cotton,Nagpur,2026-03-09,8520.36,0.55,mandi_simulated
Cotton,Ahmedabad,2026-03-09,8433.41,0.55,mandi_simulated
Cotton,Indore,2026-03-09,8520.36,0.55,mandi_simulated
Cotton,Jaipur,2026-03-09,8868.13,0.55,mandi_simulated
Cotton,Hyderabad,2026-03-09,8781.18,0.55,mandi_simulated
Cotton,Bengaluru,2026-03-09,8694.24,0.55,mandi_simulated
Cotton,Nashik,2026-03-10,8631.72,0.58,mandi_simulated
Cotton,Pune,2026-03-10,8462.47,0.58,mandi_simulated
Cotton,Karnal,2026-03-10,8293.22,0.58,mandi_simulated
Cotton,Ludhiana,2026-03-10,8631.72,0.58,mandi_simulated
Cotton,Nagpur,2026-03-10,8293.22,0.58,mandi_simulated
Cotton,Ahmedabad,2026-03-10,8208.59,0.58,mandi_simulated
Cotton,Indore,2026-03-10,8293.22,0.58,mandi_simulated
Cotton,Jaipur,2026-03-10,8631.72,0.58,mandi_simulated
Cotton,Hyderabad,2026-03-10,8547.09,0.58,mandi_simulated
Cotton,Bengaluru,2026-03-10,8462.47,0.58,mandi_simulated
Cotton,Nashik,2026-03-11,8863.66,0.61,mandi_simulated
Cotton,Pune,2026-03-11,8689.87,0.61,mandi_simulated
Cotton,Karnal,2026-03-11,8516.07,0.61,mandi_simulated
Cotton,Ludhiana,2026-03-11,8863.66,0.61,mandi_simulated
Cotton,Nagpur,2026-03-11,8516.07,0.61,mandi_simulated
Cotton,Ahmedabad,2026-03-11,8429.17,0.61,mandi_simulated
Cotton,Indore,2026-03-11,8516.07,0.61,mandi_simulated
Cotton,Jaipur,2026-03-11,8863.66,0.61,mandi_simulated
Cotton,Hyderabad,2026-03-11,8776.77,0.61,mandi_simulated
Cotton,Bengaluru,2026-03-11,8689.87,0.61,mandi_simulated
Cotton,Nashik,2026-03-12,8901.29,0.64,mandi_simulated
Cotton,Pune,2026-03-12,8726.76,0.64,mandi_simulated
Cotton,Karnal,2026-03-12,8552.22,0.64,mandi_simulated
Cotton,Ludhiana,2026-03-12,8901.29,0.64,mandi_simulated
Cotton,Nagpur,2026-03-12,8552.22,0.64,mandi_simulated
Cotton,Ahmedabad,2026-03-12,8464.96,0.64,mandi_simulated
Cotton,Indore,2026-03-12,8552.22,0.64,mandi_simulated
Cotton,Jaipur,2026-03-12,8901.29,0.64,mandi_simulated
Cotton,Hyderabad,2026-03-12,8814.03,0.64,mandi_simulated
Cotton,Bengaluru,2026-03-12,8726.76,0.64,mandi_simulated
Cotton,Nashik,2026-03-13,9193.12,0.66,mandi_simulated
Cotton,Pune,2026-03-13,9012.87,0.66,mandi_simulated
Cotton,Karnal,2026-03-13,8832.61,0.66,mandi_simulated
Cotton,Ludhiana,2026-03-13,9193.12,0.66,mandi_simulated
Cotton,Nagpur,2026-03-13,8832.61,0.66,mandi_simulated
Cotton,Ahmedabad,2026-03-13,8742.48,0.66,mandi_simulated
Cotton,Indore,2026-03-13,8832.61,0.66,mandi_simulated
Cotton,Jaipur,2026-03-13,9193.12,0.66,mandi_simulated
Cotton,Hyderabad,2026-03-13,9103.0,0.66,mandi_simulated
Cotton,Bengaluru,2026-03-13,9012.87,0.66,mandi_simulated
Cotton,Nashik,2026-03-14,9377.72,0.69,mandi_simulated
Cotton,Pune,2026-03-14,9193.84,0.69,mandi_simulated
Cotton,Karnal,2026-03-14,9009.96,0.69,mandi_simulated
Cotton,Ludhiana,2026-03-14,9377.72,0.69,mandi_simulated
Cotton,Nagpur,2026-03-14,9009.96,0.69,mandi_simulated
Cotton,Ahmedabad,2026-03-14,8918.03,0.69,mandi_simulated
Cotton,Indore,2026-03-14,9009.96,0.69,mandi_simulated
Cotton,Jaipur,2026-03-14,9377.72,0.69,mandi_simulated
Cotton,Hyderabad,2026-03-14,9285.78,0.69,mandi_simulated
Cotton,Bengaluru,2026-03-14,9193.84,0.69,mandi_simulated
Cotton,Nashik,2026-03-15,9037.99,0.72,mandi_simulated
Cotton,Pune,2026-03-15,8860.78,0.72,mandi_simulated
Cotton,Karnal,2026-03-15,8683.56,0.72,mandi_simulated
Cotton,Ludhiana,2026-03-15,9037.99,0.72,mandi_simulated
Cotton,Nagpur,2026-03-15,8683.56,0.72,mandi_simulated
Cotton,Ahmedabad,2026-03-15,8594.95,0.72,mandi_simulated
Cotton,Indore,2026-03-15,8683.56,0.72,mandi_simulated
Cotton,Jaipur,2026-03-15,9037.99,0.72,mandi_simulated
Cotton,Hyderabad,2026-03-15,8949.39,0.72,mandi_simulated
Cotton,Bengaluru,2026-03-15,8860.78,0.72,mandi_simulated
Cotton,Nashik,2026-03-16,9349.94,0.74,mandi_simulated
Cotton,Pune,2026-03-16,9166.61,0.74,mandi_simulated
Cotton,Karnal,2026-03-16,8983.28,0.74,mandi_simulated
Cotton,Ludhiana,2026-03-16,9349.94,0.74,mandi_simulated
Cotton,Nagpur,2026-03-16,8983.28,0.74,mandi_simulated
Cotton,Ahmedabad,2026-03-16,8891.61,0.74,mandi_simulated
Cotton,Indore,2026-03-16,8983.28,0.74,mandi_simulated
Cotton,Jaipur,2026-03-16,9349.94,0.74,mandi_simulated
Cotton,Hyderabad,2026-03-16,9258.28,0.74,mandi_simulated
Cotton,Bengaluru,2026-03-16,9166.61,0.74,mandi_simulated
Cotton,Nashik,2026-03-17,9093.48,0.77,mandi_simulated
Cotton,Pune,2026-03-17,8915.17,0.77,mandi_simulated
Cotton,Karnal,2026-03-17,8736.87,0.77,mandi_simulated
Cotton,Ludhiana,2026-03-17,9093.48,0.77,mandi_simulated
Cotton,Nagpur,2026-03-17,8736.87,0.77,mandi_simulated
Cotton,Ahmedabad,2026-03-17,8647.72,0.77,mandi_simulated
Cotton,Indore,2026-03-17,8736.87,0.77,mandi_simulated
Cotton,Jaipur,2026-03-17,9093.48,0.77,mandi_simulated
Cotton,Hyderabad,2026-03-17,9004.33,0.77,mandi_simulated
Cotton,Bengaluru,2026-03-17,8915.17,0.77,mandi_simulated
Cotton,Nashik,2026-03-18,9622.19,0.79,mandi_simulated
Cotton,Pune,2026-03-18,9433.52,0.79,mandi_simulated
Cotton,Karnal,2026-03-18,9244.85,0.79,mandi_simulated
Cotton,Ludhiana,2026-03-18,9622.19,0.79,mandi_simulated
Cotton,Nagpur,2026-03-18,9244.85,0.79,mandi_simulated
Cotton,Ahmedabad,2026-03-18,9150.52,0.79,mandi_simulated
Cotton,Indore,2026-03-18,9244.85,0.79,mandi_simulated
Cotton,Jaipur,2026-03-18,9622.19,0.79,mandi_simulated
Cotton,Hyderabad,2026-03-18,9527.86,0.79,mandi_simulated
Cotton,Bengaluru,2026-03-18,9433.52,0.79,mandi_simulated
Cotton,Nashik,2026-03-19,9564.38,0.81,mandi_simulated
Cotton,Pune,2026-03-19,9376.84,0.81,mandi_simulated
Cotton,Karnal,2026-03-19,9189.31,0.81,mandi_simulated
Cotton,Ludhiana,2026-03-19,9564.38,0.81,mandi_simulated
Cotton,Nagpur,2026-03-19,9189.31,0.81,mandi_simulated
Cotton,Ahmedabad,2026-03-19,9095.54,0.81,mandi_simulated
Cotton,Indore,2026-03-19,9189.31,0.81,mandi_simulated
Cotton,Jaipur,2026-03-19,9564.38,0.81,mandi_simulated
Cotton,Hyderabad,2026-03-19,9470.61,0.81,mandi_simulated
Cotton,Bengaluru,2026-03-19,9376.84,0.81,mandi_simulated
Cotton,Nashik,2026-03-20,9404.69,0.83,mandi_simulated
Cotton,Pune,2026-03-20,9220.29,0.83,mandi_simulated
Cotton,Karnal,2026-03-20,9035.88,0.83,mandi_simulated
Cotton,Ludhiana,2026-03-20,9404.69,0.83,mandi_simulated
Cotton,Nagpur,2026-03-20,9035.88,0.83,mandi_simulated
Cotton,Ahmedabad,2026-03-20,8943.68,0.83,mandi_simulated
Cotton,Indore,2026-03-20,9035.88,0.83,mandi_simulated
Cotton,Jaipur,2026-03-20,9404.69,0.83,mandi_simulated
Cotton,Hyderabad,2026-03-20,9312.49,0.83,mandi_simulated
Cotton,Bengaluru,2026-03-20,9220.29,0.83,mandi_simulated
Cotton,Nashik,2026-03-21,9367.6,0.85,mandi_simulated
Cotton,Pune,2026-03-21,9183.92,0.85,mandi_simulated
Cotton,Karnal,2026-03-21,9000.24,0.85,mandi_simulated
Cotton,Ludhiana,2026-03-21,9367.6,0.85,mandi_simulated
Cotton,Nagpur,2026-03-21,9000.24,0.85,mandi_simulated
Cotton,Ahmedabad,2026-03-21,8908.4,0.85,mandi_simulated
Cotton,Indore,2026-03-21,9000.24,0.85,mandi_simulated
Cotton,Jaipur,2026-03-21,9367.6,0.85,mandi_simulated
Cotton,Hyderabad,2026-03-21,9275.76,0.85,mandi_simulated
Cotton,Bengaluru,2026-03-21,9183.92,0.85,mandi_simulated
Cotton,Nashik,2026-03-22,9293.45,0.87,mandi_simulated
Cotton,Pune,2026-03-22,9111.22,0.87,mandi_simulated
Cotton,Karnal,2026-03-22,8929.0,0.87,mandi_simulated
Cotton,Ludhiana,2026-03-22,9293.45,0.87,mandi_simulated
Cotton,Nagpur,2026-03-22,8929.0,0.87,mandi_simulated
Cotton,Ahmedabad,2026-03-22,8837.88,0.87,mandi_simulated
Cotton,Indore,2026-03-22,8929.0,0.87,mandi_simulated
Cotton,Jaipur,2026-03-22,9293.45,0.87,mandi_simulated
Cotton,Hyderabad,2026-03-22,9202.33,0.87,mandi_simulated
Cotton,Bengaluru,2026-03-22,9111.22,0.87,mandi_simulated
Cotton,Nashik,2026-03-23,9328.77,0.89,mandi_simulated
Cotton,Pune,2026-03-23,9145.85,0.89,mandi_simulated
Cotton,Karnal,2026-03-23,8962.93,0.89,mandi_simulated
Cotton,Ludhiana,2026-03-23,9328.77,0.89,mandi_simulated
Cotton,Nagpur,2026-03-23,8962.93,0.89,mandi_simulated
Cotton,Ahmedabad,2026-03-23,8871.48,0.89,mandi_simulated
Cotton,Indore,2026-03-23,8962.93,0.89,mandi_simulated
Cotton,Jaipur,2026-03-23,9328.77,0.89,mandi_simulated
Cotton,Hyderabad,2026-03-23,9237.31,0.89,mandi_simulated
Cotton,Bengaluru,2026-03-23,9145.85,0.89,mandi_simulated
Cotton,Nashik,2026-03-24,9845.73,0.9,mandi_simulated
Cotton,Pune,2026-03-24,9652.67,0.9,mandi_simulated
Cotton,Karnal,2026-03-24,9459.62,0.9,mandi_simulated
Cotton,Ludhiana,2026-03-24,9845.73,0.9,mandi_simulated
Cotton,Nagpur,2026-03-24,9459.62,0.9,mandi_simulated
Cotton,Ahmedabad,2026-03-24,9363.09,0.9,mandi_simulated
Cotton,Indore,2026-03-24,9459.62,0.9,mandi_simulated
Cotton,Jaipur,2026-03-24,9845.73,0.9,mandi_simulated
Cotton,Hyderabad,2026-03-24,9749.2,0.9,mandi_simulated
Cotton,Bengaluru,2026-03-24,9652.67,0.9,mandi_simulated
Cotton,Nashik,2026-03-25,9439.15,0.91,mandi_simulated
Cotton,Pune,2026-03-25,9254.07,0.91,mandi_simulated
Cotton,Karnal,2026-03-25,9068.99,0.91,mandi_simulated
Cotton,Ludhiana,2026-03-25,9439.15,0.91,mandi_simulated
Cotton,Nagpur,2026-03-25,9068.99,0.91,mandi_simulated
Cotton,Ahmedabad,2026-03-25,8976.45,0.91,mandi_simulated
Cotton,Indore,2026-03-25,9068.99,0.91,mandi_simulated
Cotton,Jaipur,2026-03-25,9439.15,0.91,mandi_simulated
Cotton,Hyderabad,2026-03-25,9346.61,0.91,mandi_simulated
Cotton,Bengaluru,2026-03-25,9254.07,0.91,mandi_simulated
Cotton,Nashik,2026-03-26,9543.36,0.92,mandi_simulated
Cotton,Pune,2026-03-26,9356.23,0.92,mandi_simulated
Cotton,Karnal,2026-03-26,9169.11,0.92,mandi_simulated
Cotton,Ludhiana,2026-03-26,9543.36,0.92,mandi_simulated
Cotton,Nagpur,2026-03-26,9169.11,0.92,mandi_simulated
Cotton,Ahmedabad,2026-03-26,9075.55,0.92,mandi_simulated
Cotton,Indore,2026-03-26,9169.11,0.92,mandi_simulated
Cotton,Jaipur,2026-03-26,9543.36,0.92,mandi_simulated
Cotton,Hyderabad,2026-03-26,9449.79,0.92,mandi_simulated
Cotton,Bengaluru,2026-03-26,9356.23,0.92,mandi_simulated
Cotton,Nashik,2026-03-27,9922.06,0.93,mandi_simulated
Cotton,Pune,2026-03-27,9727.51,0.93,mandi_simulated
Cotton,Karnal,2026-03-27,9532.96,0.93,mandi_simulated
Cotton,Ludhiana,2026-03-27,9922.06,0.93,mandi_simulated
Cotton,Nagpur,2026-03-27,9532.96,0.93,mandi_simulated
Cotton,Ahmedabad,2026-03-27,9435.69,0.93,mandi_simulated
Cotton,Indore,2026-03-27,9532.96,0.93,mandi_simulated
Cotton,Jaipur,2026-03-27,9922.06,0.93,mandi_simulated
Cotton,Hyderabad,2026-03-27,9824.79,0.93,mandi_simulated
Cotton,Bengaluru,2026-03-27,9727.51,0.93,mandi_simulated
Cotton,Nashik,2026-03-28,9683.45,0.94,mandi_simulated
Cotton,Pune,2026-03-28,9493.58,0.94,mandi_simulated
Cotton,Karnal,2026-03-28,9303.7,0.94,mandi_simulated
Cotton,Ludhiana,2026-03-28,9683.45,0.94,mandi_simulated
Cotton,Nagpur,2026-03-28,9303.7,0.94,mandi_simulated
Cotton,Ahmedabad,2026-03-28,9208.77,0.94,mandi_simulated
Cotton,Indore,2026-03-28,9303.7,0.94,mandi_simulated
Cotton,Jaipur,2026-03-28,9683.45,0.94,mandi_simulated
Cotton,Hyderabad,2026-03-28,9588.51,0.94,mandi_simulated
Cotton,Bengaluru,2026-03-28,9493.58,0.94,mandi_simulated
Cotton,Nashik,2026-03-29,9605.76,0.95,mandi_simulated
Cotton,Pune,2026-03-29,9417.41,0.95,mandi_simulated
Cotton,Karnal,2026-03-29,9229.06,0.95,mandi_simulated
Cotton,Ludhiana,2026-03-29,9605.76,0.95,mandi_simulated
Cotton,Nagpur,2026-03-29,9229.06,0.95,mandi_simulated
Cotton,Ahmedabad,2026-03-29,9134.88,0.95,mandi_simulated
Cotton,Indore,2026-03-29,9229.06,0.95,mandi_simulated
Cotton,Jaipur,2026-03-29,9605.76,0.95,mandi_simulated
Cotton,Hyderabad,2026-03-29,9511.58,0.95,mandi_simulated
Cotton,Bengaluru,2026-03-29,9417.41,0.95,mandi_simulated
Cotton,Nashik,2026-03-30,9513.54,0.95,mandi_simulated
Cotton,Pune,2026-03-30,9327.0,0.95,mandi_simulated
Cotton,Karnal,2026-03-30,9140.46,0.95,mandi_simulated
Cotton,Ludhiana,2026-03-30,9513.54,0.95,mandi_simulated
Cotton,Nagpur,2026-03-30,9140.46,0.95,mandi_simulated
Cotton,Ahmedabad,2026-03-30,9047.19,0.95,mandi_simulated
Cotton,Indore,2026-03-30,9140.46,0.95,mandi_simulated
Cotton,Jaipur,2026-03-30,9513.54,0.95,mandi_simulated
Cotton,Hyderabad,2026-03-30,9420.27,0.95,mandi_simulated
Cotton,Bengaluru,2026-03-30,9327.0,0.95,mandi_simulated
Cotton,Nashik,2026-03-31,9343.96,0.95,mandi_simulated
Cotton,Pune,2026-03-31,9160.75,0.95,mandi_simulated
Cotton,Karnal,2026-03-31,8977.53,0.95,mandi_simulated
Cotton,Ludhiana,2026-03-31,9343.96,0.95,mandi_simulated
Cotton,Nagpur,2026-03-31,8977.53,0.95,mandi_simulated
Cotton,Ahmedabad,2026-03-31,8885.93,0.95,mandi_simulated
Cotton,Indore,2026-03-31,8977.53,0.95,mandi_simulated
Cotton,Jaipur,2026-03-31,9343.96,0.95,mandi_simulated
Cotton,Hyderabad,2026-03-31,9252.36,0.95,mandi_simulated
Cotton,Bengaluru,2026-03-31,9160.75,0.95,mandi_simulated
Cotton,Nashik,2026-04-01,9477.52,0.95,mandi_simulated
Cotton,Pune,2026-04-01,9291.68,0.95,mandi_simulated
Cotton,Karnal,2026-04-01,9105.85,0.95,mandi_simulated
Cotton,Ludhiana,2026-04-01,9477.52,0.95,mandi_simulated
Cotton,Nagpur,2026-04-01,9105.85,0.95,mandi_simulated
Cotton,Ahmedabad,2026-04-01,9012.93,0.95,mandi_simulated
Cotton,Indore,2026-04-01,9105.85,0.95,mandi_simulated
Cotton,Jaipur,2026-04-01,9477.52,0.95,mandi_simulated
Cotton,Hyderabad,2026-04-01,9384.6,0.95,mandi_simulated
Cotton,Bengaluru,2026-04-01,9291.68,0.95,mandi_simulated
Cotton,Nashik,2026-04-02,9776.57,0.95,mandi_simulated
Cotton,Pune,2026-04-02,9584.87,0.95,mandi_simulated
Cotton,Karnal,2026-04-02,9393.17,0.95,mandi_simulated
Cotton,Ludhiana,2026-04-02,9776.57,0.95,mandi_simulated
Cotton,Nagpur,2026-04-02,9393.17,0.95,mandi_simulated
Cotton,Ahmedabad,2026-04-02,9297.33,0.95,mandi_simulated
Cotton,Indore,2026-04-02,9393.17,0.95,mandi_simulated
Cotton,Jaipur,2026-04-02,9776.57,0.95,mandi_simulated
Cotton,Hyderabad,2026-04-02,9680.72,0.95,mandi_simulated
Cotton,Bengaluru,2026-04-02,9584.87,0.95,mandi_simulated
Cotton,Nashik,2026-04-03,9669.18,0.94,mandi_simulated
Cotton,Pune,2026-04-03,9479.59,0.94,mandi_simulated
Cotton,Karnal,2026-04-03,9290.0,0.94,mandi_simulated
Cotton,Ludhiana,2026-04-03,9669.18,0.94,mandi_simulated
Cotton,Nagpur,2026-04-03,9290.0,0.94,mandi_simulated
Cotton,Ahmedabad,2026-04-03,9195.2,0.94,mandi_simulated
Cotton,Indore,2026-04-03,9290.0,0.94,mandi_simulated
Cotton,Jaipur,2026-04-03,9669.18,0.94,mandi_simulated
Cotton,Hyderabad,2026-04-03,9574.38,0.94,mandi_simulated
Cotton,Bengaluru,2026-04-03,9479.59,0.94,mandi_simulated
Cotton,Nashik,2026-04-04,9761.73,0.93,mandi_simulated
Cotton,Pune,2026-04-04,9570.33,0.93,mandi_simulated
Cotton,Karnal,2026-04-04,9378.92,0.93,mandi_simulated
Cotton,Ludhiana,2026-04-04,9761.73,0.93,mandi_simulated
Cotton,Nagpur,2026-04-04,9378.92,0.93,mandi_simulated
Cotton,Ahmedabad,2026-04-04,9283.22,0.93,mandi_simulated
Cotton,Indore,2026-04-04,9378.92,0.93,mandi_simulated
Cotton,Jaipur,2026-04-04,9761.73,0.93,mandi_simulated
Cotton,Hyderabad,2026-04-04,9666.03,0.93,mandi_simulated
Cotton,Bengaluru,2026-04-04,9570.33,0.93,mandi_simulated
Cotton,Nashik,2026-04-05,9322.71,0.92,mandi_simulated
Cotton,Pune,2026-04-05,9139.91,0.92,mandi_simulated
Cotton,Karnal,2026-04-05,8957.12,0.92,mandi_simulated
Cotton,Ludhiana,2026-04-05,9322.71,0.92,mandi_simulated
Cotton,Nagpur,2026-04-05,8957.12,0.92,mandi_simulated
Cotton,Ahmedabad,2026-04-05,8865.72,0.92,mandi_simulated
Cotton,Indore,2026-04-05,8957.12,0.92,mandi_simulated
Cotton,Jaipur,2026-04-05,9322.71,0.92,mandi_simulated
Cotton,Hyderabad,2026-04-05,9231.31,0.92,mandi_simulated
Cotton,Bengaluru,2026-04-05,9139.91,0.92,mandi_simulated
Cotton,Nashik,2026-04-06,9569.76,0.91,mandi_simulated
Cotton,Pune,2026-04-06,9382.12,0.91,mandi_simulated
Cotton,Karnal,2026-04-06,9194.48,0.91,mandi_simulated
Cotton,Ludhiana,2026-04-06,9569.76,0.91,mandi_simulated
Cotton,Nagpur,2026-04-06,9194.48,0.91,mandi_simulated
Cotton,Ahmedabad,2026-04-06,9100.65,0.91,mandi_simulated
Cotton,Indore,2026-04-06,9194.48,0.91,mandi_simulated
Cotton,Jaipur,2026-04-06,9569.76,0.91,mandi_simulated
Cotton,Hyderabad,2026-04-06,9475.94,0.91,mandi_simulated
Cotton,Bengaluru,2026-04-06,9382.12,0.91,mandi_simulated
Cotton,Nashik,2026-04-07,9837.52,0.9,mandi_simulated
Cotton,Pune,2026-04-07,9644.62,0.9,mandi_simulated
Cotton,Karnal,2026-04-07,9451.73,0.9,mandi_simulated
Cotton,Ludhiana,2026-04-07,9837.52,0.9,mandi_simulated
Cotton,Nagpur,2026-04-07,9451.73,0.9,mandi_simulated
Cotton,Ahmedabad,2026-04-07,9355.29,0.9,mandi_simulated
Cotton,Indore,2026-04-07,9451.73,0.9,mandi_simulated
Cotton,Jaipur,2026-04-07,9837.52,0.9,mandi_simulated
Cotton,Hyderabad,2026-04-07,9741.07,0.9,mandi_simulated
Cotton,Bengaluru,2026-04-07,9644.62,0.9,mandi_simulated
Cotton,Nashik,2026-04-08,9441.83,0.89,mandi_simulated
Cotton,Pune,2026-04-08,9256.7,0.89,mandi_simulated
Cotton,Karnal,2026-04-08,9071.56,0.89,mandi_simulated
Cotton,Ludhiana,2026-04-08,9441.83,0.89,mandi_simulated
Cotton,Nagpur,2026-04-08,9071.56,0.89,mandi_simulated
Cotton,Ahmedabad,2026-04-08,8979.0,0.89,mandi_simulated
Cotton,Indore,2026-04-08,9071.56,0.89,mandi_simulated
Cotton,Jaipur,2026-04-08,9441.83,0.89,mandi_simulated
Cotton,Hyderabad,2026-04-08,9349.27,0.89,mandi_simulated
Cotton,Bengaluru,2026-04-08,9256.7,0.89,mandi_simulated
Cotton,Nashik,2026-04-09,9612.63,0.87,mandi_simulated
Cotton,Pune,2026-04-09,9424.14,0.87,mandi_simulated
Cotton,Karnal,2026-04-09,9235.66,0.87,mandi_simulated
Cotton,Ludhiana,2026-04-09,9612.63,0.87,mandi_simulated
Cotton,Nagpur,2026-04-09,9235.66,0.87,mandi_simulated
Cotton,Ahmedabad,2026-04-09,9141.42,0.87,mandi_simulated
Cotton,Indore,2026-04-09,9235.66,0.87,mandi_simulated
Cotton,Jaipur,2026-04-09,9612.63,0.87,mandi_simulated
Cotton,Hyderabad,2026-04-09,9518.38,0.87,mandi_simulated
Cotton,Bengaluru,2026-04-09,9424.14,0.87,mandi_simulated
Cotton,Nashik,2026-04-10,9147.72,0.85,mandi_simulated
Cotton,Pune,2026-04-10,8968.36,0.85,mandi_simulated
Cotton,Karnal,2026-04-10,8788.99,0.85,mandi_simulated
Cotton,Ludhiana,2026-04-10,9147.72,0.85,mandi_simulated
Cotton,Nagpur,2026-04-10,8788.99,0.85,mandi_simulated
Cotton,Ahmedabad,2026-04-10,8699.31,0.85,mandi_simulated
Cotton,Indore,2026-04-10,8788.99,0.85,mandi_simulated
Cotton,Jaipur,2026-04-10,9147.72,0.85,mandi_simulated
Cotton,Hyderabad,2026-04-10,9058.04,0.85,mandi_simulated
Cotton,Bengaluru,2026-04-10,8968.36,0.85,mandi_simulated
Cotton,Nashik,2026-04-11,9757.44,0.83,mandi_simulated
Cotton,Pune,2026-04-11,9566.12,0.83,mandi_simulated
Cotton,Karnal,2026-04-11,9374.79,0.83,mandi_simulated
Cotton,Ludhiana,2026-04-11,9757.44,0.83,mandi_simulated
Cotton,Nagpur,2026-04-11,9374.79,0.83,mandi_simulated
Cotton,Ahmedabad,2026-04-11,9279.13,0.83,mandi_simulated
Cotton,Indore,2026-04-11,9374.79,0.83,mandi_simulated
Cotton,Jaipur,2026-04-11,9757.44,0.83,mandi_simulated
Cotton,Hyderabad,2026-04-11,9661.78,0.83,mandi_simulated
Cotton,Bengaluru,2026-04-11,9566.12,0.83,mandi_simulated
Cotton,Nashik,2026-04-12,9448.74,0.81,mandi_simulated
Cotton,Pune,2026-04-12,9263.47,0.81,mandi_simulated
Cotton,Karnal,2026-04-12,9078.2,0.81,mandi_simulated
Cotton,Ludhiana,2026-04-12,9448.74,0.81,mandi_simulated
Cotton,Nagpur,2026-04-12,9078.2,0.81,mandi_simulated
Cotton,Ahmedabad,2026-04-12,8985.56,0.81,mandi_simulated
Cotton,Indore,2026-04-12,9078.2,0.81,mandi_simulated
Cotton,Jaipur,2026-04-12,9448.74,0.81,mandi_simulated
Cotton,Hyderabad,2026-04-12,9356.1,0.81,mandi_simulated
Cotton,Bengaluru,2026-04-12,9263.47,0.81,mandi_simulated
Cotton,Nashik,2026-04-13,9135.73,0.79,mandi_simulated
Cotton,Pune,2026-04-13,8956.6,0.79,mandi_simulated
Cotton,Karnal,2026-04-13,8777.47,0.79,mandi_simulated
Cotton,Ludhiana,2026-04-13,9135.73,0.79,mandi_simulated
Cotton,Nagpur,2026-04-13,8777.47,0.79,mandi_simulated
Cotton,Ahmedabad,2026-04-13,8687.9,0.79,mandi_simulated
Cotton,Indore,2026-04-13,8777.47,0.79,mandi_simulated
Cotton,Jaipur,2026-04-13,9135.73,0.79,mandi_simulated
Cotton,Hyderabad,2026-04-13,9046.17,0.79,mandi_simulated
Cotton,Bengaluru,2026-04-13,8956.6,0.79,mandi_simulated
Cotton,Nashik,2026-04-14,9037.35,0.77,mandi_simulated
Cotton,Pune,2026-04-14,8860.15,0.77,mandi_simulated
Cotton,Karnal,2026-04-14,8682.95,0.77,mandi_simulated
Cotton,Ludhiana,2026-04-14,9037.35,0.77,mandi_simulated
Cotton,Nagpur,2026-04-14,8682.95,0.77,mandi_simulated
Cotton,Ahmedabad,2026-04-14,8594.34,0.77,mandi_simulated
Cotton,Indore,2026-04-14,8682.95,0.77,mandi_simulated
Cotton,Jaipur,2026-04-14,9037.35,0.77,mandi_simulated
Cotton,Hyderabad,2026-04-14,8948.75,0.77,mandi_simulated
Cotton,Bengaluru,2026-04-14,8860.15,0.77,mandi_simulated
Cotton,Nashik,2026-04-15,9287.82,0.74,mandi_simulated
Cotton,Pune,2026-04-15,9105.71,0.74,mandi_simulated
Cotton,Karnal,2026-04-15,8923.59,0.74,mandi_simulated
Cotton,Ludhiana,2026-04-15,9287.82,0.74,mandi_simulated
Cotton,Nagpur,2026-04-15,8923.59,0.74,mandi_simulated
Cotton,Ahmedabad,2026-04-15,8832.54,0.74,mandi_simulated
Cotton,Indore,2026-04-15,8923.59,0.74,mandi_simulated
Cotton,Jaipur,2026-04-15,9287.82,0.74,mandi_simulated
Cotton,Hyderabad,2026-04-15,9196.76,0.74,mandi_simulated
Cotton,Bengaluru,2026-04-15,9105.71,0.74,mandi_simulated
Cotton,Nashik,2026-04-16,9245.77,0.72,mandi_simulated
Cotton,Pune,2026-04-16,9064.49,0.72,mandi_simulated
Cotton,Karnal,2026-04-16,8883.2,0.72,mandi_simulated
Cotton,Ludhiana,2026-04-16,9245.77,0.72,mandi_simulated
Cotton,Nagpur,2026-04-16,8883.2,0.72,mandi_simulated
Cotton,Ahmedabad,2026-04-16,8792.55,0.72,mandi_simulated
Cotton,Indore,2026-04-16,8883.2,0.72,mandi_simulated
Cotton,Jaipur,2026-04-16,9245.77,0.72,mandi_simulated
Cotton,Hyderabad,2026-04-16,9155.13,0.72,mandi_simulated
Cotton,Bengaluru,2026-04-16,9064.49,0.72,mandi_simulated
Cotton,Nashik,2026-04-17,8864.56,0.69,mandi_simulated
Cotton,Pune,2026-04-17,8690.75,0.69,mandi_simulated
Cotton,Karnal,2026-04-17,8516.93,0.69,mandi_simulated
Cotton,Ludhiana,2026-04-17,8864.56,0.69,mandi_simulated
Cotton,Nagpur,2026-04-17,8516.93,0.69,mandi_simulated
Cotton,Ahmedabad,2026-04-17,8430.03,0.69,mandi_simulated
Cotton,Indore,2026-04-17,8516.93,0.69,mandi_simulated
Cotton,Jaipur,2026-04-17,8864.56,0.69,mandi_simulated
Cotton,Hyderabad,2026-04-17,8777.66,0.69,mandi_simulated
Cotton,Bengaluru,2026-04-17,8690.75,0.69,mandi_simulated
Cotton,Nashik,2026-04-18,9475.83,0.66,mandi_simulated
Cotton,Pune,2026-04-18,9290.03,0.66,mandi_simulated
Cotton,Karnal,2026-04-18,9104.23,0.66,mandi_simulated
Cotton,Ludhiana,2026-04-18,9475.83,0.66,mandi_simulated
Cotton,Nagpur,2026-04-18,9104.23,0.66,mandi_simulated
Cotton,Ahmedabad,2026-04-18,9011.33,0.66,mandi_simulated
Cotton,Indore,2026-04-18,9104.23,0.66,mandi_simulated
Cotton,Jaipur,2026-04-18,9475.83,0.66,mandi_simulated
Cotton,Hyderabad,2026-04-18,9382.93,0.66,mandi_simulated
Cotton,Bengaluru,2026-04-18,9290.03,0.66,mandi_simulated
Cotton,Nashik,2026-04-19,9369.29,0.63,mandi_simulated
Cotton,Pune,2026-04-19,9185.58,0.63,mandi_simulated
Cotton,Karnal,2026-04-19,9001.87,0.63,mandi_simulated
Cotton,Ludhiana,2026-04-19,9369.29,0.63,mandi_simulated
Cotton,Nagpur,2026-04-19,9001.87,0.63,mandi_simulated
Cotton,Ahmedabad,2026-04-19,8910.01,0.63,mandi_simulated
Cotton,Indore,2026-04-19,9001.87,0.63,mandi_simulated
Cotton,Jaipur,2026-04-19,9369.29,0.63,mandi_simulated
Cotton,Hyderabad,2026-04-19,9277.44,0.63,mandi_simulated
Cotton,Bengaluru,2026-04-19,9185.58,0.63,mandi_simulated
Cotton,Nashik,2026-04-20,8993.78,0.61,mandi_simulated
Cotton,Pune,2026-04-20,8817.43,0.61,mandi_simulated
Cotton,Karnal,2026-04-20,8641.08,0.61,mandi_simulated
Cotton,Ludhiana,2026-04-20,8993.78,0.61,mandi_simulated
Cotton,Nagpur,2026-04-20,8641.08,0.61,mandi_simulated
Cotton,Ahmedabad,2026-04-20,8552.91,0.61,mandi_simulated
Cotton,Indore,2026-04-20,8641.08,0.61,mandi_simulated
Cotton,Jaipur,2026-04-20,8993.78,0.61,mandi_simulated
Cotton,Hyderabad,2026-04-20,8905.6,0.61,mandi_simulated
Cotton,Bengaluru,2026-04-20,8817.43,0.61,mandi_simulated
Cotton,Nashik,2026-04-21,8698.21,0.58,mandi_simulated
Cotton,Pune,2026-04-21,8527.66,0.58,mandi_simulated
Cotton,Karnal,2026-04-21,8357.1,0.58,mandi_simulated
Cotton,Ludhiana,2026-04-21,8698.21,0.58,mandi_simulated
Cotton,Nagpur,2026-04-21,8357.1,0.58,mandi_simulated
Cotton,Ahmedabad,2026-04-21,8271.83,0.58,mandi_simulated
Cotton,Indore,2026-04-21,8357.1,0.58,mandi_simulated
Cotton,Jaipur,2026-04-21,8698.21,0.58,mandi_simulated
Cotton,Hyderabad,2026-04-21,8612.93,0.58,mandi_simulated
Cotton,Bengaluru,2026-04-21,8527.66,0.58,mandi_simulated
Cotton,Nashik,2026-04-22,9160.63,0.55,mandi_simulated
Cotton,Pune,2026-04-22,8981.01,0.55,mandi_simulated
Cotton,Karnal,2026-04-22,8801.39,0.55,mandi_simulated
Cotton,Ludhiana,2026-04-22,9160.63,0.55,mandi_simulated
Cotton,Nagpur,2026-04-22,8801.39,0.55,mandi_simulated
Cotton,Ahmedabad,2026-04-22,8711.58,0.55,mandi_simulated
Cotton,Indore,2026-04-22,8801.39,0.55,mandi_simulated
Cotton,Jaipur,2026-04-22,9160.63,0.55,mandi_simulated
Cotton,Hyderabad,2026-04-22,9070.82,0.55,mandi_simulated
Cotton,Bengaluru,2026-04-22,8981.01,0.55,mandi_simulated
Cotton,Nashik,2026-04-23,8872.85,0.58,mandi_simulated
Cotton,Pune,2026-04-23,8698.87,0.58,mandi_simulated
Cotton,Karnal,2026-04-23,8524.89,0.58,mandi_simulated
Cotton,Ludhiana,2026-04-23,8872.85,0.58,mandi_simulated
Cotton,Nagpur,2026-04-23,8524.89,0.58,mandi_simulated
Cotton,Ahmedabad,2026-04-23,8437.9,0.58,mandi_simulated
Cotton,Indore,2026-04-23,8524.89,0.58,mandi_simulated
Cotton,Jaipur,2026-04-23,8872.85,0.58,mandi_simulated
Cotton,Hyderabad,2026-04-23,8785.86,0.58,mandi_simulated
Cotton,Bengaluru,2026-04-23,8698.87,0.58,mandi_simulated
Cotton,Nashik,2026-04-24,8977.39,0.61,mandi_simulated
Cotton,Pune,2026-04-24,8801.36,0.61,mandi_simulated
Cotton,Karnal,2026-04-24,8625.34,0.61,mandi_simulated
Cotton,Ludhiana,2026-04-24,8977.39,0.61,mandi_simulated
Cotton,Nagpur,2026-04-24,8625.34,0.61,mandi_simulated
Cotton,Ahmedabad,2026-04-24,8537.32,0.61,mandi_simulated
Cotton,Indore,2026-04-24,8625.34,0.61,mandi_simulated
Cotton,Jaipur,2026-04-24,8977.39,0.61,mandi_simulated
Cotton,Hyderabad,2026-04-24,8889.38,0.61,mandi_simulated
Cotton,Bengaluru,2026-04-24,8801.36,0.61,mandi_simulated
Cotton,Nashik,2026-04-25,8781.43,0.64,mandi_simulated
Cotton,Pune,2026-04-25,8609.24,0.64,mandi_simulated
Cotton,Karnal,2026-04-25,8437.06,0.64,mandi_simulated
Cotton,Ludhiana,2026-04-25,8781.43,0.64,mandi_simulated
Cotton,Nagpur,2026-04-25,8437.06,0.64,mandi_simulated
Cotton,Ahmedabad,2026-04-25,8350.96,0.64,mandi_simulated
Cotton,Indore,2026-04-25,8437.06,0.64,mandi_simulated
Cotton,Jaipur,2026-04-25,8781.43,0.64,mandi_simulated
Cotton,Hyderabad,2026-04-25,8695.33,0.64,mandi_simulated
Cotton,Bengaluru,2026-04-25,8609.24,0.64,mandi_simulated
Cotton,Nashik,2026-04-26,8568.22,0.66,mandi_simulated
Cotton,Pune,2026-04-26,8400.22,0.66,mandi_simulated
Cotton,Karnal,2026-04-26,8232.22,0.66,mandi_simulated
Cotton,Ludhiana,2026-04-26,8568.22,0.66,mandi_simulated
Cotton,Nagpur,2026-04-26,8232.22,0.66,mandi_simulated
Cotton,Ahmedabad,2026-04-26,8148.21,0.66,mandi_simulated
Cotton,Indore,2026-04-26,8232.22,0.66,mandi_simulated
Cotton,Jaipur,2026-04-26,8568.22,0.66,mandi_simulated
Cotton,Hyderabad,2026-04-26,8484.22,0.66,mandi_simulated
Cotton,Bengaluru,2026-04-26,8400.22,0.66,mandi_simulated
Cotton,Nashik,2026-04-27,8910.71,0.69,mandi_simulated
Cotton,Pune,2026-04-27,8735.99,0.69,mandi_simulated
Cotton,Karnal,2026-04-27,8561.27,0.69,mandi_simulated
Cotton,Ludhiana,2026-04-27,8910.71,0.69,mandi_simulated
Cotton,Nagpur,2026-04-27,8561.27,0.69,mandi_simulated
Cotton,Ahmedabad,2026-04-27,8473.91,0.69,mandi_simulated
Cotton,Indore,2026-04-27,8561.27,0.69,mandi_simulated
Cotton,Jaipur,2026-04-27,8910.71,0.69,mandi_simulated
Cotton,Hyderabad,2026-04-27,8823.35,0.69,mandi_simulated
Cotton,Bengaluru,2026-04-27,8735.99,0.69,mandi_simulated
Cotton,Nashik,2026-04-28,8962.8,0.72,mandi_simulated
Cotton,Pune,2026-04-28,8787.06,0.72,mandi_simulated
Cotton,Karnal,2026-04-28,8611.32,0.72,mandi_simulated
Cotton,Ludhiana,2026-04-28,8962.8,0.72,mandi_simulated
Cotton,Nagpur,2026-04-28,8611.32,0.72,mandi_simulated
Cotton,Ahmedabad,2026-04-28,8523.45,0.72,mandi_simulated
Cotton,Indore,2026-04-28,8611.32,0.72,mandi_simulated
Cotton,Jaipur,2026-04-28,8962.8,0.72,mandi_simulated
Cotton,Hyderabad,2026-04-28,8874.93,0.72,mandi_simulated
Cotton,Bengaluru,2026-04-28,8787.06,0.72,mandi_simulated
Cotton,Nashik,2026-04-29,8409.24,0.74,mandi_simulated
Cotton,Pune,2026-04-29,8244.35,0.74,mandi_simulated
Cotton,Karnal,2026-04-29,8079.46,0.74,mandi_simulated
Cotton,Ludhiana,2026-04-29,8409.24,0.74,mandi_simulated
Cotton,Nagpur,2026-04-29,8079.46,0.74,mandi_simulated
Cotton,Ahmedabad,2026-04-29,7997.02,0.74,mandi_simulated
Cotton,Indore,2026-04-29,8079.46,0.74,mandi_simulated
Cotton,Jaipur,2026-04-29,8409.24,0.74,mandi_simulated
Cotton,Hyderabad,2026-04-29,8326.8,0.74,mandi_simulated
Cotton,Bengaluru,2026-04-29,8244.35,0.74,mandi_simulated
Cotton,Nashik,2026-04-30,8575.74,0.77,mandi_simulated
Cotton,Pune,2026-04-30,8407.59,0.77,mandi_simulated
Cotton,Karnal,2026-04-30,8239.44,0.77,mandi_simulated
Cotton,Ludhiana,2026-04-30,8575.74,0.77,mandi_simulated
Cotton,Nagpur,2026-04-30,8239.44,0.77,mandi_simulated
Cotton,Ahmedabad,2026-04-30,8155.36,0.77,mandi_simulated
Cotton,Indore,2026-04-30,8239.44,0.77,mandi_simulated
Cotton,Jaipur,2026-04-30,8575.74,0.77,mandi_simulated
Cotton,Hyderabad,2026-04-30,8491.66,0.77,mandi_simulated
Cotton,Bengaluru,2026-04-30,8407.59,0.77,mandi_simulated
Cotton,Nashik,2026-05-01,8418.66,0.79,mandi_simulated
Cotton,Pune,2026-05-01,8253.59,0.79,mandi_simulated
Cotton,Karnal,2026-05-01,8088.52,0.79,mandi_simulated
Cotton,Ludhiana,2026-05-01,8418.66,0.79,mandi_simulated
Cotton,Nagpur,2026-05-01,8088.52,0.79,mandi_simulated
Cotton,Ahmedabad,2026-05-01,8005.98,0.79,mandi_simulated
Cotton,Indore,2026-05-01,8088.52,0.79,mandi_simulated
Cotton,Jaipur,2026-05-01,8418.66,0.79,mandi_simulated
Cotton,Hyderabad,2026-05-01,8336.12,0.79,mandi_simulated
Cotton,Bengaluru,2026-05-01,8253.59,0.79,mandi_simulated
Cotton,Nashik,2026-05-02,8742.13,0.81,mandi_simulated
Cotton,Pune,2026-05-02,8570.71,0.81,mandi_simulated
Cotton,Karnal,2026-05-02,8399.3,0.81,mandi_simulated
Cotton,Ludhiana,2026-05-02,8742.13,0.81,mandi_simulated
Cotton,Nagpur,2026-05-02,8399.3,0.81,mandi_simulated
Cotton,Ahmedabad,2026-05-02,8313.59,0.81,mandi_simulated
Cotton,Indore,2026-05-02,8399.3,0.81,mandi_simulated
Cotton,Jaipur,2026-05-02,8742.13,0.81,mandi_simulated
Cotton,Hyderabad,2026-05-02,8656.42,0.81,mandi_simulated
Cotton,Bengaluru,2026-05-02,8570.71,0.81,mandi_simulated
Cotton,Nashik,2026-05-03,8423.22,0.83,mandi_simulated
Cotton,Pune,2026-05-03,8258.06,0.83,mandi_simulated
Cotton,Karnal,2026-05-03,8092.9,0.83,mandi_simulated
Cotton,Ludhiana,2026-05-03,8423.22,0.83,mandi_simulated
Cotton,Nagpur,2026-05-03,8092.9,0.83,mandi_simulated
Cotton,Ahmedabad,2026-05-03,8010.32,0.83,mandi_simulated
Cotton,Indore,2026-05-03,8092.9,0.83,mandi_simulated
Cotton,Jaipur,2026-05-03,8423.22,0.83,mandi_simulated
Cotton,Hyderabad,2026-05-03,8340.64,0.83,mandi_simulated
Cotton,Bengaluru,2026-05-03,8258.06,0.83,mandi_simulated
Cotton,Nashik,2026-05-04,8635.17,0.85,mandi_simulated
Cotton,Pune,2026-05-04,8465.86,0.85,mandi_simulated
Cotton,Karnal,2026-05-04,8296.54,0.85,mandi_simulated
Cotton,Ludhiana,2026-05-04,8635.17,0.85,mandi_simulated
Cotton,Nagpur,2026-05-04,8296.54,0.85,mandi_simulated
Cotton,Ahmedabad,2026-05-04,8211.88,0.85,mandi_simulated
Cotton,Indore,2026-05-04,8296.54,0.85,mandi_simulated
Cotton,Jaipur,2026-05-04,8635.17,0.85,mandi_simulated
Cotton,Hyderabad,2026-05-04,8550.52,0.85,mandi_simulated
Cotton,Bengaluru,2026-05-04,8465.86,0.85,mandi_simulated
Cotton,Nashik,2026-05-05,8589.49,0.87,mandi_simulated
Cotton,Pune,2026-05-05,8421.07,0.87,mandi_simulated
Cotton,Karnal,2026-05-05,8252.65,0.87,mandi_simulated
Cotton,Ludhiana,2026-05-05,8589.49,0.87,mandi_simulated
Cotton,Nagpur,2026-05-05,8252.65,0.87,mandi_simulated
Cotton,Ahmedabad,2026-05-05,8168.44,0.87,mandi_simulated
Cotton,Indore,2026-05-05,8252.65,0.87,mandi_simulated
Cotton,Jaipur,2026-05-05,8589.49,0.87,mandi_simulated
Cotton,Hyderabad,2026-05-05,8505.28,0.87,mandi_simulated
Cotton,Bengaluru,2026-05-05,8421.07,0.87,mandi_simulated
Cotton,Nashik,2026-05-06,8165.74,0.89,mandi_simulated
Cotton,Pune,2026-05-06,8005.63,0.89,mandi_simulated
Cotton,Karnal,2026-05-06,7845.52,0.89,mandi_simulated
Cotton,Ludhiana,2026-05-06,8165.74,0.89,mandi_simulated
Cotton,Nagpur,2026-05-06,7845.52,0.89,mandi_simulated
Cotton,Ahmedabad,2026-05-06,7765.46,0.89,mandi_simulated
Cotton,Indore,2026-05-06,7845.52,0.89,mandi_simulated
Cotton,Jaipur,2026-05-06,8165.74,0.89,mandi_simulated
Cotton,Hyderabad,2026-05-06,8085.69,0.89,mandi_simulated
Cotton,Bengaluru,2026-05-06,8005.63,0.89,mandi_simulated
Cotton,Nashik,2026-05-07,8477.68,0.9,mandi_simulated
Cotton,Pune,2026-05-07,8311.45,0.9,mandi_simulated
Cotton,Karnal,2026-05-07,8145.22,0.9,mandi_simulated
Cotton,Ludhiana,2026-05-07,8477.68,0.9,mandi_simulated
Cotton,Nagpur,2026-05-07,8145.22,0.9,mandi_simulated
Cotton,Ahmedabad,2026-05-07,8062.1,0.9,mandi_simulated
Cotton,Indore,2026-05-07,8145.22,0.9,mandi_simulated
Cotton,Jaipur,2026-05-07,8477.68,0.9,mandi_simulated
Cotton,Hyderabad,2026-05-07,8394.56,0.9,mandi_simulated
Cotton,Bengaluru,2026-05-07,8311.45,0.9,mandi_simulated
Cotton,Nashik,2026-05-08,8202.99,0.91,mandi_simulated
Cotton,Pune,2026-05-08,8042.15,0.91,mandi_simulated
Cotton,Karnal,2026-05-08,7881.3,0.91,mandi_simulated
Cotton,Ludhiana,2026-05-08,8202.99,0.91,mandi_simulated
Cotton,Nagpur,2026-05-08,7881.3,0.91,mandi_simulated
Cotton,Ahmedabad,2026-05-08,7800.88,0.91,mandi_simulated
Cotton,Indore,2026-05-08,7881.3,0.91,mandi_simulated
Cotton,Jaipur,2026-05-08,8202.99,0.91,mandi_simulated
Cotton,Hyderabad,2026-05-08,8122.57,0.91,mandi_simulated
Cotton,Bengaluru,2026-05-08,8042.15,0.91,mandi_simulated
Cotton,Nashik,2026-05-09,8522.04,0.93,mandi_simulated
Cotton,Pune,2026-05-09,8354.94,0.93,mandi_simulated
Cotton,Karnal,2026-05-09,8187.85,0.93,mandi_simulated
Cotton,Ludhiana,2026-05-09,8522.04,0.93,mandi_simulated
Cotton,Nagpur,2026-05-09,8187.85,0.93,mandi_simulated
Cotton,Ahmedabad,2026-05-09,8104.3,0.93,mandi_simulated
Cotton,Indore,2026-05-09,8187.85,0.93,mandi_simulated
Cotton,Jaipur,2026-05-09,8522.04,0.93,mandi_simulated
Cotton,Hyderabad,2026-05-09,8438.49,0.93,mandi_simulated
Cotton,Bengaluru,2026-05-09,8354.94,0.93,mandi_simulated
Cotton,Nashik,2026-05-10,8220.86,0.93,mandi_simulated
Cotton,Pune,2026-05-10,8059.67,0.93,mandi_simulated
Cotton,Karnal,2026-05-10,7898.47,0.93,mandi_simulated
Cotton,Ludhiana,2026-05-10,8220.86,0.93,mandi_simulated
Cotton,Nagpur,2026-05-10,7898.47,0.93,mandi_simulated
Cotton,Ahmedabad,2026-05-10,7817.88,0.93,mandi_simulated
Cotton,Indore,2026-05-10,7898.47,0.93,mandi_simulated
Cotton,Jaipur,2026-05-10,8220.86,0.93,mandi_simulated
Cotton,Hyderabad,2026-05-10,8140.26,0.93,mandi_simulated
Cotton,Bengaluru,2026-05-10,8059.67,0.93,mandi_simulated
Cotton,Nashik,2026-05-11,8409.08,0.94,mandi_simulated
Cotton,Pune,2026-05-11,8244.19,0.94,mandi_simulated
Cotton,Karnal,2026-05-11,8079.31,0.94,mandi_simulated
Cotton,Ludhiana,2026-05-11,8409.08,0.94,mandi_simulated
Cotton,Nagpur,2026-05-11,8079.31,0.94,mandi_simulated
Cotton,Ahmedabad,2026-05-11,7996.87,0.94,mandi_simulated
Cotton,Indore,2026-05-11,8079.31,0.94,mandi_simulated
Cotton,Jaipur,2026-05-11,8409.08,0.94,mandi_simulated
Cotton,Hyderabad,2026-05-11,8326.63,0.94,mandi_simulated
Cotton,Bengaluru,2026-05-11,8244.19,0.94,mandi_simulated
Cotton,Nashik,2026-05-12,8042.97,0.95,mandi_simulated
Cotton,Pune,2026-05-12,7885.26,0.95,mandi_simulated
Cotton,Karnal,2026-05-12,7727.56,0.95,mandi_simulated
Cotton,Ludhiana,2026-05-12,8042.97,0.95,mandi_simulated
Cotton,Nagpur,2026-05-12,7727.56,0.95,mandi_simulated
Cotton,Ahmedabad,2026-05-12,7648.7,0.95,mandi_simulated
Cotton,Indore,2026-05-12,7727.56,0.95,mandi_simulated
Cotton,Jaipur,2026-05-12,8042.97,0.95,mandi_simulated
Cotton,Hyderabad,2026-05-12,7964.12,0.95,mandi_simulated
Cotton,Bengaluru,2026-05-12,7885.26,0.95,mandi_simulated
Cotton,Nashik,2026-05-13,8043.12,0.95,mandi_simulated
Cotton,Pune,2026-05-13,7885.41,0.95,mandi_simulated
Cotton,Karnal,2026-05-13,7727.71,0.95,mandi_simulated
Cotton,Ludhiana,2026-05-13,8043.12,0.95,mandi_simulated
Cotton,Nagpur,2026-05-13,7727.71,0.95,mandi_simulated
Cotton,Ahmedabad,2026-05-13,7648.85,0.95,mandi_simulated
Cotton,Indore,2026-05-13,7727.71,0.95,mandi_simulated
Cotton,Jaipur,2026-05-13,8043.12,0.95,mandi_simulated
Cotton,Hyderabad,2026-05-13,7964.27,0.95,mandi_simulated
Cotton,Bengaluru,2026-05-13,7885.41,0.95,mandi_simulated
Cotton,Nashik,2026-05-14,8224.78,0.95,mandi_simulated
Cotton,Pune,2026-05-14,8063.51,0.95,mandi_simulated
Cotton,Karnal,2026-05-14,7902.24,0.95,mandi_simulated
Cotton,Ludhiana,2026-05-14,8224.78,0.95,mandi_simulated
Cotton,Nagpur,2026-05-14,7902.24,0.95,mandi_simulated
Cotton,Ahmedabad,2026-05-14,7821.6,0.95,mandi_simulated
Cotton,Indore,2026-05-14,7902.24,0.95,mandi_simulated
Cotton,Jaipur,2026-05-14,8224.78,0.95,mandi_simulated
Cotton,Hyderabad,2026-05-14,8144.14,0.95,mandi_simulated
Cotton,Bengaluru,2026-05-14,8063.51,0.95,mandi_simulated
Cotton,Nashik,2026-05-15,8490.38,0.95,mandi_simulated
Cotton,Pune,2026-05-15,8323.9,0.95,mandi_simulated
Cotton,Karnal,2026-05-15,8157.42,0.95,mandi_simulated
Cotton,Ludhiana,2026-05-15,8490.38,0.95,mandi_simulated
Cotton,Nagpur,2026-05-15,8157.42,0.95,mandi_simulated
Cotton,Ahmedabad,2026-05-15,8074.18,0.95,mandi_simulated
Cotton,Indore,2026-05-15,8157.42,0.95,mandi_simulated
Cotton,Jaipur,2026-05-15,8490.38,0.95,mandi_simulated
Cotton,Hyderabad,2026-05-15,8407.14,0.95,mandi_simulated
Cotton,Bengaluru,2026-05-15,8323.9,0.95,mandi_simulated
Cotton,Nashik,2026-05-16,8157.75,0.95,mandi_simulated
Cotton,Pune,2026-05-16,7997.79,0.95,mandi_simulated
Cotton,Karnal,2026-05-16,7837.83,0.95,mandi_simulated
Cotton,Ludhiana,2026-05-16,8157.75,0.95,mandi_simulated
Cotton,Nagpur,2026-05-16,7837.83,0.95,mandi_simulated
Cotton,Ahmedabad,2026-05-16,7757.86,0.95,mandi_simulated
Cotton,Indore,2026-05-16,7837.83,0.95,mandi_simulated
Cotton,Jaipur,2026-05-16,8157.75,0.95,mandi_simulated
Cotton,Hyderabad,2026-05-16,8077.77,0.95,mandi_simulated
Cotton,Bengaluru,2026-05-16,7997.79,0.95,mandi_simulated
Cotton,Nashik,2026-05-17,7938.35,0.94,mandi_simulated
Cotton,Pune,2026-05-17,7782.69,0.94,mandi_simulated
Cotton,Karnal,2026-05-17,7627.04,0.94,mandi_simulated
Cotton,Ludhiana,2026-05-17,7938.35,0.94,mandi_simulated
Cotton,Nagpur,2026-05-17,7627.04,0.94,mandi_simulated
Cotton,Ahmedabad,2026-05-17,7549.21,0.94,mandi_simulated
Cotton,Indore,2026-05-17,7627.04,0.94,mandi_simulated
Cotton,Jaipur,2026-05-17,7938.35,0.94,mandi_simulated
Cotton,Hyderabad,2026-05-17,7860.52,0.94,mandi_simulated
Cotton,Bengaluru,2026-05-17,7782.69,0.94,mandi_simulated
Cotton,Nashik,2026-05-18,8200.1,0.93,mandi_simulated
Cotton,Pune,2026-05-18,8039.31,0.93,mandi_simulated
Cotton,Karnal,2026-05-18,7878.52,0.93,mandi_simulated
Cotton,Ludhiana,2026-05-18,8200.1,0.93,mandi_simulated
Cotton,Nagpur,2026-05-18,7878.52,0.93,mandi_simulated
Cotton,Ahmedabad,2026-05-18,7798.13,0.93,mandi_simulated
Cotton,Indore,2026-05-18,7878.52,0.93,mandi_simulated
Cotton,Jaipur,2026-05-18,8200.1,0.93,mandi_simulated
Cotton,Hyderabad,2026-05-18,8119.7,0.93,mandi_simulated
Cotton,Bengaluru,2026-05-18,8039.31,0.93,mandi_simulated
Cotton,Nashik,2026-05-19,8083.75,0.92,mandi_simulated
Cotton,Pune,2026-05-19,7925.25,0.92,mandi_simulated
Cotton,Karnal,2026-05-19,7766.74,0.92,mandi_simulated
Cotton,Ludhiana,2026-05-19,8083.75,0.92,mandi_simulated
Cotton,Nagpur,2026-05-19,7766.74,0.92,mandi_simulated
Cotton,Ahmedabad,2026-05-19,7687.49,0.92,mandi_simulated
Cotton,Indore,2026-05-19,7766.74,0.92,mandi_simulated
Cotton,Jaipur,2026-05-19,8083.75,0.92,mandi_simulated
Cotton,Hyderabad,2026-05-19,8004.5,0.92,mandi_simulated
Cotton,Bengaluru,2026-05-19,7925.25,0.92,mandi_simulated
Cotton,Nashik,2026-05-20,8232.88,0.91,mandi_simulated
Cotton,Pune,2026-05-20,8071.45,0.91,mandi_simulated
Cotton,Karnal,2026-05-20,7910.02,0.91,mandi_simulated
Cotton,Ludhiana,2026-05-20,8232.88,0.91,mandi_simulated
Cotton,Nagpur,2026-05-20,7910.02,0.91,mandi_simulated
Cotton,Ahmedabad,2026-05-20,7829.31,0.91,mandi_simulated
Cotton,Indore,2026-05-20,7910.02,0.91,mandi_simulated
Cotton,Jaipur,2026-05-20,8232.88,0.91,mandi_simulated
Cotton,Hyderabad,2026-05-20,8152.16,0.91,mandi_simulated
Cotton,Bengaluru,2026-05-20,8071.45,0.91,mandi_simulated
Cotton,Nashik,2026-05-21,8244.32,0.9,mandi_simulated
Cotton,Pune,2026-05-21,8082.67,0.9,mandi_simulated
Cotton,Karnal,2026-05-21,7921.01,0.9,mandi_simulated
Cotton,Ludhiana,2026-05-21,8244.32,0.9,mandi_simulated
Cotton,Nagpur,2026-05-21,7921.01,0.9,mandi_simulated
Cotton,Ahmedabad,2026-05-21,7840.19,0.9,mandi_simulated
Cotton,Indore,2026-05-21,7921.01,0.9,mandi_simulated
Cotton,Jaipur,2026-05-21,8244.32,0.9,mandi_simulated
Cotton,Hyderabad,2026-05-21,8163.49,0.9,mandi_simulated
Cotton,Bengaluru,2026-05-21,8082.67,0.9,mandi_simulated
Cotton,Nashik,2026-05-22,8206.51,0.89,mandi_simulated
Cotton,Pune,2026-05-22,8045.59,0.89,mandi_simulated
Cotton,Karnal,2026-05-22,7884.68,0.89,mandi_simulated
Cotton,Ludhiana,2026-05-22,8206.51,0.89,mandi_simulated
Cotton,Nagpur,2026-05-22,7884.68,0.89,mandi_simulated
Cotton,Ahmedabad,2026-05-22,7804.23,0.89,mandi_simulated
Cotton,Indore,2026-05-22,7884.68,0.89,mandi_simulated
Cotton,Jaipur,2026-05-22,8206.51,0.89,mandi_simulated
Cotton,Hyderabad,2026-05-22,8126.05,0.89,mandi_simulated
Cotton,Bengaluru,2026-05-22,8045.59,0.89,mandi_simulated
Cotton,Nashik,2026-05-23,8141.43,0.87,mandi_simulated
Cotton,Pune,2026-05-23,7981.8,0.87,mandi_simulated
Cotton,Karnal,2026-05-23,7822.16,0.87,mandi_simulated
Cotton,Ludhiana,2026-05-23,8141.43,0.87,mandi_simulated
Cotton,Nagpur,2026-05-23,7822.16,0.87,mandi_simulated
Cotton,Ahmedabad,2026-05-23,7742.34,0.87,mandi_simulated
Cotton,Indore,2026-05-23,7822.16,0.87,mandi_simulated
Cotton,Jaipur,2026-05-23,8141.43,0.87,mandi_simulated
Cotton,Hyderabad,2026-05-23,8061.62,0.87,mandi_simulated
Cotton,Bengaluru,2026-05-23,7981.8,0.87,mandi_simulated
Cotton,Nashik,2026-05-24,8079.08,0.85,mandi_simulated
Cotton,Pune,2026-05-24,7920.66,0.85,mandi_simulated
Cotton,Karnal,2026-05-24,7762.25,0.85,mandi_simulated
Cotton,Ludhiana,2026-05-24,8079.08,0.85,mandi_simulated
Cotton,Nagpur,2026-05-24,7762.25,0.85,mandi_simulated
Cotton,Ahmedabad,2026-05-24,7683.04,0.85,mandi_simulated
Cotton,Indore,2026-05-24,7762.25,0.85,mandi_simulated
Cotton,Jaipur,2026-05-24,8079.08,0.85,mandi_simulated
Cotton,Hyderabad,2026-05-24,7999.87,0.85,mandi_simulated
Cotton,Bengaluru,2026-05-24,7920.66,0.85,mandi_simulated
Cotton,Nashik,2026-05-25,8445.94,0.83,mandi_simulated
Cotton,Pune,2026-05-25,8280.34,0.83,mandi_simulated
Cotton,Karnal,2026-05-25,8114.73,0.83,mandi_simulated
Cotton,Ludhiana,2026-05-25,8445.94,0.83,mandi_simulated
Cotton,Nagpur,2026-05-25,8114.73,0.83,mandi_simulated
Cotton,Ahmedabad,2026-05-25,8031.93,0.83,mandi_simulated
Cotton,Indore,2026-05-25,8114.73,0.83,mandi_simulated
Cotton,Jaipur,2026-05-25,8445.94,0.83,mandi_simulated
Cotton,Hyderabad,2026-05-25,8363.14,0.83,mandi_simulated
Cotton,Bengaluru,2026-05-25,8280.34,0.83,mandi_simulated
Cotton,Nashik,2026-05-26,8394.37,0.81,mandi_simulated
Cotton,Pune,2026-05-26,8229.77,0.81,mandi_simulated
Cotton,Karnal,2026-05-26,8065.18,0.81,mandi_simulated
Cotton,Ludhiana,2026-05-26,8394.37,0.81,mandi_simulated
Cotton,Nagpur,2026-05-26,8065.18,0.81,mandi_simulated
Cotton,Ahmedabad,2026-05-26,7982.88,0.81,mandi_simulated
Cotton,Indore,2026-05-26,8065.18,0.81,mandi_simulated
Cotton,Jaipur,2026-05-26,8394.37,0.81,mandi_simulated
Cotton,Hyderabad,2026-05-26,8312.07,0.81,mandi_simulated
Cotton,Bengaluru,2026-05-26,8229.77,0.81,mandi_simulated
Cotton,Nashik,2026-05-27,8202.21,0.79,mandi_simulated
Cotton,Pune,2026-05-27,8041.38,0.79,mandi_simulated
Cotton,Karnal,2026-05-27,7880.56,0.79,mandi_simulated
Cotton,Ludhiana,2026-05-27,8202.21,0.79,mandi_simulated
Cotton,Nagpur,2026-05-27,7880.56,0.79,mandi_simulated
Cotton,Ahmedabad,2026-05-27,7800.14,0.79,mandi_simulated
Cotton,Indore,2026-05-27,7880.56,0.79,mandi_simulated
Cotton,Jaipur,2026-05-27,8202.21,0.79,mandi_simulated
Cotton,Hyderabad,2026-05-27,8121.8,0.79,mandi_simulated
Cotton,Bengaluru,2026-05-27,8041.38,0.79,mandi_simulated
Cotton,Nashik,2026-05-28,8603.23,0.77,mandi_simulated
Cotton,Pune,2026-05-28,8434.54,0.77,mandi_simulated
Cotton,Karnal,2026-05-28,8265.85,0.77,mandi_simulated
Cotton,Ludhiana,2026-05-28,8603.23,0.77,mandi_simulated
Cotton,Nagpur,2026-05-28,8265.85,0.77,mandi_simulated
Cotton,Ahmedabad,2026-05-28,8181.5,0.77,mandi_simulated
Cotton,Indore,2026-05-28,8265.85,0.77,mandi_simulated
Cotton,Jaipur,2026-05-28,8603.23,0.77,mandi_simulated
Cotton,Hyderabad,2026-05-28,8518.88,0.77,mandi_simulated
Cotton,Bengaluru,2026-05-28,8434.54,0.77,mandi_simulated
Cotton,Nashik,2026-05-29,8147.98,0.74,mandi_simulated
Cotton,Pune,2026-05-29,7988.22,0.74,mandi_simulated
Cotton,Karnal,2026-05-29,7828.45,0.74,mandi_simulated
Cotton,Ludhiana,2026-05-29,8147.98,0.74,mandi_simulated
Cotton,Nagpur,2026-05-29,7828.45,0.74,mandi_simulated
Cotton,Ahmedabad,2026-05-29,7748.57,0.74,mandi_simulated
Cotton,Indore,2026-05-29,7828.45,0.74,mandi_simulated
Cotton,Jaipur,2026-05-29,8147.98,0.74,mandi_simulated
Cotton,Hyderabad,2026-05-29,8068.1,0.74,mandi_simulated
Cotton,Bengaluru,2026-05-29,7988.22,0.74,mandi_simulated
Cotton,Nashik,2026-05-30,8664.16,0.72,mandi_simulated
Cotton,Pune,2026-05-30,8494.27,0.72,mandi_simulated
Cotton,Karnal,2026-05-30,8324.39,0.72,mandi_simulated
Cotton,Ludhiana,2026-05-30,8664.16,0.72,mandi_simulated
Cotton,Nagpur,2026-05-30,8324.39,0.72,mandi_simulated
Cotton,Ahmedabad,2026-05-30,8239.44,0.72,mandi_simulated
Cotton,Indore,2026-05-30,8324.39,0.72,mandi_simulated
Cotton,Jaipur,2026-05-30,8664.16,0.72,mandi_simulated
Cotton,Hyderabad,2026-05-30,8579.21,0.72,mandi_simulated
Cotton,Bengaluru,2026-05-30,8494.27,0.72,mandi_simulated
Cotton,Nashik,2026-05-31,8680.94,0.69,mandi_simulated
Cotton,Pune,2026-05-31,8510.72,0.69,mandi_simulated
Cotton,Karnal,2026-05-31,8340.51,0.69,mandi_simulated
Cotton,Ludhiana,2026-05-31,8680.94,0.69,mandi_simulated
Cotton,Nagpur,2026-05-31,8340.51,0.69,mandi_simulated
Cotton,Ahmedabad,2026-05-31,8255.4,0.69,mandi_simulated
Cotton,Indore,2026-05-31,8340.51,0.69,mandi_simulated
Cotton,Jaipur,2026-05-31,8680.94,0.69,mandi_simulated
Cotton,Hyderabad,2026-05-31,8595.83,0.69,mandi_simulated
Cotton,Bengaluru,2026-05-31,8510.72,0.69,mandi_simulated
Cotton,Nashik,2026-06-01,8799.13,0.66,mandi_simulated
Cotton,Pune,2026-06-01,8626.6,0.66,mandi_simulated
Cotton,Karnal,2026-06-01,8454.07,0.66,mandi_simulated
Cotton,Ludhiana,2026-06-01,8799.13,0.66,mandi_simulated
Cotton,Nagpur,2026-06-01,8454.07,0.66,mandi_simulated
Cotton,Ahmedabad,2026-06-01,8367.8,0.66,mandi_simulated
Cotton,Indore,2026-06-01,8454.07,0.66,mandi_simulated
Cotton,Jaipur,2026-06-01,8799.13,0.66,mandi_simulated
Cotton,Hyderabad,2026-06-01,8712.87,0.66,mandi_simulated
Cotton,Bengaluru,2026-06-01,8626.6,0.66,mandi_simulated
Cotton,Nashik,2026-06-02,8552.53,0.63,mandi_simulated
Cotton,Pune,2026-06-02,8384.83,0.63,mandi_simulated
Cotton,Karnal,2026-06-02,8217.14,0.63,mandi_simulated
Cotton,Ludhiana,2026-06-02,8552.53,0.63,mandi_simulated
Cotton,Nagpur,2026-06-02,8217.14,0.63,mandi_simulated
Cotton,Ahmedabad,2026-06-02,8133.29,0.63,mandi_simulated
Cotton,Indore,2026-06-02,8217.14,0.63,mandi_simulated
Cotton,Jaipur,2026-06-02,8552.53,0.63,mandi_simulated
Cotton,Hyderabad,2026-06-02,8468.68,0.63,mandi_simulated
Cotton,Bengaluru,2026-06-02,8384.83,0.63,mandi_simulated
Cotton,Nashik,2026-06-03,8791.96,0.61,mandi_simulated
Cotton,Pune,2026-06-03,8619.57,0.61,mandi_simulated
Cotton,Karnal,2026-06-03,8447.18,0.61,mandi_simulated
Cotton,Ludhiana,2026-06-03,8791.96,0.61,mandi_simulated
Cotton,Nagpur,2026-06-03,8447.18,0.61,mandi_simulated
Cotton,Ahmedabad,2026-06-03,8360.98,0.61,mandi_simulated
Cotton,Indore,2026-06-03,8447.18,0.61,mandi_simulated
Cotton,Jaipur,2026-06-03,8791.96,0.61,mandi_simulated
Cotton,Hyderabad,2026-06-03,8705.77,0.61,mandi_simulated
Cotton,Bengaluru,2026-06-03,8619.57,0.61,mandi_simulated
Cotton,Nashik,2026-06-04,8950.32,0.58,mandi_simulated
Cotton,Pune,2026-06-04,8774.82,0.58,mandi_simulated
Cotton,Karnal,2026-06-04,8599.32,0.58,mandi_simulated
Cotton,Ludhiana,2026-06-04,8950.32,0.58,mandi_simulated
Cotton,Nagpur,2026-06-04,8599.32,0.58,mandi_simulated
Cotton,Ahmedabad,2026-06-04,8511.58,0.58,mandi_simulated
Cotton,Indore,2026-06-04,8599.32,0.58,mandi_simulated
Cotton,Jaipur,2026-06-04,8950.32,0.58,mandi_simulated
Cotton,Hyderabad,2026-06-04,8862.57,0.58,mandi_simulated
Cotton,Bengaluru,2026-06-04,8774.82,0.58,mandi_simulated
Cotton,Nashik,2026-06-05,9112.74,0.55,mandi_simulated
Cotton,Pune,2026-06-05,8934.06,0.55,mandi_simulated
Cotton,Karnal,2026-06-05,8755.38,0.55,mandi_simulated
Cotton,Ludhiana,2026-06-05,9112.74,0.55,mandi_simulated
Cotton,Nagpur,2026-06-05,8755.38,0.55,mandi_simulated
Cotton,Ahmedabad,2026-06-05,8666.04,0.55,mandi_simulated
Cotton,Indore,2026-06-05,8755.38,0.55,mandi_simulated
Cotton,Jaipur,2026-06-05,9112.74,0.55,mandi_simulated
Cotton,Hyderabad,2026-06-05,9023.4,0.55,mandi_simulated
Cotton,Bengaluru,2026-06-05,8934.06,0.55,mandi_simulated
Cotton,Nashik,2026-06-06,8821.18,0.58,mandi_simulated
Cotton,Pune,2026-06-06,8648.22,0.58,mandi_simulated
Cotton,Karnal,2026-06-06,8475.25,0.58,mandi_simulated
Cotton,Ludhiana,2026-06-06,8821.18,0.58,mandi_simulated
Cotton,Nagpur,2026-06-06,8475.25,0.58,mandi_simulated
Cotton,Ahmedabad,2026-06-06,8388.77,0.58,mandi_simulated
Cotton,Indore,2026-06-06,8475.25,0.58,mandi_simulated
Cotton,Jaipur,2026-06-06,8821.18,0.58,mandi_simulated
Cotton,Hyderabad,2026-06-06,8734.7,0.58,mandi_simulated
Cotton,Bengaluru,2026-06-06,8648.22,0.58,mandi_simulated
Cotton,Nashik,2026-06-07,8545.32,0.61,mandi_simulated
Cotton,Pune,2026-06-07,8377.77,0.61,mandi_simulated
Cotton,Karnal,2026-06-07,8210.21,0.61,mandi_simulated
Cotton,Ludhiana,2026-06-07,8545.32,0.61,mandi_simulated
Cotton,Nagpur,2026-06-07,8210.21,0.61,mandi_simulated
Cotton,Ahmedabad,2026-06-07,8126.43,0.61,mandi_simulated
Cotton,Indore,2026-06-07,8210.21,0.61,mandi_simulated
Cotton,Jaipur,2026-06-07,8545.32,0.61,mandi_simulated
Cotton,Hyderabad,2026-06-07,8461.54,0.61,mandi_simulated
Cotton,Bengaluru,2026-06-07,8377.77,0.61,mandi_simulated
Cotton,Nashik,2026-06-08,8925.16,0.64,mandi_simulated
Cotton,Pune,2026-06-08,8750.15,0.64,mandi_simulated
Cotton,Karnal,2026-06-08,8575.15,0.64,mandi_simulated
Cotton,Ludhiana,2026-06-08,8925.16,0.64,mandi_simulated
Cotton,Nagpur,2026-06-08,8575.15,0.64,mandi_simulated
Cotton,Ahmedabad,2026-06-08,8487.65,0.64,mandi_simulated
Cotton,Indore,2026-06-08,8575.15,0.64,mandi_simulated
Cotton,Jaipur,2026-06-08,8925.16,0.64,mandi_simulated
Cotton,Hyderabad,2026-06-08,8837.66,0.64,mandi_simulated
Cotton,Bengaluru,2026-06-08,8750.15,0.64,mandi_simulated
Cotton,Nashik,2026-06-09,9037.54,0.66,mandi_simulated
Cotton,Pune,2026-06-09,8860.33,0.66,mandi_simulated
Cotton,Karnal,2026-06-09,8683.12,0.66,mandi_simulated
Cotton,Ludhiana,2026-06-09,9037.54,0.66,mandi_simulated
Cotton,Nagpur,2026-06-09,8683.12,0.66,mandi_simulated
Cotton,Ahmedabad,2026-06-09,8594.52,0.66,mandi_simulated
Cotton,Indore,2026-06-09,8683.12,0.66,mandi_simulated
Cotton,Jaipur,2026-06-09,9037.54,0.66,mandi_simulated
Cotton,Hyderabad,2026-06-09,8948.93,0.66,mandi_simulated
Cotton,Bengaluru,2026-06-09,8860.33,0.66,mandi_simulated
Cotton,Nashik,2026-06-10,9288.42,0.69,mandi_simulated
Cotton,Pune,2026-06-10,9106.3,0.69,mandi_simulated
Cotton,Karnal,2026-06-10,8924.17,0.69,mandi_simulated
Cotton,Ludhiana,2026-06-10,9288.42,0.69,mandi_simulated
Cotton,Nagpur,2026-06-10,8924.17,0.69,mandi_simulated
Cotton,Ahmedabad,2026-06-10,8833.11,0.69,mandi_simulated
Cotton,Indore,2026-06-10,8924.17,0.69,mandi_simulated
Cotton,Jaipur,2026-06-10,9288.42,0.69,mandi_simulated
Cotton,Hyderabad,2026-06-10,9197.36,0.69,mandi_simulated
Cotton,Bengaluru,2026-06-10,9106.3,0.69,mandi_simulated
Cotton,Nashik,2026-06-11,9341.18,0.72,mandi_simulated
Cotton,Pune,2026-06-11,9158.02,0.72,mandi_simulated
Cotton,Karnal,2026-06-11,8974.86,0.72,mandi_simulated
Cotton,Ludhiana,2026-06-11,9341.18,0.72,mandi_simulated
Cotton,Nagpur,2026-06-11,8974.86,0.72,mandi_simulated
Cotton,Ahmedabad,2026-06-11,8883.28,0.72,mandi_simulated
Cotton,Indore,2026-06-11,8974.86,0.72,mandi_simulated
Cotton,Jaipur,2026-06-11,9341.18,0.72,mandi_simulated
Cotton,Hyderabad,2026-06-11,9249.6,0.72,mandi_simulated
Cotton,Bengaluru,2026-06-11,9158.02,0.72,mandi_simulated
Cotton,Nashik,2026-06-12,9073.27,0.74,mandi_simulated
Cotton,Pune,2026-06-12,8895.36,0.74,mandi_simulated
Cotton,Karnal,2026-06-12,8717.46,0.74,mandi_simulated
Cotton,Ludhiana,2026-06-12,9073.27,0.74,mandi_simulated
Cotton,Nagpur,2026-06-12,8717.46,0.74,mandi_simulated
Cotton,Ahmedabad,2026-06-12,8628.5,0.74,mandi_simulated
Cotton,Indore,2026-06-12,8717.46,0.74,mandi_simulated
Cotton,Jaipur,2026-06-12,9073.27,0.74,mandi_simulated
Cotton,Hyderabad,2026-06-12,8984.32,0.74,mandi_simulated
Cotton,Bengaluru,2026-06-12,8895.36,0.74,mandi_simulated
Cotton,Nashik,2026-06-13,9181.77,0.77,mandi_simulated
Cotton,Pune,2026-06-13,9001.74,0.77,mandi_simulated
Cotton,Karnal,2026-06-13,8821.7,0.77,mandi_simulated
Cotton,Ludhiana,2026-06-13,9181.77,0.77,mandi_simulated
Cotton,Nagpur,2026-06-13,8821.7,0.77,mandi_simulated
Cotton,Ahmedabad,2026-06-13,8731.69,0.77,mandi_simulated
Cotton,Indore,2026-06-13,8821.7,0.77,mandi_simulated
Cotton,Jaipur,2026-06-13,9181.77,0.77,mandi_simulated
Cotton,Hyderabad,2026-06-13,9091.76,0.77,mandi_simulated
Cotton,Bengaluru,2026-06-13,9001.74,0.77,mandi_simulated
Cotton,Nashik,2026-06-14,9175.56,0.79,mandi_simulated
Cotton,Pune,2026-06-14,8995.65,0.79,mandi_simulated
Cotton,Karnal,2026-06-14,8815.74,0.79,mandi_simulated
Cotton,Ludhiana,2026-06-14,9175.56,0.79,mandi_simulated
Cotton,Nagpur,2026-06-14,8815.74,0.79,mandi_simulated
Cotton,Ahmedabad,2026-06-14,8725.78,0.79,mandi_simulated
Cotton,Indore,2026-06-14,8815.74,0.79,mandi_simulated
Cotton,Jaipur,2026-06-14,9175.56,0.79,mandi_simulated
Cotton,Hyderabad,2026-06-14,9085.6,0.79,mandi_simulated
Cotton,Bengaluru,2026-06-14,8995.65,0.79,mandi_simulated
Cotton,Nashik,2026-06-15,9414.81,0.81,mandi_simulated
Cotton,Pune,2026-06-15,9230.21,0.81,mandi_simulated
Cotton,Karnal,2026-06-15,9045.6,0.81,mandi_simulated
Cotton,Ludhiana,2026-06-15,9414.81,0.81,mandi_simulated
Cotton,Nagpur,2026-06-15,9045.6,0.81,mandi_simulated
Cotton,Ahmedabad,2026-06-15,8953.3,0.81,mandi_simulated
Cotton,Indore,2026-06-15,9045.6,0.81,mandi_simulated
Cotton,Jaipur,2026-06-15,9414.81,0.81,mandi_simulated
Cotton,Hyderabad,2026-06-15,9322.51,0.81,mandi_simulated
Cotton,Bengaluru,2026-06-15,9230.21,0.81,mandi_simulated
Cotton,Nashik,2026-06-16,9224.37,0.83,mandi_simulated
Cotton,Pune,2026-06-16,9043.5,0.83,mandi_simulated
Cotton,Karnal,2026-06-16,8862.63,0.83,mandi_simulated
Cotton,Ludhiana,2026-06-16,9224.37,0.83,mandi_simulated
Cotton,Nagpur,2026-06-16,8862.63,0.83,mandi_simulated
Cotton,Ahmedabad,2026-06-16,8772.19,0.83,mandi_simulated
Cotton,Indore,2026-06-16,8862.63,0.83,mandi_simulated
Cotton,Jaipur,2026-06-16,9224.37,0.83,mandi_simulated
Cotton,Hyderabad,2026-06-16,9133.93,0.83,mandi_simulated
Cotton,Bengaluru,2026-06-16,9043.5,0.83,mandi_simulated
Cotton,Nashik,2026-06-17,9445.86,0.85,mandi_simulated
Cotton,Pune,2026-06-17,9260.65,0.85,mandi_simulated
Cotton,Karnal,2026-06-17,9075.43,0.85,mandi_simulated
Cotton,Ludhiana,2026-06-17,9445.86,0.85,mandi_simulated
Cotton,Nagpur,2026-06-17,9075.43,0.85,mandi_simulated
Cotton,Ahmedabad,2026-06-17,8982.83,0.85,mandi_simulated
Cotton,Indore,2026-06-17,9075.43,0.85,mandi_simulated
Cotton,Jaipur,2026-06-17,9445.86,0.85,mandi_simulated
Cotton,Hyderabad,2026-06-17,9353.25,0.85,mandi_simulated
Cotton,Bengaluru,2026-06-17,9260.65,0.85,mandi_simulated
Cotton,Nashik,2026-06-18,9108.14,0.87,mandi_simulated
Cotton,Pune,2026-06-18,8929.55,0.87,mandi_simulated
Cotton,Karnal,2026-06-18,8750.96,0.87,mandi_simulated
Cotton,Ludhiana,2026-06-18,9108.14,0.87,mandi_simulated
Cotton,Nagpur,2026-06-18,8750.96,0.87,mandi_simulated
Cotton,Ahmedabad,2026-06-18,8661.66,0.87,mandi_simulated
Cotton,Indore,2026-06-18,8750.96,0.87,mandi_simulated
Cotton,Jaipur,2026-06-18,9108.14,0.87,mandi_simulated
Cotton,Hyderabad,2026-06-18,9018.84,0.87,mandi_simulated
Cotton,Bengaluru,2026-06-18,8929.55,0.87,mandi_simulated
Cotton,Nashik,2026-06-19,9378.63,0.89,mandi_simulated
Cotton,Pune,2026-06-19,9194.73,0.89,mandi_simulated
Cotton,Karnal,2026-06-19,9010.84,0.89,mandi_simulated
Cotton,Ludhiana,2026-06-19,9378.63,0.89,mandi_simulated
Cotton,Nagpur,2026-06-19,9010.84,0.89,mandi_simulated
Cotton,Ahmedabad,2026-06-19,8918.89,0.89,mandi_simulated
Cotton,Indore,2026-06-19,9010.84,0.89,mandi_simulated
Cotton,Jaipur,2026-06-19,9378.63,0.89,mandi_simulated
Cotton,Hyderabad,2026-06-19,9286.68,0.89,mandi_simulated
Cotton,Bengaluru,2026-06-19,9194.73,0.89,mandi_simulated
Cotton,Nashik,2026-06-20,9787.52,0.9,mandi_simulated
Cotton,Pune,2026-06-20,9595.61,0.9,mandi_simulated
Cotton,Karnal,2026-06-20,9403.7,0.9,mandi_simulated
Cotton,Ludhiana,2026-06-20,9787.52,0.9,mandi_simulated
Cotton,Nagpur,2026-06-20,9403.7,0.9,mandi_simulated
Cotton,Ahmedabad,2026-06-20,9307.74,0.9,mandi_simulated
Cotton,Indore,2026-06-20,9403.7,0.9,mandi_simulated
Cotton,Jaipur,2026-06-20,9787.52,0.9,mandi_simulated
Cotton,Hyderabad,2026-06-20,9691.56,0.9,mandi_simulated
Cotton,Bengaluru,2026-06-20,9595.61,0.9,mandi_simulated
Cotton,Nashik,2026-06-21,9340.34,0.91,mandi_simulated
Cotton,Pune,2026-06-21,9157.2,0.91,mandi_simulated
Cotton,Karnal,2026-06-21,8974.05,0.91,mandi_simulated
Cotton,Ludhiana,2026-06-21,9340.34,0.91,mandi_simulated
Cotton,Nagpur,2026-06-21,8974.05,0.91,mandi_simulated
Cotton,Ahmedabad,2026-06-21,8882.48,0.91,mandi_simulated
Cotton,Indore,2026-06-21,8974.05,0.91,mandi_simulated
Cotton,Jaipur,2026-06-21,9340.34,0.91,mandi_simulated
Cotton,Hyderabad,2026-06-21,9248.77,0.91,mandi_simulated
Cotton,Bengaluru,2026-06-21,9157.2,0.91,mandi_simulated
Cotton,Nashik,2026-06-22,9635.09,0.93,mandi_simulated
Cotton,Pune,2026-06-22,9446.17,0.93,mandi_simulated
Cotton,Karnal,2026-06-22,9257.24,0.93,mandi_simulated
Cotton,Ludhiana,2026-06-22,9635.09,0.93,mandi_simulated
Cotton,Nagpur,2026-06-22,9257.24,0.93,mandi_simulated
Cotton,Ahmedabad,2026-06-22,9162.78,0.93,mandi_simulated
Cotton,Indore,2026-06-22,9257.24,0.93,mandi_simulated
Cotton,Jaipur,2026-06-22,9635.09,0.93,mandi_simulated
Cotton,Hyderabad,2026-06-22,9540.63,0.93,mandi_simulated
Cotton,Bengaluru,2026-06-22,9446.17,0.93,mandi_simulated
Cotton,Nashik,2026-06-23,9626.09,0.93,mandi_simulated
Cotton,Pune,2026-06-23,9437.35,0.93,mandi_simulated
Cotton,Karnal,2026-06-23,9248.6,0.93,mandi_simulated
Cotton,Ludhiana,2026-06-23,9626.09,0.93,mandi_simulated
Cotton,Nagpur,2026-06-23,9248.6,0.93,mandi_simulated
Cotton,Ahmedabad,2026-06-23,9154.23,0.93,mandi_simulated
Cotton,Indore,2026-06-23,9248.6,0.93,mandi_simulated
Cotton,Jaipur,2026-06-23,9626.09,0.93,mandi_simulated
Cotton,Hyderabad,2026-06-23,9531.72,0.93,mandi_simulated
Cotton,Bengaluru,2026-06-23,9437.35,0.93,mandi_simulated
Cotton,Nashik,2026-06-24,9800.47,0.94,mandi_simulated
Cotton,Pune,2026-06-24,9608.31,0.94,mandi_simulated
Cotton,Karnal,2026-06-24,9416.14,0.94,mandi_simulated
Cotton,Ludhiana,2026-06-24,9800.47,0.94,mandi_simulated
Cotton,Nagpur,2026-06-24,9416.14,0.94,mandi_simulated
Cotton,Ahmedabad,2026-06-24,9320.06,0.94,mandi_simulated
Cotton,Indore,2026-06-24,9416.14,0.94,mandi_simulated
Cotton,Jaipur,2026-06-24,9800.47,0.94,mandi_simulated
Cotton,Hyderabad,2026-06-24,9704.39,0.94,mandi_simulated
Cotton,Bengaluru,2026-06-24,9608.31,0.94,mandi_simulated
Cotton,Nashik,2026-06-25,9818.34,0.95,mandi_simulated
Cotton,Pune,2026-06-25,9625.82,0.95,mandi_simulated
Cotton,Karnal,2026-06-25,9433.31,0.95,mandi_simulated
Cotton,Ludhiana,2026-06-25,9818.34,0.95,mandi_simulated
Cotton,Nagpur,2026-06-25,9433.31,0.95,mandi_simulated
Cotton,Ahmedabad,2026-06-25,9337.05,0.95,mandi_simulated
Cotton,Indore,2026-06-25,9433.31,0.95,mandi_simulated
Cotton,Jaipur,2026-06-25,9818.34,0.95,mandi_simulated
Cotton,Hyderabad,2026-06-25,9722.08,0.95,mandi_simulated
Cotton,Bengaluru,2026-06-25,9625.82,0.95,mandi_simulated
Cotton,Nashik,2026-06-26,9837.74,0.95,mandi_simulated
Cotton,Pune,2026-06-26,9644.84,0.95,mandi_simulated
Cotton,Karnal,2026-06-26,9451.94,0.95,mandi_simulated
Cotton,Ludhiana,2026-06-26,9837.74,0.95,mandi_simulated
Cotton,Nagpur,2026-06-26,9451.94,0.95,mandi_simulated
Cotton,Ahmedabad,2026-06-26,9355.5,0.95,mandi_simulated
Cotton,Indore,2026-06-26,9451.94,0.95,mandi_simulated
Cotton,Jaipur,2026-06-26,9837.74,0.95,mandi_simulated
Cotton,Hyderabad,2026-06-26,9741.29,0.95,mandi_simulated
Cotton,Bengaluru,2026-06-26,9644.84,0.95,mandi_simulated
Cotton,Nashik,2026-06-27,9481.24,0.95,mandi_simulated
Cotton,Pune,2026-06-27,9295.33,0.95,mandi_simulated
Cotton,Karnal,2026-06-27,9109.43,0.95,mandi_simulated
Cotton,Ludhiana,2026-06-27,9481.24,0.95,mandi_simulated
Cotton,Nagpur,2026-06-27,9109.43,0.95,mandi_simulated
Cotton,Ahmedabad,2026-06-27,9016.47,0.95,mandi_simulated
Cotton,Indore,2026-06-27,9109.43,0.95,mandi_simulated
Cotton,Jaipur,2026-06-27,9481.24,0.95,mandi_simulated
Cotton,Hyderabad,2026-06-27,9388.29,0.95,mandi_simulated
Cotton,Bengaluru,2026-06-27,9295.33,0.95,mandi_simulated
Cotton,Nashik,2026-06-28,9439.52,0.95,mandi_simulated
Cotton,Pune,2026-06-28,9254.43,0.95,mandi_simulated
Cotton,Karnal,2026-06-28,9069.34,0.95,mandi_simulated
Cotton,Ludhiana,2026-06-28,9439.52,0.95,mandi_simulated
Cotton,Nagpur,2026-06-28,9069.34,0.95,mandi_simulated
Cotton,Ahmedabad,2026-06-28,8976.8,0.95,mandi_simulated
Cotton,Indore,2026-06-28,9069.34,0.95,mandi_simulated
Cotton,Jaipur,2026-06-28,9439.52,0.95,mandi_simulated
Cotton,Hyderabad,2026-06-28,9346.98,0.95,mandi_simulated
Cotton,Bengaluru,2026-06-28,9254.43,0.95,mandi_simulated
Cotton,Nashik,2026-06-29,9751.17,0.95,mandi_simulated
Cotton,Pune,2026-06-29,9559.97,0.95,mandi_simulated
Cotton,Karnal,2026-06-29,9368.77,0.95,mandi_simulated
Cotton,Ludhiana,2026-06-29,9751.17,0.95,mandi_simulated
Cotton,Nagpur,2026-06-29,9368.77,0.95,mandi_simulated
Cotton,Ahmedabad,2026-06-29,9273.17,0.95,mandi_simulated
Cotton,Indore,2026-06-29,9368.77,0.95,mandi_simulated
Cotton,Jaipur,2026-06-29,9751.17,0.95,mandi_simulated
Cotton,Hyderabad,2026-06-29,9655.57,0.95,mandi_simulated
Cotton,Bengaluru,2026-06-29,9559.97,0.95,mandi_simulated
Cotton,Nashik,2026-06-30,9782.37,0.94,mandi_simulated
Cotton,Pune,2026-06-30,9590.55,0.94,mandi_simulated
Cotton,Karnal,2026-06-30,9398.74,0.94,mandi_simulated
Cotton,Ludhiana,2026-06-30,9782.37,0.94,mandi_simulated
Cotton,Nagpur,2026-06-30,9398.74,0.94,mandi_simulated
Cotton,Ahmedabad,2026-06-30,9302.84,0.94,mandi_simulated
Cotton,Indore,2026-06-30,9398.74,0.94,mandi_simulated
Cotton,Jaipur,2026-06-30,9782.37,0.94,mandi_simulated
Cotton,Hyderabad,2026-06-30,9686.46,0.94,mandi_simulated
Cotton,Bengaluru,2026-06-30,9590.55,0.94,mandi_simulated
Cotton,Nashik,2026-07-01,9865.43,0.93,mandi_simulated
Cotton,Pune,2026-07-01,9671.99,0.93,mandi_simulated
Cotton,Karnal,2026-07-01,9478.55,0.93,mandi_simulated
Cotton,Ludhiana,2026-07-01,9865.43,0.93,mandi_simulated
Cotton,Nagpur,2026-07-01,9478.55,0.93,mandi_simulated
Cotton,Ahmedabad,2026-07-01,9381.83,0.93,mandi_simulated
Cotton,Indore,2026-07-01,9478.55,0.93,mandi_simulated
Cotton,Jaipur,2026-07-01,9865.43,0.93,mandi_simulated
Cotton,Hyderabad,2026-07-01,9768.71,0.93,mandi_simulated
Cotton,Bengaluru,2026-07-01,9671.99,0.93,mandi_simulated
Cotton,Nashik,2026-07-02,9217.7,0.92,mandi_simulated
Cotton,Pune,2026-07-02,9036.96,0.92,mandi_simulated
Cotton,Karnal,2026-07-02,8856.22,0.92,mandi_simulated
Cotton,Ludhiana,2026-07-02,9217.7,0.92,mandi_simulated
Cotton,Nagpur,2026-07-02,8856.22,0.92,mandi_simulated
Cotton,Ahmedabad,2026-07-02,8765.85,0.92,mandi_simulated
Cotton,Indore,2026-07-02,8856.22,0.92,mandi_simulated
Cotton,Jaipur,2026-07-02,9217.7,0.92,mandi_simulated
Cotton,Hyderabad,2026-07-02,9127.33,0.92,mandi_simulated
Cotton,Bengaluru,2026-07-02,9036.96,0.92,mandi_simulated
Cotton,Nashik,2026-07-03,9232.66,0.91,mandi_simulated
Cotton,Pune,2026-07-03,9051.63,0.91,mandi_simulated
Cotton,Karnal,2026-07-03,8870.6,0.91,mandi_simulated
Cotton,Ludhiana,2026-07-03,9232.66,0.91,mandi_simulated
Cotton,Nagpur,2026-07-03,8870.6,0.91,mandi_simulated
Cotton,Ahmedabad,2026-07-03,8780.08,0.91,mandi_simulated
Cotton,Indore,2026-07-03,8870.6,0.91,mandi_simulated
Cotton,Jaipur,2026-07-03,9232.66,0.91,mandi_simulated
Cotton,Hyderabad,2026-07-03,9142.15,0.91,mandi_simulated
Cotton,Bengaluru,2026-07-03,9051.63,0.91,mandi_simulated
Cotton,Nashik,2026-07-04,9649.37,0.9,mandi_simulated
Cotton,Pune,2026-07-04,9460.17,0.9,mandi_simulated
Cotton,Karnal,2026-07-04,9270.97,0.9,mandi_simulated
Cotton,Ludhiana,2026-07-04,9649.37,0.9,mandi_simulated
Cotton,Nagpur,2026-07-04,9270.97,0.9,mandi_simulated
Cotton,Ahmedabad,2026-07-04,9176.36,0.9,mandi_simulated
Cotton,Indore,2026-07-04,9270.97,0.9,mandi_simulated
Cotton,Jaipur,2026-07-04,9649.37,0.9,mandi_simulated
Cotton,Hyderabad,2026-07-04,9554.77,0.9,mandi_simulated
Cotton,Bengaluru,2026-07-04,9460.17,0.9,mandi_simulated
Cotton,Nashik,2026-07-05,9853.22,0.89,mandi_simulated
Cotton,Pune,2026-07-05,9660.02,0.89,mandi_simulated
Cotton,Karnal,2026-07-05,9466.82,0.89,mandi_simulated
Cotton,Ludhiana,2026-07-05,9853.22,0.89,mandi_simulated
Cotton,Nagpur,2026-07-05,9466.82,0.89,mandi_simulated
Cotton,Ahmedabad,2026-07-05,9370.22,0.89,mandi_simulated
Cotton,Indore,2026-07-05,9466.82,0.89,mandi_simulated
Cotton,Jaipur,2026-07-05,9853.22,0.89,mandi_simulated
Cotton,Hyderabad,2026-07-05,9756.62,0.89,mandi_simulated
Cotton,Bengaluru,2026-07-05,9660.02,0.89,mandi_simulated
Cotton,Nashik,2026-07-06,9890.6,0.87,mandi_simulated
Cotton,Pune,2026-07-06,9696.66,0.87,mandi_simulated
Cotton,Karnal,2026-07-06,9502.73,0.87,mandi_simulated
Cotton,Ludhiana,2026-07-06,9890.6,0.87,mandi_simulated
Cotton,Nagpur,2026-07-06,9502.73,0.87,mandi_simulated
Cotton,Ahmedabad,2026-07-06,9405.76,0.87,mandi_simulated
Cotton,Indore,2026-07-06,9502.73,0.87,mandi_simulated
Cotton,Jaipur,2026-07-06,9890.6,0.87,mandi_simulated
Cotton,Hyderabad,2026-07-06,9793.63,0.87,mandi_simulated
Cotton,Bengaluru,2026-07-06,9696.66,0.87,mandi_simulated
Cotton,Nashik,2026-07-07,9676.13,0.85,mandi_simulated
Cotton,Pune,2026-07-07,9486.4,0.85,mandi_simulated
Cotton,Karnal,2026-07-07,9296.67,0.85,mandi_simulated
Cotton,Ludhiana,2026-07-07,9676.13,0.85,mandi_simulated
Cotton,Nagpur,2026-07-07,9296.67,0.85,mandi_simulated
Cotton,Ahmedabad,2026-07-07,9201.81,0.85,mandi_simulated
Cotton,Indore,2026-07-07,9296.67,0.85,mandi_simulated
Cotton,Jaipur,2026-07-07,9676.13,0.85,mandi_simulated
Cotton,Hyderabad,2026-07-07,9581.27,0.85,mandi_simulated
Cotton,Bengaluru,2026-07-07,9486.4,0.85,mandi_simulated
Cotton,Nashik,2026-07-08,9412.57,0.83,mandi_simulated
Cotton,Pune,2026-07-08,9228.01,0.83,mandi_simulated
Cotton,Karnal,2026-07-08,9043.45,0.83,mandi_simulated
Cotton,Ludhiana,2026-07-08,9412.57,0.83,mandi_simulated
Cotton,Nagpur,2026-07-08,9043.45,0.83,mandi_simulated
Cotton,Ahmedabad,2026-07-08,8951.17,0.83,mandi_simulated
Cotton,Indore,2026-07-08,9043.45,0.83,mandi_simulated
Cotton,Jaipur,2026-07-08,9412.57,0.83,mandi_simulated
Cotton,Hyderabad,2026-07-08,9320.29,0.83,mandi_simulated
Cotton,Bengaluru,2026-07-08,9228.01,0.83,mandi_simulated
Cotton,Nashik,2026-07-09,9130.38,0.81,mandi_simulated
Cotton,Pune,2026-07-09,8951.35,0.81,mandi_simulated
Cotton,Karnal,2026-07-09,8772.33,0.81,mandi_simulated
Cotton,Ludhiana,2026-07-09,9130.38,0.81,mandi_simulated
Cotton,Nagpur,2026-07-09,8772.33,0.81,mandi_simulated
Cotton,Ahmedabad,2026-07-09,8682.81,0.81,mandi_simulated
Cotton,Indore,2026-07-09,8772.33,0.81,mandi_simulated
Cotton,Jaipur,2026-07-09,9130.38,0.81,mandi_simulated
Cotton,Hyderabad,2026-07-09,9040.87,0.81,mandi_simulated
Cotton,Bengaluru,2026-07-09,8951.35,0.81,mandi_simulated
Cotton,Nashik,2026-07-10,9502.17,0.79,mandi_simulated
Cotton,Pune,2026-07-10,9315.85,0.79,mandi_simulated
Cotton,Karnal,2026-07-10,9129.53,0.79,mandi_simulated
Cotton,Ludhiana,2026-07-10,9502.17,0.79,mandi_simulated
Cotton,Nagpur,2026-07-10,9129.53,0.79,mandi_simulated
Cotton,Ahmedabad,2026-07-10,9036.38,0.79,mandi_simulated
Cotton,Indore,2026-07-10,9129.53,0.79,mandi_simulated
Cotton,Jaipur,2026-07-10,9502.17,0.79,mandi_simulated
Cotton,Hyderabad,2026-07-10,9409.01,0.79,mandi_simulated
Cotton,Bengaluru,2026-07-10,9315.85,0.79,mandi_simulated
Cotton,Nashik,2026-07-11,9646.35,0.77,mandi_simulated
Cotton,Pune,2026-07-11,9457.21,0.77,mandi_simulated
Cotton,Karnal,2026-07-11,9268.06,0.77,mandi_simulated
Cotton,Ludhiana,2026-07-11,9646.35,0.77,mandi_simulated
Cotton,Nagpur,2026-07-11,9268.06,0.77,mandi_simulated
Cotton,Ahmedabad,2026-07-11,9173.49,0.77,mandi_simulated
Cotton,Indore,2026-07-11,9268.06,0.77,mandi_simulated
Cotton,Jaipur,2026-07-11,9646.35,0.77,mandi_simulated
Cotton,Hyderabad,2026-07-11,9551.78,0.77,mandi_simulated
Cotton,Bengaluru,2026-07-11,9457.21,0.77,mandi_simulated
Cotton,Nashik,2026-07-12,9288.29,0.74,mandi_simulated
Cotton,Pune,2026-07-12,9106.16,0.74,mandi_simulated
Cotton,Karnal,2026-07-12,8924.04,0.74,mandi_simulated
Cotton,Ludhiana,2026-07-12,9288.29,0.74,mandi_simulated
Cotton,Nagpur,2026-07-12,8924.04,0.74,mandi_simulated
Cotton,Ahmedabad,2026-07-12,8832.98,0.74,mandi_simulated
Cotton,Indore,2026-07-12,8924.04,0.74,mandi_simulated
Cotton,Jaipur,2026-07-12,9288.29,0.74,mandi_simulated
Cotton,Hyderabad,2026-07-12,9197.23,0.74,mandi_simulated
Cotton,Bengaluru,2026-07-12,9106.16,0.74,mandi_simulated
Cotton,Nashik,2026-07-13,9435.48,0.71,mandi_simulated
Cotton,Pune,2026-07-13,9250.47,0.71,mandi_simulated
Cotton,Karnal,2026-07-13,9065.46,0.71,mandi_simulated
Cotton,Ludhiana,2026-07-13,9435.48,0.71,mandi_simulated
Cotton,Nagpur,2026-07-13,9065.46,0.71,mandi_simulated
Cotton,Ahmedabad,2026-07-13,8972.96,0.71,mandi_simulated
Cotton,Indore,2026-07-13,9065.46,0.71,mandi_simulated
Cotton,Jaipur,2026-07-13,9435.48,0.71,mandi_simulated
Cotton,Hyderabad,2026-07-13,9342.98,0.71,mandi_simulated
Cotton,Bengaluru,2026-07-13,9250.47,0.71,mandi_simulated
Cotton,Nashik,2026-07-14,9548.74,0.69,mandi_simulated
Cotton,Pune,2026-07-14,9361.51,0.69,mandi_simulated
Cotton,Karnal,2026-07-14,9174.28,0.69,mandi_simulated
Cotton,Ludhiana,2026-07-14,9548.74,0.69,mandi_simulated
Cotton,Nagpur,2026-07-14,9174.28,0.69,mandi_simulated
Cotton,Ahmedabad,2026-07-14,9080.67,0.69,mandi_simulated
Cotton,Indore,2026-07-14,9174.28,0.69,mandi_simulated
Cotton,Jaipur,2026-07-14,9548.74,0.69,mandi_simulated
Cotton,Hyderabad,2026-07-14,9455.13,0.69,mandi_simulated
Cotton,Bengaluru,2026-07-14,9361.51,0.69,mandi_simulated
Cotton,Nashik,2026-07-15,8872.87,0.66,mandi_simulated
Cotton,Pune,2026-07-15,8698.89,0.66,mandi_simulated
Cotton,Karnal,2026-07-15,8524.92,0.66,mandi_simulated
Cotton,Ludhiana,2026-07-15,8872.87,0.66,mandi_simulated
Cotton,Nagpur,2026-07-15,8524.92,0.66,mandi_simulated
Cotton,Ahmedabad,2026-07-15,8437.93,0.66,mandi_simulated
Cotton,Indore,2026-07-15,8524.92,0.66,mandi_simulated
Cotton,Jaipur,2026-07-15,8872.87,0.66,mandi_simulated
Cotton,Hyderabad,2026-07-15,8785.88,0.66,mandi_simulated
Cotton,Bengaluru,2026-07-15,8698.89,0.66,mandi_simulated
Cotton,Nashik,2026-07-16,9379.83,0.63,mandi_simulated
Cotton,Pune,2026-07-16,9195.91,0.63,mandi_simulated
Cotton,Karnal,2026-07-16,9011.99,0.63,mandi_simulated
Cotton,Ludhiana,2026-07-16,9379.83,0.63,mandi_simulated
Cotton,Nagpur,2026-07-16,9011.99,0.63,mandi_simulated
Cotton,Ahmedabad,2026-07-16,8920.03,0.63,mandi_simulated
Cotton,Indore,2026-07-16,9011.99,0.63,mandi_simulated
Cotton,Jaipur,2026-07-16,9379.83,0.63,mandi_simulated
Cotton,Hyderabad,2026-07-16,9287.87,0.63,mandi_simulated
Cotton,Bengaluru,2026-07-16,9195.91,0.63,mandi_simulated
Cotton,Nashik,2026-07-17,8966.1,0.61,mandi_simulated
Cotton,Pune,2026-07-17,8790.29,0.61,mandi_simulated
Cotton,Karnal,2026-07-17,8614.49,0.61,mandi_simulated
Cotton,Ludhiana,2026-07-17,8966.1,0.61,mandi_simulated
Cotton,Nagpur,2026-07-17,8614.49,0.61,mandi_simulated
Cotton,Ahmedabad,2026-07-17,8526.59,0.61,mandi_simulated
Cotton,Indore,2026-07-17,8614.49,0.61,mandi_simulated
Cotton,Jaipur,2026-07-17,8966.1,0.61,mandi_simulated
Cotton,Hyderabad,2026-07-17,8878.2,0.61,mandi_simulated
Cotton,Bengaluru,2026-07-17,8790.29,0.61,mandi_simulated
Cotton,Nashik,2026-07-18,8978.87,0.58,mandi_simulated
Cotton,Pune,2026-07-18,8802.81,0.58,mandi_simulated
Cotton,Karnal,2026-07-18,8626.76,0.58,mandi_simulated
Cotton,Ludhiana,2026-07-18,8978.87,0.58,mandi_simulated
Cotton,Nagpur,2026-07-18,8626.76,0.58,mandi_simulated
Cotton,Ahmedabad,2026-07-18,8538.73,0.58,mandi_simulated
Cotton,Indore,2026-07-18,8626.76,0.58,mandi_simulated
Cotton,Jaipur,2026-07-18,8978.87,0.58,mandi_simulated
Cotton,Hyderabad,2026-07-18,8890.84,0.58,mandi_simulated
Cotton,Bengaluru,2026-07-18,8802.81,0.58,mandi_simulated
Cotton,Nashik,2026-07-19,8765.8,0.55,mandi_simulated
Cotton,Pune,2026-07-19,8593.92,0.55,mandi_simulated
Cotton,Karnal,2026-07-19,8422.04,0.55,mandi_simulated
Cotton,Ludhiana,2026-07-19,8765.8,0.55,mandi_simulated
Cotton,Nagpur,2026-07-19,8422.04,0.55,mandi_simulated
Cotton,Ahmedabad,2026-07-19,8336.1,0.55,mandi_simulated
Cotton,Indore,2026-07-19,8422.04,0.55,mandi_simulated
Cotton,Jaipur,2026-07-19,8765.8,0.55,mandi_simulated
Cotton,Hyderabad,2026-07-19,8679.86,0.55,mandi_simulated
Cotton,Bengaluru,2026-07-19,8593.92,0.55,mandi_simulated
Cotton,Nashik,2026-07-20,8995.17,0.58,mandi_simulated
Cotton,Pune,2026-07-20,8818.8,0.58,mandi_simulated
Cotton,Karnal,2026-07-20,8642.42,0.58,mandi_simulated
Cotton,Ludhiana,2026-07-20,8995.17,0.58,mandi_simulated
Cotton,Nagpur,2026-07-20,8642.42,0.58,mandi_simulated
Cotton,Ahmedabad,2026-07-20,8554.23,0.58,mandi_simulated
Cotton,Indore,2026-07-20,8642.42,0.58,mandi_simulated
Cotton,Jaipur,2026-07-20,8995.17,0.58,mandi_simulated
Cotton,Hyderabad,2026-07-20,8906.99,0.58,mandi_simulated
Cotton,Bengaluru,2026-07-20,8818.8,0.58,mandi_simulated
Cotton,Nashik,2026-07-21,8970.59,0.61,mandi_simulated
Cotton,Pune,2026-07-21,8794.69,0.61,mandi_simulated
Cotton,Karnal,2026-07-21,8618.8,0.61,mandi_simulated
Cotton,Ludhiana,2026-07-21,8970.59,0.61,mandi_simulated
Cotton,Nagpur,2026-07-21,8618.8,0.61,mandi_simulated
Cotton,Ahmedabad,2026-07-21,8530.85,0.61,mandi_simulated
Cotton,Indore,2026-07-21,8618.8,0.61,mandi_simulated
Cotton,Jaipur,2026-07-21,8970.59,0.61,mandi_simulated
Cotton,Hyderabad,2026-07-21,8882.64,0.61,mandi_simulated
Cotton,Bengaluru,2026-07-21,8794.69,0.61,mandi_simulated
Cotton,Nashik,2026-07-22,9081.67,0.64,mandi_simulated
Cotton,Pune,2026-07-22,8903.59,0.64,mandi_simulated
Cotton,Karnal,2026-07-22,8725.52,0.64,mandi_simulated
Cotton,Ludhiana,2026-07-22,9081.67,0.64,mandi_simulated
Cotton,Nagpur,2026-07-22,8725.52,0.64,mandi_simulated
Cotton,Ahmedabad,2026-07-22,8636.49,0.64,mandi_simulated
Cotton,Indore,2026-07-22,8725.52,0.64,mandi_simulated
Cotton,Jaipur,2026-07-22,9081.67,0.64,mandi_simulated
Cotton,Hyderabad,2026-07-22,8992.63,0.64,mandi_simulated
Cotton,Bengaluru,2026-07-22,8903.59,0.64,mandi_simulated
Cotton,Nashik,2026-07-23,8591.5,0.66,mandi_simulated
Cotton,Pune,2026-07-23,8423.04,0.66,mandi_simulated
Cotton,Karnal,2026-07-23,8254.58,0.66,mandi_simulated
Cotton,Ludhiana,2026-07-23,8591.5,0.66,mandi_simulated
Cotton,Nagpur,2026-07-23,8254.58,0.66,mandi_simulated
Cotton,Ahmedabad,2026-07-23,8170.35,0.66,mandi_simulated
Cotton,Indore,2026-07-23,8254.58,0.66,mandi_simulated
Cotton,Jaipur,2026-07-23,8591.5,0.66,mandi_simulated
Cotton,Hyderabad,2026-07-23,8507.27,0.66,mandi_simulated
Cotton,Bengaluru,2026-07-23,8423.04,0.66,mandi_simulated
Cotton,Nashik,2026-07-24,8479.63,0.69,mandi_simulated
Cotton,Pune,2026-07-24,8313.36,0.69,mandi_simulated
Cotton,Karnal,2026-07-24,8147.09,0.69,mandi_simulated
Cotton,Ludhiana,2026-07-24,8479.63,0.69,mandi_simulated
Cotton,Nagpur,2026-07-24,8147.09,0.69,mandi_simulated
Cotton,Ahmedabad,2026-07-24,8063.96,0.69,mandi_simulated
Cotton,Indore,2026-07-24,8147.09,0.69,mandi_simulated
Cotton,Jaipur,2026-07-24,8479.63,0.69,mandi_simulated
Cotton,Hyderabad,2026-07-24,8396.49,0.69,mandi_simulated
Cotton,Bengaluru,2026-07-24,8313.36,0.69,mandi_simulated
Cotton,Nashik,2026-07-25,8985.29,0.72,mandi_simulated
Cotton,Pune,2026-07-25,8809.1,0.72,mandi_simulated
Cotton,Karnal,2026-07-25,8632.92,0.72,mandi_simulated
Cotton,Ludhiana,2026-07-25,8985.29,0.72,mandi_simulated
Cotton,Nagpur,2026-07-25,8632.92,0.72,mandi_simulated
Cotton,Ahmedabad,2026-07-25,8544.83,0.72,mandi_simulated
Cotton,Indore,2026-07-25,8632.92,0.72,mandi_simulated
Cotton,Jaipur,2026-07-25,8985.29,0.72,mandi_simulated
Cotton,Hyderabad,2026-07-25,8897.2,0.72,mandi_simulated
Cotton,Bengaluru,2026-07-25,8809.1,0.72,mandi_simulated
Cotton,Nashik,2026-07-26,8761.43,0.74,mandi_simulated
Cotton,Pune,2026-07-26,8589.64,0.74,mandi_simulated
Cotton,Karnal,2026-07-26,8417.84,0.74,mandi_simulated
Cotton,Ludhiana,2026-07-26,8761.43,0.74,mandi_simulated
Cotton,Nagpur,2026-07-26,8417.84,0.74,mandi_simulated
Cotton,Ahmedabad,2026-07-26,8331.95,0.74,mandi_simulated
Cotton,Indore,2026-07-26,8417.84,0.74,mandi_simulated
Cotton,Jaipur,2026-07-26,8761.43,0.74,mandi_simulated
Cotton,Hyderabad,2026-07-26,8675.53,0.74,mandi_simulated
Cotton,Bengaluru,2026-07-26,8589.64,0.74,mandi_simulated
Cotton,Nashik,2026-07-27,8452.24,0.77,mandi_simulated
Cotton,Pune,2026-07-27,8286.51,0.77,mandi_simulated
Cotton,Karnal,2026-07-27,8120.78,0.77,mandi_simulated
Cotton,Ludhiana,2026-07-27,8452.24,0.77,mandi_simulated
Cotton,Nagpur,2026-07-27,8120.78,0.77,mandi_simulated
Cotton,Ahmedabad,2026-07-27,8037.91,0.77,mandi_simulated
Cotton,Indore,2026-07-27,8120.78,0.77,mandi_simulated
Cotton,Jaipur,2026-07-27,8452.24,0.77,mandi_simulated
Cotton,Hyderabad,2026-07-27,8369.37,0.77,mandi_simulated
Cotton,Bengaluru,2026-07-27,8286.51,0.77,mandi_simulated
Cotton,Nashik,2026-07-28,8868.79,0.79,mandi_simulated
Cotton,Pune,2026-07-28,8694.89,0.79,mandi_simulated
Cotton,Karnal,2026-07-28,8520.99,0.79,mandi_simulated
Cotton,Ludhiana,2026-07-28,8868.79,0.79,mandi_simulated
Cotton,Nagpur,2026-07-28,8520.99,0.79,mandi_simulated
Cotton,Ahmedabad,2026-07-28,8434.04,0.79,mandi_simulated
Cotton,Indore,2026-07-28,8520.99,0.79,mandi_simulated
Cotton,Jaipur,2026-07-28,8868.79,0.79,mandi_simulated
Cotton,Hyderabad,2026-07-28,8781.84,0.79,mandi_simulated
Cotton,Bengaluru,2026-07-28,8694.89,0.79,mandi_simulated
Cotton,Nashik,2026-07-29,8296.87,0.81,mandi_simulated
Cotton,Pune,2026-07-29,8134.19,0.81,mandi_simulated
Cotton,Karnal,2026-07-29,7971.5,0.81,mandi_simulated
Cotton,Ludhiana,2026-07-29,8296.87,0.81,mandi_simulated
Cotton,Nagpur,2026-07-29,7971.5,0.81,mandi_simulated
Cotton,Ahmedabad,2026-07-29,7890.16,0.81,mandi_simulated
Cotton,Indore,2026-07-29,7971.5,0.81,mandi_simulated
Cotton,Jaipur,2026-07-29,8296.87,0.81,mandi_simulated
Cotton,Hyderabad,2026-07-29,8215.53,0.81,mandi_simulated
Cotton,Bengaluru,2026-07-29,8134.19,0.81,mandi_simulated
Cotton,Nashik,2026-07-30,8471.39,0.83,mandi_simulated
Cotton,Pune,2026-07-30,8305.28,0.83,mandi_simulated
Cotton,Karnal,2026-07-30,8139.18,0.83,mandi_simulated
Cotton,Ludhiana,2026-07-30,8471.39,0.83,mandi_simulated
Cotton,Nagpur,2026-07-30,8139.18,0.83,mandi_simulated
Cotton,Ahmedabad,2026-07-30,8056.12,0.83,mandi_simulated
Cotton,Indore,2026-07-30,8139.18,0.83,mandi_simulated
Cotton,Jaipur,2026-07-30,8471.39,0.83,mandi_simulated
Cotton,Hyderabad,2026-07-30,8388.34,0.83,mandi_simulated
Cotton,Bengaluru,2026-07-30,8305.28,0.83,mandi_simulated
Cotton,Nashik,2026-07-31,8290.28,0.85,mandi_simulated
Cotton,Pune,2026-07-31,8127.72,0.85,mandi_simulated
Cotton,Karnal,2026-07-31,7965.17,0.85,mandi_simulated
Cotton,Ludhiana,2026-07-31,8290.28,0.85,mandi_simulated
Cotton,Nagpur,2026-07-31,7965.17,0.85,mandi_simulated
Cotton,Ahmedabad,2026-07-31,7883.89,0.85,mandi_simulated
Cotton,Indore,2026-07-31,7965.17,0.85,mandi_simulated
Cotton,Jaipur,2026-07-31,8290.28,0.85,mandi_simulated
Cotton,Hyderabad,2026-07-31,8209.0,0.85,mandi_simulated
Cotton,Bengaluru,2026-07-31,8127.72,0.85,mandi_simulated
Cotton,Nashik,2026-08-01,8252.91,0.87,mandi_simulated
Cotton,Pune,2026-08-01,8091.08,0.87,mandi_simulated
Cotton,Karnal,2026-08-01,7929.26,0.87,mandi_simulated
Cotton,Ludhiana,2026-08-01,8252.91,0.87,mandi_simulated
Cotton,Nagpur,2026-08-01,7929.26,0.87,mandi_simulated
Cotton,Ahmedabad,2026-08-01,7848.35,0.87,mandi_simulated
Cotton,Indore,2026-08-01,7929.26,0.87,mandi_simulated
Cotton,Jaipur,2026-08-01,8252.91,0.87,mandi_simulated
Cotton,Hyderabad,2026-08-01,8172.0,0.87,mandi_simulated
Cotton,Bengaluru,2026-08-01,8091.08,0.87,mandi_simulated
Cotton,Nashik,2026-08-02,8051.91,0.89,mandi_simulated
Cotton,Pune,2026-08-02,7894.03,0.89,mandi_simulated
Cotton,Karnal,2026-08-02,7736.15,0.89,mandi_simulated
Cotton,Ludhiana,2026-08-02,8051.91,0.89,mandi_simulated
Cotton,Nagpur,2026-08-02,7736.15,0.89,mandi_simulated
Cotton,Ahmedabad,2026-08-02,7657.21,0.89,mandi_simulated
Cotton,Indore,2026-08-02,7736.15,0.89,mandi_simulated
Cotton,Jaipur,2026-08-02,8051.91,0.89,mandi_simulated
Cotton,Hyderabad,2026-08-02,7972.97,0.89,mandi_simulated
Cotton,Bengaluru,2026-08-02,7894.03,0.89,mandi_simulated
Cotton,Nashik,2026-08-03,8549.83,0.9,mandi_simulated
Cotton,Pune,2026-08-03,8382.19,0.9,mandi_simulated
Cotton,Karnal,2026-08-03,8214.55,0.9,mandi_simulated
Cotton,Ludhiana,2026-08-03,8549.83,0.9,mandi_simulated
Cotton,Nagpur,2026-08-03,8214.55,0.9,mandi_simulated
Cotton,Ahmedabad,2026-08-03,8130.72,0.9,mandi_simulated
Cotton,Indore,2026-08-03,8214.55,0.9,mandi_simulated
Cotton,Jaipur,2026-08-03,8549.83,0.9,mandi_simulated
Cotton,Hyderabad,2026-08-03,8466.01,0.9,mandi_simulated
Cotton,Bengaluru,2026-08-03,8382.19,0.9,mandi_simulated
Cotton,Nashik,2026-08-04,8581.45,0.91,mandi_simulated
Cotton,Pune,2026-08-04,8413.18,0.91,mandi_simulated
Cotton,Karnal,2026-08-04,8244.92,0.91,mandi_simulated
Cotton,Ludhiana,2026-08-04,8581.45,0.91,mandi_simulated
Cotton,Nagpur,2026-08-04,8244.92,0.91,mandi_simulated
Cotton,Ahmedabad,2026-08-04,8160.79,0.91,mandi_simulated
Cotton,Indore,2026-08-04,8244.92,0.91,mandi_simulated
Cotton,Jaipur,2026-08-04,8581.45,0.91,mandi_simulated
Cotton,Hyderabad,2026-08-04,8497.31,0.91,mandi_simulated
Cotton,Bengaluru,2026-08-04,8413.18,0.91,mandi_simulated
Cotton,Nashik,2026-08-05,8403.18,0.93,mandi_simulated
Cotton,Pune,2026-08-05,8238.41,0.93,mandi_simulated
Cotton,Karnal,2026-08-05,8073.64,0.93,mandi_simulated
Cotton,Ludhiana,2026-08-05,8403.18,0.93,mandi_simulated
Cotton,Nagpur,2026-08-05,8073.64,0.93,mandi_simulated
Cotton,Ahmedabad,2026-08-05,7991.26,0.93,mandi_simulated
Cotton,Indore,2026-08-05,8073.64,0.93,mandi_simulated
Cotton,Jaipur,2026-08-05,8403.18,0.93,mandi_simulated
Cotton,Hyderabad,2026-08-05,8320.79,0.93,mandi_simulated
Cotton,Bengaluru,2026-08-05,8238.41,0.93,mandi_simulated
Cotton,Nashik,2026-08-06,8033.2,0.93,mandi_simulated
Cotton,Pune,2026-08-06,7875.69,0.93,mandi_simulated
Cotton,Karnal,2026-08-06,7718.18,0.93,mandi_simulated
Cotton,Ludhiana,2026-08-06,8033.2,0.93,mandi_simulated
Cotton,Nagpur,2026-08-06,7718.18,0.93,mandi_simulated
Cotton,Ahmedabad,2026-08-06,7639.42,0.93,mandi_simulated
Cotton,Indore,2026-08-06,7718.18,0.93,mandi_simulated
Cotton,Jaipur,2026-08-06,8033.2,0.93,mandi_simulated
Cotton,Hyderabad,2026-08-06,7954.45,0.93,mandi_simulated
Cotton,Bengaluru,2026-08-06,7875.69,0.93,mandi_simulated
Cotton,Nashik,2026-08-07,8197.54,0.94,mandi_simulated
Cotton,Pune,2026-08-07,8036.8,0.94,mandi_simulated
Cotton,Karnal,2026-08-07,7876.06,0.94,mandi_simulated
Cotton,Ludhiana,2026-08-07,8197.54,0.94,mandi_simulated
Cotton,Nagpur,2026-08-07,7876.06,0.94,mandi_simulated
Cotton,Ahmedabad,2026-08-07,7795.7,0.94,mandi_simulated
Cotton,Indore,2026-08-07,7876.06,0.94,mandi_simulated
Cotton,Jaipur,2026-08-07,8197.54,0.94,mandi_simulated
Cotton,Hyderabad,2026-08-07,8117.17,0.94,mandi_simulated
Cotton,Bengaluru,2026-08-07,8036.8,0.94,mandi_simulated
Cotton,Nashik,2026-08-08,8114.27,0.95,mandi_simulated
Cotton,Pune,2026-08-08,7955.17,0.95,mandi_simulated
Cotton,Karnal,2026-08-08,7796.06,0.95,mandi_simulated
Cotton,Ludhiana,2026-08-08,8114.27,0.95,mandi_simulated
Cotton,Nagpur,2026-08-08,7796.06,0.95,mandi_simulated
Cotton,Ahmedabad,2026-08-08,7716.51,0.95,mandi_simulated
Cotton,Indore,2026-08-08,7796.06,0.95,mandi_simulated
Cotton,Jaipur,2026-08-08,8114.27,0.95,mandi_simulated
Cotton,Hyderabad,2026-08-08,8034.72,0.95,mandi_simulated
Cotton,Bengaluru,2026-08-08,7955.17,0.95,mandi_simulated
Cotton,Nashik,2026-08-09,8256.26,0.95,mandi_simulated
Cotton,Pune,2026-08-09,8094.38,0.95,mandi_simulated
Cotton,Karnal,2026-08-09,7932.49,0.95,mandi_simulated
Cotton,Ludhiana,2026-08-09,8256.26,0.95,mandi_simulated
Cotton,Nagpur,2026-08-09,7932.49,0.95,mandi_simulated
Cotton,Ahmedabad,2026-08-09,7851.55,0.95,mandi_simulated
Cotton,Indore,2026-08-09,7932.49,0.95,mandi_simulated
Cotton,Jaipur,2026-08-09,8256.26,0.95,mandi_simulated
Cotton,Hyderabad,2026-08-09,8175.32,0.95,mandi_simulated
Cotton,Bengaluru,2026-08-09,8094.38,0.95,mandi_simulated
Cotton,Nashik,2026-08-10,8276.15,0.95,mandi_simulated
Cotton,Pune,2026-08-10,8113.87,0.95,mandi_simulated
Cotton,Karnal,2026-08-10,7951.59,0.95,mandi_simulated
Cotton,Ludhiana,2026-08-10,8276.15,0.95,mandi_simulated
Cotton,Nagpur,2026-08-10,7951.59,0.95,mandi_simulated
Cotton,Ahmedabad,2026-08-10,7870.45,0.95,mandi_simulated
Cotton,Indore,2026-08-10,7951.59,0.95,mandi_simulated
Cotton,Jaipur,2026-08-10,8276.15,0.95,mandi_simulated
Cotton,Hyderabad,2026-08-10,8195.01,0.95,mandi_simulated
Cotton,Bengaluru,2026-08-10,8113.87,0.95,mandi_simulated
Cotton,Nashik,2026-08-11,8125.36,0.95,mandi_simulated
Cotton,Pune,2026-08-11,7966.04,0.95,mandi_simulated
Cotton,Karnal,2026-08-11,7806.72,0.95,mandi_simulated
Cotton,Ludhiana,2026-08-11,8125.36,0.95,mandi_simulated
Cotton,Nagpur,2026-08-11,7806.72,0.95,mandi_simulated
Cotton,Ahmedabad,2026-08-11,7727.06,0.95,mandi_simulated
Cotton,Indore,2026-08-11,7806.72,0.95,mandi_simulated
Cotton,Jaipur,2026-08-11,8125.36,0.95,mandi_simulated
Cotton,Hyderabad,2026-08-11,8045.7,0.95,mandi_simulated
Cotton,Bengaluru,2026-08-11,7966.04,0.95,mandi_simulated
Cotton,Nashik,2026-08-12,8004.67,0.95,mandi_simulated
Cotton,Pune,2026-08-12,7847.72,0.95,mandi_simulated
Cotton,Karnal,2026-08-12,7690.77,0.95,mandi_simulated
Cotton,Ludhiana,2026-08-12,8004.67,0.95,mandi_simulated
Cotton,Nagpur,2026-08-12,7690.77,0.95,mandi_simulated
Cotton,Ahmedabad,2026-08-12,7612.29,0.95,mandi_simulated
Cotton,Indore,2026-08-12,7690.77,0.95,mandi_simulated
Cotton,Jaipur,2026-08-12,8004.67,0.95,mandi_simulated
Cotton,Hyderabad,2026-08-12,7926.2,0.95,mandi_simulated
Cotton,Bengaluru,2026-08-12,7847.72,0.95,mandi_simulated
Cotton,Nashik,2026-08-13,8390.05,0.94,mandi_simulated
Cotton,Pune,2026-08-13,8225.54,0.94,mandi_simulated
Cotton,Karnal,2026-08-13,8061.03,0.94,mandi_simulated
Cotton,Ludhiana,2026-08-13,8390.05,0.94,mandi_simulated
Cotton,Nagpur,2026-08-13,8061.03,0.94,mandi_simulated
Cotton,Ahmedabad,2026-08-13,7978.77,0.94,mandi_simulated
Cotton,Indore,2026-08-13,8061.03,0.94,mandi_simulated
Cotton,Jaipur,2026-08-13,8390.05,0.94,mandi_simulated
Cotton,Hyderabad,2026-08-13,8307.8,0.94,mandi_simulated
Cotton,Bengaluru,2026-08-13,8225.54,0.94,mandi_simulated
Cotton,Nashik,2026-08-14,7968.05,0.93,mandi_simulated
Cotton,Pune,2026-08-14,7811.82,0.93,mandi_simulated
Cotton,Karnal,2026-08-14,7655.58,0.93,mandi_simulated
Cotton,Ludhiana,2026-08-14,7968.05,0.93,mandi_simulated
Cotton,Nagpur,2026-08-14,7655.58,0.93,mandi_simulated
Cotton,Ahmedabad,2026-08-14,7577.46,0.93,mandi_simulated
Cotton,Indore,2026-08-14,7655.58,0.93,mandi_simulated
Cotton,Jaipur,2026-08-14,7968.05,0.93,mandi_simulated
Cotton,Hyderabad,2026-08-14,7889.93,0.93,mandi_simulated
Cotton,Bengaluru,2026-08-14,7811.82,0.93,mandi_simulated
Cotton,Nashik,2026-08-15,8092.62,0.92,mandi_simulated
Cotton,Pune,2026-08-15,7933.94,0.92,mandi_simulated
Cotton,Karnal,2026-08-15,7775.27,0.92,mandi_simulated
Cotton,Ludhiana,2026-08-15,8092.62,0.92,mandi_simulated
Cotton,Nagpur,2026-08-15,7775.27,0.92,mandi_simulated
Cotton,Ahmedabad,2026-08-15,7695.93,0.92,mandi_simulated
Cotton,Indore,2026-08-15,7775.27,0.92,mandi_simulated
Cotton,Jaipur,2026-08-15,8092.62,0.92,mandi_simulated
Cotton,Hyderabad,2026-08-15,8013.28,0.92,mandi_simulated
Cotton,Bengaluru,2026-08-15,7933.94,0.92,mandi_simulated
Cotton,Nashik,2026-08-16,8163.88,0.91,mandi_simulated
Cotton,Pune,2026-08-16,8003.81,0.91,mandi_simulated
Cotton,Karnal,2026-08-16,7843.73,0.91,mandi_simulated
Cotton,Ludhiana,2026-08-16,8163.88,0.91,mandi_simulated
Cotton,Nagpur,2026-08-16,7843.73,0.91,mandi_simulated
Cotton,Ahmedabad,2026-08-16,7763.69,0.91,mandi_simulated
Cotton,Indore,2026-08-16,7843.73,0.91,mandi_simulated
Cotton,Jaipur,2026-08-16,8163.88,0.91,mandi_simulated
Cotton,Hyderabad,2026-08-16,8083.85,0.91,mandi_simulated
Cotton,Bengaluru,2026-08-16,8003.81,0.91,mandi_simulated
Cotton,Nashik,2026-08-17,8013.09,0.9,mandi_simulated
Cotton,Pune,2026-08-17,7855.97,0.9,mandi_simulated
Cotton,Karnal,2026-08-17,7698.85,0.9,mandi_simulated
Cotton,Ludhiana,2026-08-17,8013.09,0.9,mandi_simulated
Cotton,Nagpur,2026-08-17,7698.85,0.9,mandi_simulated
Cotton,Ahmedabad,2026-08-17,7620.29,0.9,mandi_simulated
Cotton,Indore,2026-08-17,7698.85,0.9,mandi_simulated
Cotton,Jaipur,2026-08-17,8013.09,0.9,mandi_simulated
Cotton,Hyderabad,2026-08-17,7934.53,0.9,mandi_simulated
Cotton,Bengaluru,2026-08-17,7855.97,0.9,mandi_simulated
Cotton,Nashik,2026-08-18,8246.0,0.89,mandi_simulated
Cotton,Pune,2026-08-18,8084.31,0.89,mandi_simulated
Cotton,Karnal,2026-08-18,7922.63,0.89,mandi_simulated
Cotton,Ludhiana,2026-08-18,8246.0,0.89,mandi_simulated
Cotton,Nagpur,2026-08-18,7922.63,0.89,mandi_simulated
Cotton,Ahmedabad,2026-08-18,7841.78,0.89,mandi_simulated
Cotton,Indore,2026-08-18,7922.63,0.89,mandi_simulated
Cotton,Jaipur,2026-08-18,8246.0,0.89,mandi_simulated
Cotton,Hyderabad,2026-08-18,8165.16,0.89,mandi_simulated
Cotton,Bengaluru,2026-08-18,8084.31,0.89,mandi_simulated
Cotton,Nashik,2026-08-19,8264.94,0.87,mandi_simulated
Cotton,Pune,2026-08-19,8102.89,0.87,mandi_simulated
Cotton,Karnal,2026-08-19,7940.83,0.87,mandi_simulated
Cotton,Ludhiana,2026-08-19,8264.94,0.87,mandi_simulated
Cotton,Nagpur,2026-08-19,7940.83,0.87,mandi_simulated
Cotton,Ahmedabad,2026-08-19,7859.8,0.87,mandi_simulated
Cotton,Indore,2026-08-19,7940.83,0.87,mandi_simulated
Cotton,Jaipur,2026-08-19,8264.94,0.87,mandi_simulated
Cotton,Hyderabad,2026-08-19,8183.92,0.87,mandi_simulated
Cotton,Bengaluru,2026-08-19,8102.89,0.87,mandi_simulated
Cotton,Nashik,2026-08-20,8560.55,0.85,mandi_simulated
Cotton,Pune,2026-08-20,8392.7,0.85,mandi_simulated
Cotton,Karnal,2026-08-20,8224.84,0.85,mandi_simulated
Cotton,Ludhiana,2026-08-20,8560.55,0.85,mandi_simulated
Cotton,Nagpur,2026-08-20,8224.84,0.85,mandi_simulated
Cotton,Ahmedabad,2026-08-20,8140.92,0.85,mandi_simulated
Cotton,Indore,2026-08-20,8224.84,0.85,mandi_simulated
Cotton,Jaipur,2026-08-20,8560.55,0.85,mandi_simulated
Cotton,Hyderabad,2026-08-20,8476.62,0.85,mandi_simulated
Cotton,Bengaluru,2026-08-20,8392.7,0.85,mandi_simulated
Cotton,Nashik,2026-08-21,8123.89,0.83,mandi_simulated
Cotton,Pune,2026-08-21,7964.6,0.83,mandi_simulated
Cotton,Karnal,2026-08-21,7805.31,0.83,mandi_simulated
Cotton,Ludhiana,2026-08-21,8123.89,0.83,mandi_simulated
Cotton,Nagpur,2026-08-21,7805.31,0.83,mandi_simulated
Cotton,Ahmedabad,2026-08-21,7725.66,0.83,mandi_simulated
Cotton,Indore,2026-08-21,7805.31,0.83,mandi_simulated
Cotton,Jaipur,2026-08-21,8123.89,0.83,mandi_simulated
Cotton,Hyderabad,2026-08-21,8044.25,0.83,mandi_simulated
Cotton,Bengaluru,2026-08-21,7964.6,0.83,mandi_simulated
Cotton,Nashik,2026-08-22,8602.25,0.81,mandi_simulated
Cotton,Pune,2026-08-22,8433.58,0.81,mandi_simulated
Cotton,Karnal,2026-08-22,8264.91,0.81,mandi_simulated
Cotton,Ludhiana,2026-08-22,8602.25,0.81,mandi_simulated
Cotton,Nagpur,2026-08-22,8264.91,0.81,mandi_simulated
Cotton,Ahmedabad,2026-08-22,8180.57,0.81,mandi_simulated
Cotton,Indore,2026-08-22,8264.91,0.81,mandi_simulated
Cotton,Jaipur,2026-08-22,8602.25,0.81,mandi_simulated
Cotton,Hyderabad,2026-08-22,8517.91,0.81,mandi_simulated
Cotton,Bengaluru,2026-08-22,8433.58,0.81,mandi_simulated
Cotton,Nashik,2026-08-23,8419.82,0.79,mandi_simulated
Cotton,Pune,2026-08-23,8254.73,0.79,mandi_simulated
Cotton,Karnal,2026-08-23,8089.64,0.79,mandi_simulated
Cotton,Ludhiana,2026-08-23,8419.82,0.79,mandi_simulated
Cotton,Nagpur,2026-08-23,8089.64,0.79,mandi_simulated
Cotton,Ahmedabad,2026-08-23,8007.09,0.79,mandi_simulated
Cotton,Indore,2026-08-23,8089.64,0.79,mandi_simulated
Cotton,Jaipur,2026-08-23,8419.82,0.79,mandi_simulated
Cotton,Hyderabad,2026-08-23,8337.28,0.79,mandi_simulated
Cotton,Bengaluru,2026-08-23,8254.73,0.79,mandi_simulated
Cotton,Nashik,2026-08-24,8195.84,0.76,mandi_simulated
Cotton,Pune,2026-08-24,8035.14,0.76,mandi_simulated
Cotton,Karnal,2026-08-24,7874.44,0.76,mandi_simulated
Cotton,Ludhiana,2026-08-24,8195.84,0.76,mandi_simulated
Cotton,Nagpur,2026-08-24,7874.44,0.76,mandi_simulated
Cotton,Ahmedabad,2026-08-24,7794.09,0.76,mandi_simulated
Cotton,Indore,2026-08-24,7874.44,0.76,mandi_simulated
Cotton,Jaipur,2026-08-24,8195.84,0.76,mandi_simulated
Cotton,Hyderabad,2026-08-24,8115.49,0.76,mandi_simulated
Cotton,Bengaluru,2026-08-24,8035.14,0.76,mandi_simulated
Cotton,Nashik,2026-08-25,8425.05,0.74,mandi_simulated
Cotton,Pune,2026-08-25,8259.85,0.74,mandi_simulated
Cotton,Karnal,2026-08-25,8094.66,0.74,mandi_simulated
Cotton,Ludhiana,2026-08-25,8425.05,0.74,mandi_simulated
Cotton,Nagpur,2026-08-25,8094.66,0.74,mandi_simulated
Cotton,Ahmedabad,2026-08-25,8012.06,0.74,mandi_simulated
Cotton,Indore,2026-08-25,8094.66,0.74,mandi_simulated
Cotton,Jaipur,2026-08-25,8425.05,0.74,mandi_simulated
Cotton,Hyderabad,2026-08-25,8342.45,0.74,mandi_simulated
Cotton,Bengaluru,2026-08-25,8259.85,0.74,mandi_simulated
Cotton,Nashik,2026-08-26,8542.79,0.71,mandi_simulated
Cotton,Pune,2026-08-26,8375.29,0.71,mandi_simulated
Cotton,Karnal,2026-08-26,8207.78,0.71,mandi_simulated
Cotton,Ludhiana,2026-08-26,8542.79,0.71,mandi_simulated
Cotton,Nagpur,2026-08-26,8207.78,0.71,mandi_simulated
Cotton,Ahmedabad,2026-08-26,8124.03,0.71,mandi_simulated
Cotton,Indore,2026-08-26,8207.78,0.71,mandi_simulated
Cotton,Jaipur,2026-08-26,8542.79,0.71,mandi_simulated
Cotton,Hyderabad,2026-08-26,8459.04,0.71,mandi_simulated
Cotton,Bengaluru,2026-08-26,8375.29,0.71,mandi_simulated
Cotton,Nashik,2026-08-27,8622.25,0.69,mandi_simulated
Cotton,Pune,2026-08-27,8453.18,0.69,mandi_simulated
Cotton,Karnal,2026-08-27,8284.12,0.69,mandi_simulated
Cotton,Ludhiana,2026-08-27,8622.25,0.69,mandi_simulated
Cotton,Nagpur,2026-08-27,8284.12,0.69,mandi_simulated
Cotton,Ahmedabad,2026-08-27,8199.59,0.69,mandi_simulated
Cotton,Indore,2026-08-27,8284.12,0.69,mandi_simulated
Cotton,Jaipur,2026-08-27,8622.25,0.69,mandi_simulated
Cotton,Hyderabad,2026-08-27,8537.72,0.69,mandi_simulated
Cotton,Bengaluru,2026-08-27,8453.18,0.69,mandi_simulated
Cotton,Nashik,2026-08-28,8191.23,0.66,mandi_simulated
Cotton,Pune,2026-08-28,8030.62,0.66,mandi_simulated
Cotton,Karnal,2026-08-28,7870.0,0.66,mandi_simulated
Cotton,Ludhiana,2026-08-28,8191.23,0.66,mandi_simulated
Cotton,Nagpur,2026-08-28,7870.0,0.66,mandi_simulated
Cotton,Ahmedabad,2026-08-28,7789.7,0.66,mandi_simulated
Cotton,Indore,2026-08-28,7870.0,0.66,mandi_simulated
Cotton,Jaipur,2026-08-28,8191.23,0.66,mandi_simulated
Cotton,Hyderabad,2026-08-28,8110.92,0.66,mandi_simulated
Cotton,Bengaluru,2026-08-28,8030.62,0.66,mandi_simulated
Cotton,Nashik,2026-08-29,8613.42,0.63,mandi_simulated
Cotton,Pune,2026-08-29,8444.53,0.63,mandi_simulated
Cotton,Karnal,2026-08-29,8275.63,0.63,mandi_simulated
Cotton,Ludhiana,2026-08-29,8613.42,0.63,mandi_simulated
Cotton,Nagpur,2026-08-29,8275.63,0.63,mandi_simulated
Cotton,Ahmedabad,2026-08-29,8191.19,0.63,mandi_simulated
Cotton,Indore,2026-08-29,8275.63,0.63,mandi_simulated
Cotton,Jaipur,2026-08-29,8613.42,0.63,mandi_simulated
Cotton,Hyderabad,2026-08-29,8528.97,0.63,mandi_simulated
Cotton,Bengaluru,2026-08-29,8444.53,0.63,mandi_simulated
Cotton,Nashik,2026-08-30,8583.0,0.6,mandi_simulated
Cotton,Pune,2026-08-30,8414.71,0.6,mandi_simulated
Cotton,Karnal,2026-08-30,8246.41,0.6,mandi_simulated
Cotton,Ludhiana,2026-08-30,8583.0,0.6,mandi_simulated
Cotton,Nagpur,2026-08-30,8246.41,0.6,mandi_simulated
Cotton,Ahmedabad,2026-08-30,8162.27,0.6,mandi_simulated
Cotton,Indore,2026-08-30,8246.41,0.6,mandi_simulated
Cotton,Jaipur,2026-08-30,8583.0,0.6,mandi_simulated
Cotton,Hyderabad,2026-08-30,8498.85,0.6,mandi_simulated
Cotton,Bengaluru,2026-08-30,8414.71,0.6,mandi_simulated
Cotton,Nashik,2026-08-31,8910.26,0.58,mandi_simulated
Cotton,Pune,2026-08-31,8735.55,0.58,mandi_simulated
Cotton,Karnal,2026-08-31,8560.84,0.58,mandi_simulated
Cotton,Ludhiana,2026-08-31,8910.26,0.58,mandi_simulated
Cotton,Nagpur,2026-08-31,8560.84,0.58,mandi_simulated
Cotton,Ahmedabad,2026-08-31,8473.48,0.58,mandi_simulated
Cotton,Indore,2026-08-31,8560.84,0.58,mandi_simulated
Cotton,Jaipur,2026-08-31,8910.26,0.58,mandi_simulated
Cotton,Hyderabad,2026-08-31,8822.9,0.58,mandi_simulated
Cotton,Bengaluru,2026-08-31,8735.55,0.58,mandi_simulated
Cotton,Nashik,2026-09-01,8529.88,0.55,mandi_simulated
Cotton,Pune,2026-09-01,8362.63,0.55,mandi_simulated
Cotton,Karnal,2026-09-01,8195.38,0.55,mandi_simulated
Cotton,Ludhiana,2026-09-01,8529.88,0.55,mandi_simulated
Cotton,Nagpur,2026-09-01,8195.38,0.55,mandi_simulated
Cotton,Ahmedabad,2026-09-01,8111.75,0.55,mandi_simulated
Cotton,Indore,2026-09-01,8195.38,0.55,mandi_simulated
Cotton,Jaipur,2026-09-01,8529.88,0.55,mandi_simulated
Cotton,Hyderabad,2026-09-01,8446.26,0.55,mandi_simulated
Cotton,Bengaluru,2026-09-01,8362.63,0.55,mandi_simulated
Cotton,Nashik,2026-09-02,8935.04,0.58,mandi_simulated
Cotton,Pune,2026-09-02,8759.84,0.58,mandi_simulated
Cotton,Karnal,2026-09-02,8584.64,0.58,mandi_simulated
Cotton,Ludhiana,2026-09-02,8935.04,0.58,mandi_simulated
Cotton,Nagpur,2026-09-02,8584.64,0.58,mandi_simulated
Cotton,Ahmedabad,2026-09-02,8497.05,0.58,mandi_simulated
Cotton,Indore,2026-09-02,8584.64,0.58,mandi_simulated
Cotton,Jaipur,2026-09-02,8935.04,0.58,mandi_simulated
Cotton,Hyderabad,2026-09-02,8847.44,0.58,mandi_simulated
Cotton,Bengaluru,2026-09-02,8759.84,0.58,mandi_simulated
Cotton,Nashik,2026-09-03,8850.36,0.61,mandi_simulated
Cotton,Pune,2026-09-03,8676.82,0.61,mandi_simulated
Cotton,Karnal,2026-09-03,8503.29,0.61,mandi_simulated
Cotton,Ludhiana,2026-09-03,8850.36,0.61,mandi_simulated
Cotton,Nagpur,2026-09-03,8503.29,0.61,mandi_simulated
Cotton,Ahmedabad,2026-09-03,8416.52,0.61,mandi_simulated
Cotton,Indore,2026-09-03,8503.29,0.61,mandi_simulated
Cotton,Jaipur,2026-09-03,8850.36,0.61,mandi_simulated
Cotton,Hyderabad,2026-09-03,8763.59,0.61,mandi_simulated
Cotton,Bengaluru,2026-09-03,8676.82,0.61,mandi_simulated
Cotton,Nashik,2026-09-04,8720.22,0.64,mandi_simulated
Cotton,Pune,2026-09-04,8549.24,0.64,mandi_simulated
Cotton,Karnal,2026-09-04,8378.25,0.64,mandi_simulated
Cotton,Ludhiana,2026-09-04,8720.22,0.64,mandi_simulated
Cotton,Nagpur,2026-09-04,8378.25,0.64,mandi_simulated
Cotton,Ahmedabad,2026-09-04,8292.76,0.64,mandi_simulated
Cotton,Indore,2026-09-04,8378.25,0.64,mandi_simulated
Cotton,Jaipur,2026-09-04,8720.22,0.64,mandi_simulated
Cotton,Hyderabad,2026-09-04,8634.73,0.64,mandi_simulated
Cotton,Bengaluru,2026-09-04,8549.24,0.64,mandi_simulated
Cotton,Nashik,2026-09-05,8970.99,0.66,mandi_simulated
Cotton,Pune,2026-09-05,8795.09,0.66,mandi_simulated
Cotton,Karnal,2026-09-05,8619.18,0.66,mandi_simulated
Cotton,Ludhiana,2026-09-05,8970.99,0.66,mandi_simulated
Cotton,Nagpur,2026-09-05,8619.18,0.66,mandi_simulated
Cotton,Ahmedabad,2026-09-05,8531.23,0.66,mandi_simulated
Cotton,Indore,2026-09-05,8619.18,0.66,mandi_simulated
Cotton,Jaipur,2026-09-05,8970.99,0.66,mandi_simulated
Cotton,Hyderabad,2026-09-05,8883.04,0.66,mandi_simulated
Cotton,Bengaluru,2026-09-05,8795.09,0.66,mandi_simulated
Cotton,Nashik,2026-09-06,9009.82,0.69,mandi_simulated
Cotton,Pune,2026-09-06,8833.16,0.69,mandi_simulated
Cotton,Karnal,2026-09-06,8656.5,0.69,mandi_simulated
Cotton,Ludhiana,2026-09-06,9009.82,0.69,mandi_simulated
Cotton,Nagpur,2026-09-06,8656.5,0.69,mandi_simulated
Cotton,Ahmedabad,2026-09-06,8568.17,0.69,mandi_simulated
Cotton,Indore,2026-09-06,8656.5,0.69,mandi_simulated
Cotton,Jaipur,2026-09-06,9009.82,0.69,mandi_simulated
Cotton,Hyderabad,2026-09-06,8921.49,0.69,mandi_simulated
Cotton,Bengaluru,2026-09-06,8833.16,0.69,mandi_simulated
Cotton,Nashik,2026-09-07,9100.41,0.72,mandi_simulated
Cotton,Pune,2026-09-07,8921.97,0.72,mandi_simulated
Cotton,Karnal,2026-09-07,8743.53,0.72,mandi_simulated
Cotton,Ludhiana,2026-09-07,9100.41,0.72,mandi_simulated
Cotton,Nagpur,2026-09-07,8743.53,0.72,mandi_simulated
Cotton,Ahmedabad,2026-09-07,8654.31,0.72,mandi_simulated
Cotton,Indore,2026-09-07,8743.53,0.72,mandi_simulated
Cotton,Jaipur,2026-09-07,9100.41,0.72,mandi_simulated
Cotton,Hyderabad,2026-09-07,9011.19,0.72,mandi_simulated
Cotton,Bengaluru,2026-09-07,8921.97,0.72,mandi_simulated
Cotton,Nashik,2026-09-08,9181.05,0.74,mandi_simulated
Cotton,Pune,2026-09-08,9001.03,0.74,mandi_simulated
Cotton,Karnal,2026-09-08,8821.01,0.74,mandi_simulated
Cotton,Ludhiana,2026-09-08,9181.05,0.74,mandi_simulated
Cotton,Nagpur,2026-09-08,8821.01,0.74,mandi_simulated
Cotton,Ahmedabad,2026-09-08,8731.0,0.74,mandi_simulated
Cotton,Indore,2026-09-08,8821.01,0.74,mandi_simulated
Cotton,Jaipur,2026-09-08,9181.05,0.74,mandi_simulated
Cotton,Hyderabad,2026-09-08,9091.04,0.74,mandi_simulated
Cotton,Bengaluru,2026-09-08,9001.03,0.74,mandi_simulated
